schema_version,sample_id,benchmark,split,base_dataset,question_id,category,question,choices,answer_index,answer_text,answer_key_status,source_ids,primary_asset_id,asset_ids,asset_count,evidence_count,video_relpath,frame_relpath,imu_relpath,imu_relpaths,video_start_s,video_end_s,imu_start_s,imu_end_s,source_time_offset_s,query_time_s,query_time_raw,evidence_time_raw,required_modalities,local_video_available,local_imu_available,usable_for_imu_benchmark,coverage_status
2.0,egolifeqa:egolifeqa-a1-jake-1,EgoLifeQA,benchmark,EgoLife,egolifeqa-a1-jake-1,EntityLog,Who used the screwdriver first?,"[""Tasha"", ""Alice"", ""Shure"", ""Lucia""]",1,Alice,public,"[""DAY1_A1_JAKE_11210000"", ""DAY1_A1_JAKE_11150000""]",egolifeqa:asset-da87883cb0370ef5,"[""egolifeqa:asset-da87883cb0370ef5"", ""egolifeqa:asset-f60c5fd89c4fa27d""]",2,2,sensor_vqa/raw/egolife/video/A1_JAKE/DAY1/DAY1_A1_JAKE_11210000.mp4,"",sensor_vqa/raw/egolife/imu/A1_JAKE/DAY1/DAY1_A1_JAKE_11210000/DAY1_A1_JAKE_11210000_left.npz,"[""sensor_vqa/raw/egolife/imu/A1_JAKE/DAY1/DAY1_A1_JAKE_11210000/DAY1_A1_JAKE_11210000_left.npz"", ""sensor_vqa/raw/egolife/imu/A1_JAKE/DAY1/DAY1_A1_JAKE_11210000/DAY1_A1_JAKE_11210000_right.npz""]",,,,,0.0,,DAY1@11210217,"[""DAY1@11152408""]","[""imu"", ""rgb""]",true,true,true,ready
2.0,egolifeqa:egolifeqa-a1-jake-2,EgoLifeQA,benchmark,EgoLife,egolifeqa-a1-jake-2,EntityLog,Where was the black marker in Shure's hand before?,"[""In my room"", ""On the living room table"", ""On the table on the second floor"", ""In Shure's room""]",2,On the table on the second floor,public,"[""DAY1_A1_JAKE_11350000"", ""DAY1_A1_JAKE_11243000""]",egolifeqa:asset-fec07005ee705b80,"[""egolifeqa:asset-fec07005ee705b80"", ""egolifeqa:asset-566e2e463bb95fc7""]",2,2,sensor_vqa/raw/egolife/video/A1_JAKE/DAY1/DAY1_A1_JAKE_11350000.mp4,"",sensor_vqa/raw/egolife/imu/A1_JAKE/DAY1/DAY1_A1_JAKE_11350000/DAY1_A1_JAKE_11350000_left.npz,"[""sensor_vqa/raw/egolife/imu/A1_JAKE/DAY1/DAY1_A1_JAKE_11350000/DAY1_A1_JAKE_11350000_left.npz"", ""sensor_vqa/raw/egolife/imu/A1_JAKE/DAY1/DAY1_A1_JAKE_11350000/DAY1_A1_JAKE_11350000_right.npz""]",,,,,0.0,,DAY1@11350000,"[""DAY1@11244408""]","[""imu"", ""rgb""]",true,true,true,ready
2.0,egolifeqa:egolifeqa-a1-jake-3,EgoLifeQA,benchmark,EgoLife,egolifeqa-a1-jake-3,EntityLog,Where was the small clapperboard on the table placed before?,"[""In Shure's room"", ""On the living room table"", ""In my room"", ""On the table on the second floor""]",3,On the table on the second floor,public,"[""DAY1_A1_JAKE_11350000"", ""DAY1_A1_JAKE_11243000""]",egolifeqa:asset-fec07005ee705b80,"[""egolifeqa:asset-fec07005ee705b80"", ""egolifeqa:asset-566e2e463bb95fc7""]",2,2,sensor_vqa/raw/egolife/video/A1_JAKE/DAY1/DAY1_A1_JAKE_11350000.mp4,"",sensor_vqa/raw/egolife/imu/A1_JAKE/DAY1/DAY1_A1_JAKE_11350000/DAY1_A1_JAKE_11350000_left.npz,"[""sensor_vqa/raw/egolife/imu/A1_JAKE/DAY1/DAY1_A1_JAKE_11350000/DAY1_A1_JAKE_11350000_left.npz"", ""sensor_vqa/raw/egolife/imu/A1_JAKE/DAY1/DAY1_A1_JAKE_11350000/DAY1_A1_JAKE_11350000_right.npz""]",,,,,0.0,,DAY1@11351911,"[""DAY1@11244408""]","[""imu"", ""rgb""]",true,true,true,ready
2.0,egolifeqa:egolifeqa-a1-jake-4,EgoLifeQA,benchmark,EgoLife,egolifeqa-a1-jake-4,RelationMap,Who just helped Katrina put the flowers on the table,"[""Shure"", ""Tasha"", ""Me"", ""Alice""]",2,Me,public,"[""DAY1_A1_JAKE_11430000"", ""DAY1_A1_JAKE_11343000""]",egolifeqa:asset-b2d5581a15d34434,"[""egolifeqa:asset-b2d5581a15d34434"", ""egolifeqa:asset-e159aab4f7503c0e""]",2,2,sensor_vqa/raw/egolife/video/A1_JAKE/DAY1/DAY1_A1_JAKE_11430000.mp4,"",sensor_vqa/raw/egolife/imu/A1_JAKE/DAY1/DAY1_A1_JAKE_11430000/DAY1_A1_JAKE_11430000_left.npz,"[""sensor_vqa/raw/egolife/imu/A1_JAKE/DAY1/DAY1_A1_JAKE_11430000/DAY1_A1_JAKE_11430000_left.npz"", ""sensor_vqa/raw/egolife/imu/A1_JAKE/DAY1/DAY1_A1_JAKE_11430000/DAY1_A1_JAKE_11430000_right.npz""]",,,,,0.0,,DAY1@11430802,"[""DAY1@11344900""]","[""imu"", ""rgb""]",true,true,true,ready
2.0,egolifeqa:egolifeqa-a1-jake-5,EgoLifeQA,benchmark,EgoLife,egolifeqa-a1-jake-5,EventRecall,"Katrina is now suggesting dancing, what other activities has she suggested before?","[""Pressed flowers"", ""Suggested collecting leaves to make bookmarks"", ""Made food"", ""Made paper puppies""]",1,Suggested collecting leaves to make bookmarks,public,"[""DAY1_A1_JAKE_11563000"", ""DAY1_A1_JAKE_11190000""]",egolifeqa:asset-67d37a57b7d42b60,"[""egolifeqa:asset-67d37a57b7d42b60"", ""egolifeqa:asset-e19e997ef9811080""]",2,2,sensor_vqa/raw/egolife/video/A1_JAKE/DAY1/DAY1_A1_JAKE_11563000.mp4,"",sensor_vqa/raw/egolife/imu/A1_JAKE/DAY1/DAY1_A1_JAKE_11563000/DAY1_A1_JAKE_11563000_left.npz,"[""sensor_vqa/raw/egolife/imu/A1_JAKE/DAY1/DAY1_A1_JAKE_11563000/DAY1_A1_JAKE_11563000_left.npz"", ""sensor_vqa/raw/egolife/imu/A1_JAKE/DAY1/DAY1_A1_JAKE_11563000/DAY1_A1_JAKE_11563000_right.npz""]",,,,,0.0,,DAY1@11563003,"[""DAY1@11191708""]","[""imu"", ""rgb""]",true,true,true,ready
2.0,egolifeqa:egolifeqa-a1-jake-6,EgoLifeQA,benchmark,EgoLife,egolifeqa-a1-jake-6,TaskMaster,Who plans to grow flowers,"[""Alice"", ""Tasha"", ""Me"", ""Katrina""]",3,Katrina,public,"[""DAY1_A1_JAKE_11573000"", ""DAY1_A1_JAKE_11343000""]",egolifeqa:asset-aeaebabcf1b80457,"[""egolifeqa:asset-aeaebabcf1b80457"", ""egolifeqa:asset-e159aab4f7503c0e""]",2,2,sensor_vqa/raw/egolife/video/A1_JAKE/DAY1/DAY1_A1_JAKE_11573000.mp4,"",sensor_vqa/raw/egolife/imu/A1_JAKE/DAY1/DAY1_A1_JAKE_11573000/DAY1_A1_JAKE_11573000_left.npz,"[""sensor_vqa/raw/egolife/imu/A1_JAKE/DAY1/DAY1_A1_JAKE_11573000/DAY1_A1_JAKE_11573000_left.npz"", ""sensor_vqa/raw/egolife/imu/A1_JAKE/DAY1/DAY1_A1_JAKE_11573000/DAY1_A1_JAKE_11573000_right.npz""]",,,,,0.0,,DAY1@11573606,"[""DAY1@11344019""]","[""imu"", ""rgb""]",true,true,true,ready
2.0,egolifeqa:egolifeqa-a1-jake-7,EgoLifeQA,benchmark,EgoLife,egolifeqa-a1-jake-7,EntityLog,Whose phone is on the table?,"[""Alice's"", ""Shure's"", ""Mine"", ""Tasha's""]",2,Mine,public,"[""DAY1_A1_JAKE_12023000"", ""DAY1_A1_JAKE_11440000""]",egolifeqa:asset-15957338f4498167,"[""egolifeqa:asset-15957338f4498167"", ""egolifeqa:asset-aac4a96122f943d8""]",2,2,sensor_vqa/raw/egolife/video/A1_JAKE/DAY1/DAY1_A1_JAKE_12023000.mp4,"",sensor_vqa/raw/egolife/imu/A1_JAKE/DAY1/DAY1_A1_JAKE_12023000/DAY1_A1_JAKE_12023000_left.npz,"[""sensor_vqa/raw/egolife/imu/A1_JAKE/DAY1/DAY1_A1_JAKE_12023000/DAY1_A1_JAKE_12023000_left.npz"", ""sensor_vqa/raw/egolife/imu/A1_JAKE/DAY1/DAY1_A1_JAKE_12023000/DAY1_A1_JAKE_12023000_right.npz""]",,,,,0.0,,DAY1@12023508,"[""DAY1@11440808""]","[""imu"", ""rgb""]",true,true,true,ready
2.0,egolifeqa:egolifeqa-a1-jake-8,EgoLifeQA,benchmark,EgoLife,egolifeqa-a1-jake-8,TaskMaster,What might we do next?,"[""Shopping"", ""Eat watermelon"", ""Distinguish mineral water"", ""Do a puzzle""]",3,Do a puzzle,public,"[""DAY1_A1_JAKE_12100000"", ""DAY1_A1_JAKE_11460000""]",egolifeqa:asset-d80d004a9bacf284,"[""egolifeqa:asset-d80d004a9bacf284"", ""egolifeqa:asset-f51a915f10f82177""]",2,2,sensor_vqa/raw/egolife/video/A1_JAKE/DAY1/DAY1_A1_JAKE_12100000.mp4,"",sensor_vqa/raw/egolife/imu/A1_JAKE/DAY1/DAY1_A1_JAKE_12100000/DAY1_A1_JAKE_12100000_left.npz,"[""sensor_vqa/raw/egolife/imu/A1_JAKE/DAY1/DAY1_A1_JAKE_12100000/DAY1_A1_JAKE_12100000_left.npz"", ""sensor_vqa/raw/egolife/imu/A1_JAKE/DAY1/DAY1_A1_JAKE_12100000/DAY1_A1_JAKE_12100000_right.npz""]",,,,,0.0,,DAY1@12101208,"[""DAY1@11460908""]","[""imu"", ""rgb""]",true,true,true,ready
2.0,egolifeqa:egolifeqa-a1-jake-9,EgoLifeQA,benchmark,EgoLife,egolifeqa-a1-jake-9,RelationMap,Who just helped Alice unpack and arrange the flowers,"[""Shure, Me, Lucia"", ""Shure, Lucia, Tasha"", ""Me, Katrina, Shure"", ""Katrina, Lucia, Tasha""]",3,"Katrina, Lucia, Tasha",public,"[""DAY1_A1_JAKE_12113000"", ""DAY1_A1_JAKE_11363000""]",egolifeqa:asset-7a3ac7e72615d0a6,"[""egolifeqa:asset-7a3ac7e72615d0a6"", ""egolifeqa:asset-81594cd6ee594913""]",2,2,sensor_vqa/raw/egolife/video/A1_JAKE/DAY1/DAY1_A1_JAKE_12113000.mp4,"",sensor_vqa/raw/egolife/imu/A1_JAKE/DAY1/DAY1_A1_JAKE_12113000/DAY1_A1_JAKE_12113000_left.npz,"[""sensor_vqa/raw/egolife/imu/A1_JAKE/DAY1/DAY1_A1_JAKE_12113000/DAY1_A1_JAKE_12113000_left.npz"", ""sensor_vqa/raw/egolife/imu/A1_JAKE/DAY1/DAY1_A1_JAKE_12113000/DAY1_A1_JAKE_12113000_right.npz""]",,,,,0.0,,DAY1@12114204,"[""DAY1@11365518""]","[""imu"", ""rgb""]",true,true,true,ready
2.0,egolifeqa:egolifeqa-a1-jake-10,EgoLifeQA,benchmark,EgoLife,egolifeqa-a1-jake-10,EntityLog,Who was the first to write the meeting notes on the whiteboard in the meeting room?,"[""Shure"", ""Alice"", ""Katrina"", ""Me""]",0,Shure,public,"[""DAY1_A1_JAKE_12170000"", ""DAY1_A1_JAKE_11263000""]",egolifeqa:asset-3955aa36323e40a7,"[""egolifeqa:asset-3955aa36323e40a7"", ""egolifeqa:asset-3b0035d83f4f0dbf""]",2,2,sensor_vqa/raw/egolife/video/A1_JAKE/DAY1/DAY1_A1_JAKE_12170000.mp4,"",sensor_vqa/raw/egolife/imu/A1_JAKE/DAY1/DAY1_A1_JAKE_12170000/DAY1_A1_JAKE_12170000_left.npz,"[""sensor_vqa/raw/egolife/imu/A1_JAKE/DAY1/DAY1_A1_JAKE_12170000/DAY1_A1_JAKE_12170000_left.npz"", ""sensor_vqa/raw/egolife/imu/A1_JAKE/DAY1/DAY1_A1_JAKE_12170000/DAY1_A1_JAKE_12170000_right.npz""]",,,,,0.0,,DAY1@12172718,"[""DAY1@11264208""]","[""imu"", ""rgb""]",true,true,true,ready
2.0,egolifeqa:egolifeqa-a1-jake-11,EgoLifeQA,benchmark,EgoLife,egolifeqa-a1-jake-11,RelationMap,"This morning during our discussion, which two people did I remind not to let their hair cover their glasses?","[""Katrina, Alice"", ""Shure, Tasha"", ""Alice, Tasha"", ""Shure, Katrina""]",0,"Katrina, Alice",public,"[""DAY1_A1_JAKE_12283000"", ""DAY1_A1_JAKE_11153000""]",egolifeqa:asset-be4c60f3e91dca8a,"[""egolifeqa:asset-be4c60f3e91dca8a"", ""egolifeqa:asset-e448728bb549188d""]",2,2,sensor_vqa/raw/egolife/video/A1_JAKE/DAY1/DAY1_A1_JAKE_12283000.mp4,"",sensor_vqa/raw/egolife/imu/A1_JAKE/DAY1/DAY1_A1_JAKE_12283000/DAY1_A1_JAKE_12283000_left.npz,"[""sensor_vqa/raw/egolife/imu/A1_JAKE/DAY1/DAY1_A1_JAKE_12283000/DAY1_A1_JAKE_12283000_left.npz"", ""sensor_vqa/raw/egolife/imu/A1_JAKE/DAY1/DAY1_A1_JAKE_12283000/DAY1_A1_JAKE_12283000_right.npz""]",,,,,0.0,,DAY1@12285913,"[""DAY1@11153417DAY1_11181201""]","[""imu"", ""rgb""]",true,true,true,ready
2.0,egolifeqa:egolifeqa-a1-jake-12,EgoLifeQA,benchmark,EgoLife,egolifeqa-a1-jake-12,RelationMap,"When I handed out the charging cables just now, who had already started charging?","[""Katrina"", ""Tasha"", ""Alice"", ""Shure""]",3,Shure,public,"[""DAY1_A1_JAKE_12330000"", ""DAY1_A1_JAKE_11463000""]",egolifeqa:asset-fe7d2515df3e0201,"[""egolifeqa:asset-fe7d2515df3e0201"", ""egolifeqa:asset-a8f6e42d019e4fe1""]",2,2,sensor_vqa/raw/egolife/video/A1_JAKE/DAY1/DAY1_A1_JAKE_12330000.mp4,"",sensor_vqa/raw/egolife/imu/A1_JAKE/DAY1/DAY1_A1_JAKE_12330000/DAY1_A1_JAKE_12330000_left.npz,"[""sensor_vqa/raw/egolife/imu/A1_JAKE/DAY1/DAY1_A1_JAKE_12330000/DAY1_A1_JAKE_12330000_left.npz"", ""sensor_vqa/raw/egolife/imu/A1_JAKE/DAY1/DAY1_A1_JAKE_12330000/DAY1_A1_JAKE_12330000_right.npz""]",,,,,0.0,,DAY1@12331204,"[""DAY1@11464201""]","[""imu"", ""rgb""]",true,true,true,ready
2.0,egolifeqa:egolifeqa-a1-jake-13,EgoLifeQA,benchmark,EgoLife,egolifeqa-a1-jake-13,EventRecall,"Now Lucia asks, ""What is this, is this a hedgehog?"" What were we discussing the last time she asked a question?","[""Bartender"", ""Puzzle Board"", ""Cake Making"", ""Embossing""]",2,Cake Making,public,"[""DAY1_A1_JAKE_12350000"", ""DAY1_A1_JAKE_12160000""]",egolifeqa:asset-fcfa186e77be06d9,"[""egolifeqa:asset-fcfa186e77be06d9"", ""egolifeqa:asset-06ca14e69aa11276""]",2,2,sensor_vqa/raw/egolife/video/A1_JAKE/DAY1/DAY1_A1_JAKE_12350000.mp4,"",sensor_vqa/raw/egolife/imu/A1_JAKE/DAY1/DAY1_A1_JAKE_12350000/DAY1_A1_JAKE_12350000_left.npz,"[""sensor_vqa/raw/egolife/imu/A1_JAKE/DAY1/DAY1_A1_JAKE_12350000/DAY1_A1_JAKE_12350000_left.npz"", ""sensor_vqa/raw/egolife/imu/A1_JAKE/DAY1/DAY1_A1_JAKE_12350000/DAY1_A1_JAKE_12350000_right.npz""]",,,,,0.0,,DAY1@12351415,"[""DAY1@12161808""]","[""imu"", ""rgb""]",true,true,true,ready
2.0,egolifeqa:egolifeqa-a1-jake-14,EgoLifeQA,benchmark,EgoLife,egolifeqa-a1-jake-14,EventRecall,Who is missing compared to when we first started the puzzle?,"[""Katrina"", ""Tasha"", ""Alice"", ""Lucia""]",0,Katrina,public,"[""DAY1_A1_JAKE_12460000"", ""DAY1_A1_JAKE_12290000""]",egolifeqa:asset-784d6eb85645de31,"[""egolifeqa:asset-784d6eb85645de31"", ""egolifeqa:asset-07ae84ad378849e4""]",2,2,sensor_vqa/raw/egolife/video/A1_JAKE/DAY1/DAY1_A1_JAKE_12460000.mp4,"",sensor_vqa/raw/egolife/imu/A1_JAKE/DAY1/DAY1_A1_JAKE_12460000/DAY1_A1_JAKE_12460000_left.npz,"[""sensor_vqa/raw/egolife/imu/A1_JAKE/DAY1/DAY1_A1_JAKE_12460000/DAY1_A1_JAKE_12460000_left.npz"", ""sensor_vqa/raw/egolife/imu/A1_JAKE/DAY1/DAY1_A1_JAKE_12460000/DAY1_A1_JAKE_12460000_right.npz""]",,,,,0.0,,DAY1@12462716,"[""DAY1@12291509""]","[""imu"", ""rgb""]",true,true,true,ready
2.0,egolifeqa:egolifeqa-a1-jake-15,EgoLifeQA,benchmark,EgoLife,egolifeqa-a1-jake-15,RelationMap,"While puzzling, who am I guiding to use the app on the phone","[""Lucia, Shure"", ""Katrina, Alice"", ""Shure, Tasha"", ""Alice, Shure""]",1,"Katrina, Alice",public,"[""DAY1_A1_JAKE_12463000"", ""DAY1_A1_JAKE_12313000""]",egolifeqa:asset-9d6c6dd85cb95c8d,"[""egolifeqa:asset-9d6c6dd85cb95c8d"", ""egolifeqa:asset-b51ce7b5cfb5483d""]",2,2,sensor_vqa/raw/egolife/video/A1_JAKE/DAY1/DAY1_A1_JAKE_12463000.mp4,"",sensor_vqa/raw/egolife/imu/A1_JAKE/DAY1/DAY1_A1_JAKE_12463000/DAY1_A1_JAKE_12463000_left.npz,"[""sensor_vqa/raw/egolife/imu/A1_JAKE/DAY1/DAY1_A1_JAKE_12463000/DAY1_A1_JAKE_12463000_left.npz"", ""sensor_vqa/raw/egolife/imu/A1_JAKE/DAY1/DAY1_A1_JAKE_12463000/DAY1_A1_JAKE_12463000_right.npz""]",,,,,0.0,,DAY1@12464604,"[""DAY1@12315314DAY1_12320311""]","[""imu"", ""rgb""]",true,true,true,ready
2.0,egolifeqa:egolifeqa-a1-jake-16,EgoLifeQA,benchmark,EgoLife,egolifeqa-a1-jake-16,EntityLog,Who was the first to move the puzzle board on the table?,"[""Shure"", ""Alice"", ""Lucia"", ""Katrina""]",1,Alice,public,"[""DAY1_A1_JAKE_12510000"", ""DAY1_A1_JAKE_12263000""]",egolifeqa:asset-95c17fd8595f55fd,"[""egolifeqa:asset-95c17fd8595f55fd"", ""egolifeqa:asset-9fed7d058395362f""]",2,2,sensor_vqa/raw/egolife/video/A1_JAKE/DAY1/DAY1_A1_JAKE_12510000.mp4,"",sensor_vqa/raw/egolife/imu/A1_JAKE/DAY1/DAY1_A1_JAKE_12510000/DAY1_A1_JAKE_12510000_left.npz,"[""sensor_vqa/raw/egolife/imu/A1_JAKE/DAY1/DAY1_A1_JAKE_12510000/DAY1_A1_JAKE_12510000_left.npz"", ""sensor_vqa/raw/egolife/imu/A1_JAKE/DAY1/DAY1_A1_JAKE_12510000/DAY1_A1_JAKE_12510000_right.npz""]",,,,,0.0,,DAY1@12512802,"[""DAY1@12264908""]","[""imu"", ""rgb""]",true,true,true,ready
2.0,egolifeqa:egolifeqa-a1-jake-17,EgoLifeQA,benchmark,EgoLife,egolifeqa-a1-jake-17,HabitInsight,Who wrote most of the words on the whiteboard?,"[""Shure"", ""Me"", ""Lucia"", ""Katrina""]",0,Shure,public,"[""DAY1_A1_JAKE_13023000"", ""DAY1_A1_JAKE_11253000""]",egolifeqa:asset-ad867196da7c48b4,"[""egolifeqa:asset-ad867196da7c48b4"", ""egolifeqa:asset-bbae098d15fc8ed6""]",2,2,sensor_vqa/raw/egolife/video/A1_JAKE/DAY1/DAY1_A1_JAKE_13023000.mp4,"",sensor_vqa/raw/egolife/imu/A1_JAKE/DAY1/DAY1_A1_JAKE_13023000/DAY1_A1_JAKE_13023000_left.npz,"[""sensor_vqa/raw/egolife/imu/A1_JAKE/DAY1/DAY1_A1_JAKE_13023000/DAY1_A1_JAKE_13023000_left.npz"", ""sensor_vqa/raw/egolife/imu/A1_JAKE/DAY1/DAY1_A1_JAKE_13023000/DAY1_A1_JAKE_13023000_right.npz""]",,,,,0.0,,DAY1@13023208,"[""DAY1@11253500DAY1_12122213""]","[""imu"", ""rgb""]",true,true,true,ready
2.0,egolifeqa:egolifeqa-a1-jake-18,EgoLifeQA,benchmark,EgoLife,egolifeqa-a1-jake-18,RelationMap,Who joined us when Shure and I were setting up the rack?,"[""Katrina"", ""Alice"", ""Lucia"", ""Tasha""]",0,Katrina,public,"[""DAY1_A1_JAKE_13143000"", ""DAY1_A1_JAKE_12543000""]",egolifeqa:asset-14c42ce67c42bce7,"[""egolifeqa:asset-14c42ce67c42bce7"", ""egolifeqa:asset-7e0a24b4159af3cd""]",2,2,sensor_vqa/raw/egolife/video/A1_JAKE/DAY1/DAY1_A1_JAKE_13143000.mp4,"",sensor_vqa/raw/egolife/imu/A1_JAKE/DAY1/DAY1_A1_JAKE_13143000/DAY1_A1_JAKE_13143000_left.npz,"[""sensor_vqa/raw/egolife/imu/A1_JAKE/DAY1/DAY1_A1_JAKE_13143000/DAY1_A1_JAKE_13143000_left.npz"", ""sensor_vqa/raw/egolife/imu/A1_JAKE/DAY1/DAY1_A1_JAKE_13143000/DAY1_A1_JAKE_13143000_right.npz""]",,,,,0.0,,DAY1@13144919,"[""DAY1@12545413""]","[""imu"", ""rgb""]",true,true,true,ready
2.0,egolifeqa:egolifeqa-a1-jake-19,EgoLifeQA,benchmark,EgoLife,egolifeqa-a1-jake-19,HabitInsight,What do I usually do after getting close to the sports camera today?,"[""I will rotate the direction of the camera."", ""I will glance at the timer on my phone for the camera."", ""I will see if the camera can swing."", ""I will pick up the power bank charging the camera, take a look, and then put it down.""]",3,"I will pick up the power bank charging the camera, take a look, and then put it down.",public,"[""DAY1_A1_JAKE_13190000"", ""DAY1_A1_JAKE_12470000""]",egolifeqa:asset-63b65dd555a575d0,"[""egolifeqa:asset-63b65dd555a575d0"", ""egolifeqa:asset-64840bd63d0dde96""]",2,2,sensor_vqa/raw/egolife/video/A1_JAKE/DAY1/DAY1_A1_JAKE_13190000.mp4,"",sensor_vqa/raw/egolife/imu/A1_JAKE/DAY1/DAY1_A1_JAKE_13190000/DAY1_A1_JAKE_13190000_left.npz,"[""sensor_vqa/raw/egolife/imu/A1_JAKE/DAY1/DAY1_A1_JAKE_13190000/DAY1_A1_JAKE_13190000_left.npz"", ""sensor_vqa/raw/egolife/imu/A1_JAKE/DAY1/DAY1_A1_JAKE_13190000/DAY1_A1_JAKE_13190000_right.npz""]",,,,,0.0,,DAY1@13190414,"[""DAY1@12471319DAY1_12474208""]","[""imu"", ""rgb""]",true,true,true,ready
2.0,egolifeqa:egolifeqa-a1-jake-20,EgoLifeQA,benchmark,EgoLife,egolifeqa-a1-jake-20,EventRecall,We are currently discussing the details of the puzzle. When was this discussed before?,"[""About four hours ago"", ""About three hours ago"", ""About eight hours ago"", ""About an hour ago""]",3,About an hour ago,public,"[""DAY1_A1_JAKE_13220000"", ""DAY1_A1_JAKE_12283000""]",egolifeqa:asset-b9c22d76b7541f69,"[""egolifeqa:asset-b9c22d76b7541f69"", ""egolifeqa:asset-be4c60f3e91dca8a""]",2,2,sensor_vqa/raw/egolife/video/A1_JAKE/DAY1/DAY1_A1_JAKE_13220000.mp4,"",sensor_vqa/raw/egolife/imu/A1_JAKE/DAY1/DAY1_A1_JAKE_13220000/DAY1_A1_JAKE_13220000_left.npz,"[""sensor_vqa/raw/egolife/imu/A1_JAKE/DAY1/DAY1_A1_JAKE_13220000/DAY1_A1_JAKE_13220000_left.npz"", ""sensor_vqa/raw/egolife/imu/A1_JAKE/DAY1/DAY1_A1_JAKE_13220000/DAY1_A1_JAKE_13220000_right.npz""]",,,,,0.0,,DAY1@13220915,"[""DAY1@12283408""]","[""imu"", ""rgb""]",true,true,true,ready
2.0,egolifeqa:egolifeqa-a1-jake-21,EgoLifeQA,benchmark,EgoLife,egolifeqa-a1-jake-21,HabitInsight,Who always sits on that pony hair this morning,"[""Me"", ""Alice"", ""Lucia"", ""Shure""]",0,Me,public,"[""DAY1_A1_JAKE_13263000"", ""DAY1_A1_JAKE_11190000""]",egolifeqa:asset-9cfd311f4016ff3c,"[""egolifeqa:asset-9cfd311f4016ff3c"", ""egolifeqa:asset-e19e997ef9811080""]",2,2,sensor_vqa/raw/egolife/video/A1_JAKE/DAY1/DAY1_A1_JAKE_13263000.mp4,"",sensor_vqa/raw/egolife/imu/A1_JAKE/DAY1/DAY1_A1_JAKE_13263000/DAY1_A1_JAKE_13263000_left.npz,"[""sensor_vqa/raw/egolife/imu/A1_JAKE/DAY1/DAY1_A1_JAKE_13263000/DAY1_A1_JAKE_13263000_left.npz"", ""sensor_vqa/raw/egolife/imu/A1_JAKE/DAY1/DAY1_A1_JAKE_13263000/DAY1_A1_JAKE_13263000_right.npz""]",,,,,0.0,,DAY1@13264205,"[""DAY1@11191805DAY1_11425000""]","[""imu"", ""rgb""]",true,true,true,ready
2.0,egolifeqa:egolifeqa-a1-jake-22,EgoLifeQA,benchmark,EgoLife,egolifeqa-a1-jake-22,RelationMap,Who did I just move the whiteboard to the wall with?,"[""Katrina"", ""Alice"", ""Lucia"", ""Shure""]",3,Shure,public,"[""DAY1_A1_JAKE_13293000"", ""DAY1_A1_JAKE_13163000""]",egolifeqa:asset-ae7c930524ad2bd6,"[""egolifeqa:asset-ae7c930524ad2bd6"", ""egolifeqa:asset-bacc4dc9d974fb0b""]",2,2,sensor_vqa/raw/egolife/video/A1_JAKE/DAY1/DAY1_A1_JAKE_13293000.mp4,"",sensor_vqa/raw/egolife/imu/A1_JAKE/DAY1/DAY1_A1_JAKE_13293000/DAY1_A1_JAKE_13293000_left.npz,"[""sensor_vqa/raw/egolife/imu/A1_JAKE/DAY1/DAY1_A1_JAKE_13293000/DAY1_A1_JAKE_13293000_left.npz"", ""sensor_vqa/raw/egolife/imu/A1_JAKE/DAY1/DAY1_A1_JAKE_13293000/DAY1_A1_JAKE_13293000_right.npz""]",,,,,0.0,,DAY1@13293815,"[""DAY1@13163014""]","[""imu"", ""rgb""]",true,true,true,ready
2.0,egolifeqa:egolifeqa-a1-jake-23,EgoLifeQA,benchmark,EgoLife,egolifeqa-a1-jake-23,EntityLog,Who took out the tools on the table?,"[""Alice"", ""Tasha"", ""Lucia"", ""Katrina""]",1,Tasha,public,"[""DAY1_A1_JAKE_13370000"", ""DAY1_A1_JAKE_13253000""]",egolifeqa:asset-289a04e609ee3fb7,"[""egolifeqa:asset-289a04e609ee3fb7"", ""egolifeqa:asset-0408b7b5c72411f2""]",2,2,sensor_vqa/raw/egolife/video/A1_JAKE/DAY1/DAY1_A1_JAKE_13370000.mp4,"",sensor_vqa/raw/egolife/imu/A1_JAKE/DAY1/DAY1_A1_JAKE_13370000/DAY1_A1_JAKE_13370000_left.npz,"[""sensor_vqa/raw/egolife/imu/A1_JAKE/DAY1/DAY1_A1_JAKE_13370000/DAY1_A1_JAKE_13370000_left.npz"", ""sensor_vqa/raw/egolife/imu/A1_JAKE/DAY1/DAY1_A1_JAKE_13370000/DAY1_A1_JAKE_13370000_right.npz""]",,,,,0.0,,DAY1@13371202,"[""DAY1@13253708""]","[""imu"", ""rgb""]",true,true,true,ready
2.0,egolifeqa:egolifeqa-a1-jake-24,EgoLifeQA,benchmark,EgoLife,egolifeqa-a1-jake-24,TaskMaster,What are the lunch options?,"[""Beijing-style Braised Pork"", ""Pizza"", ""Dumplings"", ""Noodles""]",0,Beijing-style Braised Pork,public,"[""DAY1_A1_JAKE_13420000"", ""DAY1_A1_JAKE_13363000""]",egolifeqa:asset-b7a084f5ea658f9f,"[""egolifeqa:asset-b7a084f5ea658f9f"", ""egolifeqa:asset-543119bf1729b41a""]",2,2,sensor_vqa/raw/egolife/video/A1_JAKE/DAY1/DAY1_A1_JAKE_13420000.mp4,"",sensor_vqa/raw/egolife/imu/A1_JAKE/DAY1/DAY1_A1_JAKE_13420000/DAY1_A1_JAKE_13420000_left.npz,"[""sensor_vqa/raw/egolife/imu/A1_JAKE/DAY1/DAY1_A1_JAKE_13420000/DAY1_A1_JAKE_13420000_left.npz"", ""sensor_vqa/raw/egolife/imu/A1_JAKE/DAY1/DAY1_A1_JAKE_13420000/DAY1_A1_JAKE_13420000_right.npz""]",,,,,0.0,,DAY1@13420408,"[""DAY1@13363208""]","[""imu"", ""rgb""]",true,true,true,ready
2.0,egolifeqa:egolifeqa-a1-jake-25,EgoLifeQA,benchmark,EgoLife,egolifeqa-a1-jake-25,EntityLog,Who originally used the scissors in my hand?,"[""Alice"", ""Tasha"", ""Katrina"", ""Shure""]",3,Shure,public,"[""DAY1_A1_JAKE_13493000"", ""DAY1_A1_JAKE_12513000""]",egolifeqa:asset-79bb4c6220b6d7a0,"[""egolifeqa:asset-79bb4c6220b6d7a0"", ""egolifeqa:asset-3b8926fde9d61700""]",2,2,sensor_vqa/raw/egolife/video/A1_JAKE/DAY1/DAY1_A1_JAKE_13493000.mp4,"",sensor_vqa/raw/egolife/imu/A1_JAKE/DAY1/DAY1_A1_JAKE_13493000/DAY1_A1_JAKE_13493000_left.npz,"[""sensor_vqa/raw/egolife/imu/A1_JAKE/DAY1/DAY1_A1_JAKE_13493000/DAY1_A1_JAKE_13493000_left.npz"", ""sensor_vqa/raw/egolife/imu/A1_JAKE/DAY1/DAY1_A1_JAKE_13493000/DAY1_A1_JAKE_13493000_right.npz""]",,,,,0.0,,DAY1@13495310,"[""DAY1@12513508""]","[""imu"", ""rgb""]",true,true,true,ready
2.0,egolifeqa:egolifeqa-a1-jake-26,EgoLifeQA,benchmark,EgoLife,egolifeqa-a1-jake-26,EventRecall,Who has been assembling the shelf,"[""Alice, Shure"", ""Alice, Tasha"", ""Katrina, Shure"", ""Tasha, Katrina""]",2,"Katrina, Shure",public,"[""DAY1_A1_JAKE_13540000"", ""DAY1_A1_JAKE_13043000""]",egolifeqa:asset-7501e1de74933752,"[""egolifeqa:asset-7501e1de74933752"", ""egolifeqa:asset-3f71740199463bae""]",2,2,sensor_vqa/raw/egolife/video/A1_JAKE/DAY1/DAY1_A1_JAKE_13540000.mp4,"",sensor_vqa/raw/egolife/imu/A1_JAKE/DAY1/DAY1_A1_JAKE_13540000/DAY1_A1_JAKE_13540000_left.npz,"[""sensor_vqa/raw/egolife/imu/A1_JAKE/DAY1/DAY1_A1_JAKE_13540000/DAY1_A1_JAKE_13540000_left.npz"", ""sensor_vqa/raw/egolife/imu/A1_JAKE/DAY1/DAY1_A1_JAKE_13540000/DAY1_A1_JAKE_13540000_right.npz""]",,,,,0.0,,DAY1@13541007,"[""DAY1@13043609""]","[""imu"", ""rgb""]",true,true,true,ready
2.0,egolifeqa:egolifeqa-a1-jake-27,EgoLifeQA,benchmark,EgoLife,egolifeqa-a1-jake-27,EntityLog,"I put the pot aside, what was in the pot before?","[""egg"", ""Whisk"", ""puzzle"", ""Bowl""]",1,Whisk,public,"[""DAY1_A1_JAKE_13543000"", ""DAY1_A1_JAKE_13470000""]",egolifeqa:asset-0cadf9c97755db33,"[""egolifeqa:asset-0cadf9c97755db33"", ""egolifeqa:asset-0b9b724e290b7363""]",2,2,sensor_vqa/raw/egolife/video/A1_JAKE/DAY1/DAY1_A1_JAKE_13543000.mp4,"",sensor_vqa/raw/egolife/imu/A1_JAKE/DAY1/DAY1_A1_JAKE_13543000/DAY1_A1_JAKE_13543000_left.npz,"[""sensor_vqa/raw/egolife/imu/A1_JAKE/DAY1/DAY1_A1_JAKE_13543000/DAY1_A1_JAKE_13543000_left.npz"", ""sensor_vqa/raw/egolife/imu/A1_JAKE/DAY1/DAY1_A1_JAKE_13543000/DAY1_A1_JAKE_13543000_right.npz""]",,,,,0.0,,DAY1@13545803,"[""DAY1@13471317""]","[""imu"", ""rgb""]",true,true,true,ready
2.0,egolifeqa:egolifeqa-a1-jake-28,EgoLifeQA,benchmark,EgoLife,egolifeqa-a1-jake-28,HabitInsight,Who am I always busy with in the kitchen today,"[""Alice"", ""Lucia"", ""Tasha"", ""Shure""]",2,Tasha,public,"[""DAY1_A1_JAKE_13573000"", ""DAY1_A1_JAKE_13393000"", ""DAY1_A1_JAKE_13510000""]",egolifeqa:asset-3a8e927d3ba087c3,"[""egolifeqa:asset-3a8e927d3ba087c3"", ""egolifeqa:asset-89c95e361b6ecaea"", ""egolifeqa:asset-7815f943e6e47256""]",3,3,sensor_vqa/raw/egolife/video/A1_JAKE/DAY1/DAY1_A1_JAKE_13573000.mp4,"",sensor_vqa/raw/egolife/imu/A1_JAKE/DAY1/DAY1_A1_JAKE_13573000/DAY1_A1_JAKE_13573000_left.npz,"[""sensor_vqa/raw/egolife/imu/A1_JAKE/DAY1/DAY1_A1_JAKE_13573000/DAY1_A1_JAKE_13573000_left.npz"", ""sensor_vqa/raw/egolife/imu/A1_JAKE/DAY1/DAY1_A1_JAKE_13573000/DAY1_A1_JAKE_13573000_right.npz""]",,,,,0.0,,DAY1@13575015,"[""DAY1@13394908"", ""DAY1@13512718""]","[""imu"", ""rgb""]",true,true,true,ready
2.0,egolifeqa:egolifeqa-a1-jake-29,EgoLifeQA,benchmark,EgoLife,egolifeqa-a1-jake-29,HabitInsight,What does Tasha not like to eat?,"[""Chicken wrap"", ""Barbecue"", ""Hamburger"", ""Dessert""]",2,Hamburger,public,"[""DAY1_A1_JAKE_14033000"", ""DAY1_A1_JAKE_13390000""]",egolifeqa:asset-11fa76931e5d3044,"[""egolifeqa:asset-11fa76931e5d3044"", ""egolifeqa:asset-33c74547a192de0c""]",2,2,sensor_vqa/raw/egolife/video/A1_JAKE/DAY1/DAY1_A1_JAKE_14033000.mp4,"",sensor_vqa/raw/egolife/imu/A1_JAKE/DAY1/DAY1_A1_JAKE_14033000/DAY1_A1_JAKE_14033000_left.npz,"[""sensor_vqa/raw/egolife/imu/A1_JAKE/DAY1/DAY1_A1_JAKE_14033000/DAY1_A1_JAKE_14033000_left.npz"", ""sensor_vqa/raw/egolife/imu/A1_JAKE/DAY1/DAY1_A1_JAKE_14033000/DAY1_A1_JAKE_14033000_right.npz""]",,,,,0.0,,DAY1@14033816,"[""DAY1@13391604""]","[""imu"", ""rgb""]",true,true,true,ready
2.0,egolifeqa:egolifeqa-a1-jake-30,EgoLifeQA,benchmark,EgoLife,egolifeqa-a1-jake-30,RelationMap,Who was I mostly busy with in the kitchen today,"[""Katrina"", ""Lucia"", ""Tasha"", ""Alice""]",2,Tasha,public,"[""DAY1_A1_JAKE_14040000"", ""DAY1_A1_JAKE_13393000"", ""DAY1_A1_JAKE_13510000""]",egolifeqa:asset-a166dfa350709f8c,"[""egolifeqa:asset-a166dfa350709f8c"", ""egolifeqa:asset-89c95e361b6ecaea"", ""egolifeqa:asset-7815f943e6e47256""]",3,3,sensor_vqa/raw/egolife/video/A1_JAKE/DAY1/DAY1_A1_JAKE_14040000.mp4,"",sensor_vqa/raw/egolife/imu/A1_JAKE/DAY1/DAY1_A1_JAKE_14040000/DAY1_A1_JAKE_14040000_left.npz,"[""sensor_vqa/raw/egolife/imu/A1_JAKE/DAY1/DAY1_A1_JAKE_14040000/DAY1_A1_JAKE_14040000_left.npz"", ""sensor_vqa/raw/egolife/imu/A1_JAKE/DAY1/DAY1_A1_JAKE_14040000/DAY1_A1_JAKE_14040000_right.npz""]",,,,,0.0,,DAY1@14041000,"[""DAY1@13394908"", ""DAY1@13512717""]","[""imu"", ""rgb""]",true,true,true,ready
2.0,egolifeqa:egolifeqa-a1-jake-31,EgoLifeQA,benchmark,EgoLife,egolifeqa-a1-jake-31,EntityLog,Who used the black signature pen last time?,"[""Tasha"", ""Me"", ""Katrina"", ""Shure""]",2,Katrina,public,"[""DAY1_A1_JAKE_14063000"", ""DAY1_A1_JAKE_13453000""]",egolifeqa:asset-9e1097421fbbaa0b,"[""egolifeqa:asset-9e1097421fbbaa0b"", ""egolifeqa:asset-63a902963958011a""]",2,2,sensor_vqa/raw/egolife/video/A1_JAKE/DAY1/DAY1_A1_JAKE_14063000.mp4,"",sensor_vqa/raw/egolife/imu/A1_JAKE/DAY1/DAY1_A1_JAKE_14063000/DAY1_A1_JAKE_14063000_left.npz,"[""sensor_vqa/raw/egolife/imu/A1_JAKE/DAY1/DAY1_A1_JAKE_14063000/DAY1_A1_JAKE_14063000_left.npz"", ""sensor_vqa/raw/egolife/imu/A1_JAKE/DAY1/DAY1_A1_JAKE_14063000/DAY1_A1_JAKE_14063000_right.npz""]",,,,,0.0,,DAY1@14065514,"[""DAY1@13455208""]","[""imu"", ""rgb""]",true,true,true,ready
2.0,egolifeqa:egolifeqa-a1-jake-32,EgoLifeQA,benchmark,EgoLife,egolifeqa-a1-jake-32,TaskMaster,What are we planning to eat for lunch?,"[""Dicos"", ""McDonald's"", ""Wallace"", ""KFC""]",3,KFC,public,"[""DAY1_A1_JAKE_14083000"", ""DAY1_A1_JAKE_13373000""]",egolifeqa:asset-88fb455d039428dc,"[""egolifeqa:asset-88fb455d039428dc"", ""egolifeqa:asset-5a82183b1797380a""]",2,2,sensor_vqa/raw/egolife/video/A1_JAKE/DAY1/DAY1_A1_JAKE_14083000.mp4,"",sensor_vqa/raw/egolife/imu/A1_JAKE/DAY1/DAY1_A1_JAKE_14083000/DAY1_A1_JAKE_14083000_left.npz,"[""sensor_vqa/raw/egolife/imu/A1_JAKE/DAY1/DAY1_A1_JAKE_14083000/DAY1_A1_JAKE_14083000_left.npz"", ""sensor_vqa/raw/egolife/imu/A1_JAKE/DAY1/DAY1_A1_JAKE_14083000/DAY1_A1_JAKE_14083000_right.npz""]",,,,,0.0,,DAY1@14085119,"[""DAY1@13373000""]","[""imu"", ""rgb""]",true,true,true,ready
2.0,egolifeqa:egolifeqa-a1-jake-33,EgoLifeQA,benchmark,EgoLife,egolifeqa-a1-jake-33,EntityLog,What app did I order the takeout in my hand?,"[""Meituan"", ""Ele.me"", ""JD.com"", ""Taobao""]",0,Meituan,public,"[""DAY1_A1_JAKE_14153000"", ""DAY1_A1_JAKE_13353000""]",egolifeqa:asset-b3ec0319f257db26,"[""egolifeqa:asset-b3ec0319f257db26"", ""egolifeqa:asset-7a847480b35ab0a2""]",2,2,sensor_vqa/raw/egolife/video/A1_JAKE/DAY1/DAY1_A1_JAKE_14153000.mp4,"",sensor_vqa/raw/egolife/imu/A1_JAKE/DAY1/DAY1_A1_JAKE_14153000/DAY1_A1_JAKE_14153000_left.npz,"[""sensor_vqa/raw/egolife/imu/A1_JAKE/DAY1/DAY1_A1_JAKE_14153000/DAY1_A1_JAKE_14153000_left.npz"", ""sensor_vqa/raw/egolife/imu/A1_JAKE/DAY1/DAY1_A1_JAKE_14153000/DAY1_A1_JAKE_14153000_right.npz""]",,,,,0.0,,DAY1@14153002,"[""DAY1@13355400""]","[""imu"", ""rgb""]",true,true,true,ready
2.0,egolifeqa:egolifeqa-a1-jake-34,EgoLifeQA,benchmark,EgoLife,egolifeqa-a1-jake-34,TaskMaster,What do we decide to eat for lunch?,"[""KFC"", ""Hotpot"", ""Spicy Soup"", ""Beef""]",0,KFC,public,"[""DAY1_A1_JAKE_14183000"", ""DAY1_A1_JAKE_13370000""]",egolifeqa:asset-9c8efcb530642f4c,"[""egolifeqa:asset-9c8efcb530642f4c"", ""egolifeqa:asset-289a04e609ee3fb7""]",2,2,sensor_vqa/raw/egolife/video/A1_JAKE/DAY1/DAY1_A1_JAKE_14183000.mp4,"",sensor_vqa/raw/egolife/imu/A1_JAKE/DAY1/DAY1_A1_JAKE_14183000/DAY1_A1_JAKE_14183000_left.npz,"[""sensor_vqa/raw/egolife/imu/A1_JAKE/DAY1/DAY1_A1_JAKE_14183000/DAY1_A1_JAKE_14183000_left.npz"", ""sensor_vqa/raw/egolife/imu/A1_JAKE/DAY1/DAY1_A1_JAKE_14183000/DAY1_A1_JAKE_14183000_right.npz""]",,,,,0.0,,DAY1@15473415,"[""DAY1@13372812""]","[""imu"", ""rgb""]",true,true,true,ready
2.0,egolifeqa:egolifeqa-a1-jake-35,EgoLifeQA,benchmark,EgoLife,egolifeqa-a1-jake-35,EntityLog,Who mentioned something related to durian before?,"[""Katrina"", ""Lucia"", ""Me"", ""Shure""]",1,Lucia,public,"[""DAY1_A1_JAKE_17200000"", ""DAY1_A1_JAKE_13443000""]",egolifeqa:asset-45be7a384fe9e29d,"[""egolifeqa:asset-45be7a384fe9e29d"", ""egolifeqa:asset-03c24493a8021d3a""]",2,2,sensor_vqa/raw/egolife/video/A1_JAKE/DAY1/DAY1_A1_JAKE_17200000.mp4,"",sensor_vqa/raw/egolife/imu/A1_JAKE/DAY1/DAY1_A1_JAKE_17200000/DAY1_A1_JAKE_17200000_left.npz,"[""sensor_vqa/raw/egolife/imu/A1_JAKE/DAY1/DAY1_A1_JAKE_17200000/DAY1_A1_JAKE_17200000_left.npz"", ""sensor_vqa/raw/egolife/imu/A1_JAKE/DAY1/DAY1_A1_JAKE_17200000/DAY1_A1_JAKE_17200000_right.npz""]",,,,,0.0,,DAY1@17200119,"[""DAY1@13445510""]","[""imu"", ""rgb""]",true,true,true,ready
2.0,egolifeqa:egolifeqa-a1-jake-36,EgoLifeQA,benchmark,EgoLife,egolifeqa-a1-jake-36,TaskMaster,What other drinks are needed to mix with rum?,"[""Huiyuan Peach Juice, Sprite"", ""Genki Forest, Fanta"", ""Vita, Iced Tea"", ""Yakult, Coconut Milk""]",3,"Yakult, Coconut Milk",public,"[""DAY1_A1_JAKE_17210000"", ""DAY1_A1_JAKE_14063000""]",egolifeqa:asset-60a3a54254bcbf4c,"[""egolifeqa:asset-60a3a54254bcbf4c"", ""egolifeqa:asset-9e1097421fbbaa0b""]",2,2,sensor_vqa/raw/egolife/video/A1_JAKE/DAY1/DAY1_A1_JAKE_17210000.mp4,"",sensor_vqa/raw/egolife/imu/A1_JAKE/DAY1/DAY1_A1_JAKE_17210000/DAY1_A1_JAKE_17210000_left.npz,"[""sensor_vqa/raw/egolife/imu/A1_JAKE/DAY1/DAY1_A1_JAKE_17210000/DAY1_A1_JAKE_17210000_left.npz"", ""sensor_vqa/raw/egolife/imu/A1_JAKE/DAY1/DAY1_A1_JAKE_17210000/DAY1_A1_JAKE_17210000_right.npz""]",,,,,0.0,,DAY1@17210410,"[""DAY1@14065608""]","[""imu"", ""rgb""]",true,true,true,ready
2.0,egolifeqa:egolifeqa-a1-jake-37,EgoLifeQA,benchmark,EgoLife,egolifeqa-a1-jake-37,HabitInsight,What does Shure especially love to drink,"[""Coffee"", ""Milk"", ""Cola"", ""Juice""]",0,Coffee,public,"[""DAY1_A1_JAKE_17273000"", ""DAY1_A1_JAKE_13490000""]",egolifeqa:asset-bf0557f31f33e382,"[""egolifeqa:asset-bf0557f31f33e382"", ""egolifeqa:asset-ec0b24d8c14a2675""]",2,2,sensor_vqa/raw/egolife/video/A1_JAKE/DAY1/DAY1_A1_JAKE_17273000.mp4,"",sensor_vqa/raw/egolife/imu/A1_JAKE/DAY1/DAY1_A1_JAKE_17273000/DAY1_A1_JAKE_17273000_left.npz,"[""sensor_vqa/raw/egolife/imu/A1_JAKE/DAY1/DAY1_A1_JAKE_17273000/DAY1_A1_JAKE_17273000_left.npz"", ""sensor_vqa/raw/egolife/imu/A1_JAKE/DAY1/DAY1_A1_JAKE_17273000/DAY1_A1_JAKE_17273000_right.npz""]",,,,,0.0,,DAY1@17274005,"[""DAY1@13490700""]","[""imu"", ""rgb""]",true,true,true,ready
2.0,egolifeqa:egolifeqa-a1-jake-38,EgoLifeQA,benchmark,EgoLife,egolifeqa-a1-jake-38,TaskMaster,"What do Shure, Katrina, and Lucia mainly purchase","[""Decorations"", ""Fruits"", ""Ingredients"", ""Alcohol""]",3,Alcohol,public,"[""DAY1_A1_JAKE_17290000"", ""DAY1_A1_JAKE_17210000""]",egolifeqa:asset-bbd3a309c26a9216,"[""egolifeqa:asset-bbd3a309c26a9216"", ""egolifeqa:asset-60a3a54254bcbf4c""]",2,2,sensor_vqa/raw/egolife/video/A1_JAKE/DAY1/DAY1_A1_JAKE_17290000.mp4,"",sensor_vqa/raw/egolife/imu/A1_JAKE/DAY1/DAY1_A1_JAKE_17290000/DAY1_A1_JAKE_17290000_left.npz,"[""sensor_vqa/raw/egolife/imu/A1_JAKE/DAY1/DAY1_A1_JAKE_17290000/DAY1_A1_JAKE_17290000_left.npz"", ""sensor_vqa/raw/egolife/imu/A1_JAKE/DAY1/DAY1_A1_JAKE_17290000/DAY1_A1_JAKE_17290000_right.npz""]",,,,,0.0,,DAY1@17290415,"[""DAY1@17210412""]","[""imu"", ""rgb""]",true,true,true,ready
2.0,egolifeqa:egolifeqa-a1-jake-39,EgoLifeQA,benchmark,EgoLife,egolifeqa-a1-jake-39,EntityLog,Who was the first to mention the century eggs we need to buy?,"[""Tasha"", ""Shure"", ""Katrina"", ""Alice""]",3,Alice,public,"[""DAY1_A1_JAKE_17323000"", ""DAY1_A1_JAKE_14000000""]",egolifeqa:asset-b426da3c82323900,"[""egolifeqa:asset-b426da3c82323900"", ""egolifeqa:asset-7fb4a1fb564d0006""]",2,2,sensor_vqa/raw/egolife/video/A1_JAKE/DAY1/DAY1_A1_JAKE_17323000.mp4,"",sensor_vqa/raw/egolife/imu/A1_JAKE/DAY1/DAY1_A1_JAKE_17323000/DAY1_A1_JAKE_17323000_left.npz,"[""sensor_vqa/raw/egolife/imu/A1_JAKE/DAY1/DAY1_A1_JAKE_17323000/DAY1_A1_JAKE_17323000_left.npz"", ""sensor_vqa/raw/egolife/imu/A1_JAKE/DAY1/DAY1_A1_JAKE_17323000/DAY1_A1_JAKE_17323000_right.npz""]",,,,,0.0,,DAY1@17324907,"[""DAY1@14002708""]","[""imu"", ""rgb""]",true,true,true,ready
2.0,egolifeqa:egolifeqa-a1-jake-40,EgoLifeQA,benchmark,EgoLife,egolifeqa-a1-jake-40,EventRecall,"Shure mentioned Tiramisu, when was the last time we discussed making Tiramisu?","[""About 4 hours ago"", ""About 6 hours ago"", ""About 5 hours ago"", ""About 7 hours ago""]",2,About 5 hours ago,public,"[""DAY1_A1_JAKE_17333000"", ""DAY1_A1_JAKE_12153000""]",egolifeqa:asset-1ff56300701e500d,"[""egolifeqa:asset-1ff56300701e500d"", ""egolifeqa:asset-3e453bb198f56ab6""]",2,2,sensor_vqa/raw/egolife/video/A1_JAKE/DAY1/DAY1_A1_JAKE_17333000.mp4,"",sensor_vqa/raw/egolife/imu/A1_JAKE/DAY1/DAY1_A1_JAKE_17333000/DAY1_A1_JAKE_17333000_left.npz,"[""sensor_vqa/raw/egolife/imu/A1_JAKE/DAY1/DAY1_A1_JAKE_17333000/DAY1_A1_JAKE_17333000_left.npz"", ""sensor_vqa/raw/egolife/imu/A1_JAKE/DAY1/DAY1_A1_JAKE_17333000/DAY1_A1_JAKE_17333000_right.npz""]",,,,,0.0,,DAY1@17334205,"[""DAY1@12153508""]","[""imu"", ""rgb""]",true,true,true,ready
2.0,egolifeqa:egolifeqa-a1-jake-41,EgoLifeQA,benchmark,EgoLife,egolifeqa-a1-jake-41,EventRecall,When did we first mention having hot pot?,"[""About three hours ago"", ""About four hours ago"", ""About two hours ago"", ""About an hour ago""]",1,About four hours ago,public,"[""DAY1_A1_JAKE_17393000"", ""DAY1_A1_JAKE_13593000""]",egolifeqa:asset-0df9e229cbe9f521,"[""egolifeqa:asset-0df9e229cbe9f521"", ""egolifeqa:asset-7a5ddc04d145d048""]",2,2,sensor_vqa/raw/egolife/video/A1_JAKE/DAY1/DAY1_A1_JAKE_17393000.mp4,"",sensor_vqa/raw/egolife/imu/A1_JAKE/DAY1/DAY1_A1_JAKE_17393000/DAY1_A1_JAKE_17393000_left.npz,"[""sensor_vqa/raw/egolife/imu/A1_JAKE/DAY1/DAY1_A1_JAKE_17393000/DAY1_A1_JAKE_17393000_left.npz"", ""sensor_vqa/raw/egolife/imu/A1_JAKE/DAY1/DAY1_A1_JAKE_17393000/DAY1_A1_JAKE_17393000_right.npz""]",,,,,0.0,,DAY1@17395003,"[""DAY1@13593908""]","[""imu"", ""rgb""]",true,true,true,ready
2.0,egolifeqa:egolifeqa-a1-jake-42,EgoLifeQA,benchmark,EgoLife,egolifeqa-a1-jake-42,TaskMaster,What drinks are you planning to buy?,"[""Sprite"", ""Coke"", ""Fanta"", ""Mineral Water""]",1,Coke,public,"[""DAY1_A1_JAKE_17463000"", ""DAY1_A1_JAKE_13283000""]",egolifeqa:asset-7fdad67ab50e4b2e,"[""egolifeqa:asset-7fdad67ab50e4b2e"", ""egolifeqa:asset-199b29ea7419b3aa""]",2,2,sensor_vqa/raw/egolife/video/A1_JAKE/DAY1/DAY1_A1_JAKE_17463000.mp4,"",sensor_vqa/raw/egolife/imu/A1_JAKE/DAY1/DAY1_A1_JAKE_17463000/DAY1_A1_JAKE_17463000_left.npz,"[""sensor_vqa/raw/egolife/imu/A1_JAKE/DAY1/DAY1_A1_JAKE_17463000/DAY1_A1_JAKE_17463000_left.npz"", ""sensor_vqa/raw/egolife/imu/A1_JAKE/DAY1/DAY1_A1_JAKE_17463000/DAY1_A1_JAKE_17463000_right.npz""]",,,,,0.0,,DAY1@17463818,"[""DAY1@13283808""]","[""imu"", ""rgb""]",true,true,true,ready
2.0,egolifeqa:egolifeqa-a1-jake-43,EgoLifeQA,benchmark,EgoLife,egolifeqa-a1-jake-43,TaskMaster,Why is there no barbecue for dinner?,"[""Too many people, it would be a bit troublesome"", ""No time"", ""Not really in the mood for it"", ""Ingredients are too expensive""]",0,"Too many people, it would be a bit troublesome",public,"[""DAY1_A1_JAKE_17473000"", ""DAY1_A1_JAKE_12103000""]",egolifeqa:asset-7e6e3fdc0c276f26,"[""egolifeqa:asset-7e6e3fdc0c276f26"", ""egolifeqa:asset-a7e6f2bd830c20cb""]",2,2,sensor_vqa/raw/egolife/video/A1_JAKE/DAY1/DAY1_A1_JAKE_17473000.mp4,"",sensor_vqa/raw/egolife/imu/A1_JAKE/DAY1/DAY1_A1_JAKE_17473000/DAY1_A1_JAKE_17473000_left.npz,"[""sensor_vqa/raw/egolife/imu/A1_JAKE/DAY1/DAY1_A1_JAKE_17473000/DAY1_A1_JAKE_17473000_left.npz"", ""sensor_vqa/raw/egolife/imu/A1_JAKE/DAY1/DAY1_A1_JAKE_17473000/DAY1_A1_JAKE_17473000_right.npz""]",,,,,0.0,,DAY1@17473405,"[""DAY1@12103508""]","[""imu"", ""rgb""]",true,true,true,ready
2.0,egolifeqa:egolifeqa-a1-jake-44,EgoLifeQA,benchmark,EgoLife,egolifeqa-a1-jake-44,TaskMaster,What to eat for dinner?,"[""Hot Pot"", ""Barbecue"", ""Pizza"", ""Fried Chicken""]",2,Pizza,public,"[""DAY1_A1_JAKE_17473000"", ""DAY1_A1_JAKE_12103000""]",egolifeqa:asset-7e6e3fdc0c276f26,"[""egolifeqa:asset-7e6e3fdc0c276f26"", ""egolifeqa:asset-a7e6f2bd830c20cb""]",2,2,sensor_vqa/raw/egolife/video/A1_JAKE/DAY1/DAY1_A1_JAKE_17473000.mp4,"",sensor_vqa/raw/egolife/imu/A1_JAKE/DAY1/DAY1_A1_JAKE_17473000/DAY1_A1_JAKE_17473000_left.npz,"[""sensor_vqa/raw/egolife/imu/A1_JAKE/DAY1/DAY1_A1_JAKE_17473000/DAY1_A1_JAKE_17473000_left.npz"", ""sensor_vqa/raw/egolife/imu/A1_JAKE/DAY1/DAY1_A1_JAKE_17473000/DAY1_A1_JAKE_17473000_right.npz""]",,,,,0.0,,DAY1@17473405,"[""DAY1@12104904""]","[""imu"", ""rgb""]",true,true,true,ready
2.0,egolifeqa:egolifeqa-a1-jake-45,EgoLifeQA,benchmark,EgoLife,egolifeqa-a1-jake-45,EntityLog,When was the last time we talked about coffee?,"[""About four hours ago"", ""About eight hours ago"", ""About an hour ago"", ""One day ago""]",0,About four hours ago,public,"[""DAY1_A1_JAKE_17490000"", ""DAY1_A1_JAKE_13343000""]",egolifeqa:asset-bd20ac881310af6c,"[""egolifeqa:asset-bd20ac881310af6c"", ""egolifeqa:asset-71e4a8fe903e4d39""]",2,2,sensor_vqa/raw/egolife/video/A1_JAKE/DAY1/DAY1_A1_JAKE_17490000.mp4,"",sensor_vqa/raw/egolife/imu/A1_JAKE/DAY1/DAY1_A1_JAKE_17490000/DAY1_A1_JAKE_17490000_left.npz,"[""sensor_vqa/raw/egolife/imu/A1_JAKE/DAY1/DAY1_A1_JAKE_17490000/DAY1_A1_JAKE_17490000_left.npz"", ""sensor_vqa/raw/egolife/imu/A1_JAKE/DAY1/DAY1_A1_JAKE_17490000/DAY1_A1_JAKE_17490000_right.npz""]",,,,,0.0,,DAY1@17490108,"[""DAY1@13345708""]","[""imu"", ""rgb""]",true,true,true,ready
2.0,egolifeqa:egolifeqa-a1-jake-46,EgoLifeQA,benchmark,EgoLife,egolifeqa-a1-jake-46,RelationMap,"Compared to our first photo at the supermarket, who is missing this time?","[""Tasha, Katrina"", ""Tasha, Alice"", ""Alice, Katrina"", ""Tasha, Lucia""]",1,"Tasha, Alice",public,"[""DAY1_A1_JAKE_18083000"", ""DAY1_A1_JAKE_18013000""]",egolifeqa:asset-b7297d720681aed3,"[""egolifeqa:asset-b7297d720681aed3"", ""egolifeqa:asset-32e7e6b14d73d07b""]",2,2,sensor_vqa/raw/egolife/video/A1_JAKE/DAY1/DAY1_A1_JAKE_18083000.mp4,"",sensor_vqa/raw/egolife/imu/A1_JAKE/DAY1/DAY1_A1_JAKE_18083000/DAY1_A1_JAKE_18083000_left.npz,"[""sensor_vqa/raw/egolife/imu/A1_JAKE/DAY1/DAY1_A1_JAKE_18083000/DAY1_A1_JAKE_18083000_left.npz"", ""sensor_vqa/raw/egolife/imu/A1_JAKE/DAY1/DAY1_A1_JAKE_18083000/DAY1_A1_JAKE_18083000_right.npz""]",,,,,0.0,,DAY1@18084000,"[""DAY1@18015910""]","[""imu"", ""rgb""]",true,true,true,ready
2.0,egolifeqa:egolifeqa-a1-jake-47,EgoLifeQA,benchmark,EgoLife,egolifeqa-a1-jake-47,HabitInsight,What food does Alice love to eat?,"[""Hot pot"", ""Steak"", ""Chicken steak"", ""Sour and spicy dishes""]",3,Sour and spicy dishes,public,"[""DAY1_A1_JAKE_18290000"", ""DAY1_A1_JAKE_14000000""]",egolifeqa:asset-1bccb4367f717848,"[""egolifeqa:asset-1bccb4367f717848"", ""egolifeqa:asset-7fb4a1fb564d0006""]",2,2,sensor_vqa/raw/egolife/video/A1_JAKE/DAY1/DAY1_A1_JAKE_18290000.mp4,"",sensor_vqa/raw/egolife/imu/A1_JAKE/DAY1/DAY1_A1_JAKE_18290000/DAY1_A1_JAKE_18290000_left.npz,"[""sensor_vqa/raw/egolife/imu/A1_JAKE/DAY1/DAY1_A1_JAKE_18290000/DAY1_A1_JAKE_18290000_left.npz"", ""sensor_vqa/raw/egolife/imu/A1_JAKE/DAY1/DAY1_A1_JAKE_18290000/DAY1_A1_JAKE_18290000_right.npz""]",,,,,0.0,,DAY1@18292400,"[""DAY1@14001812""]","[""imu"", ""rgb""]",true,true,true,ready
2.0,egolifeqa:egolifeqa-a1-jake-48,EgoLifeQA,benchmark,EgoLife,egolifeqa-a1-jake-48,EventRecall,What did we end up eating the last time we ordered takeout?,"[""Pizza"", ""KFC"", ""Dumplings"", ""Noodles""]",1,KFC,public,"[""DAY1_A1_JAKE_18303000"", ""DAY1_A1_JAKE_14163000""]",egolifeqa:asset-27b84e52f39aef0d,"[""egolifeqa:asset-27b84e52f39aef0d"", ""egolifeqa:asset-f671cdd2e124a169""]",2,2,sensor_vqa/raw/egolife/video/A1_JAKE/DAY1/DAY1_A1_JAKE_18303000.mp4,"",sensor_vqa/raw/egolife/imu/A1_JAKE/DAY1/DAY1_A1_JAKE_18303000/DAY1_A1_JAKE_18303000_left.npz,"[""sensor_vqa/raw/egolife/imu/A1_JAKE/DAY1/DAY1_A1_JAKE_18303000/DAY1_A1_JAKE_18303000_left.npz"", ""sensor_vqa/raw/egolife/imu/A1_JAKE/DAY1/DAY1_A1_JAKE_18303000/DAY1_A1_JAKE_18303000_right.npz""]",,,,,0.0,,DAY1@18304214,"[""DAY1@14163608""]","[""imu"", ""rgb""]",true,true,true,ready
2.0,egolifeqa:egolifeqa-a1-jake-49,EgoLifeQA,benchmark,EgoLife,egolifeqa-a1-jake-49,EventRecall,What interesting topic did we discuss the last time we took the escalator?,"[""Burger"", ""Bracelet"", ""Photography"", ""Rum""]",2,Photography,public,"[""DAY1_A1_JAKE_18353000"", ""DAY1_A1_JAKE_17160000""]",egolifeqa:asset-f1d806372c5f69a1,"[""egolifeqa:asset-f1d806372c5f69a1"", ""egolifeqa:asset-d4216b6a0412fdd8""]",2,2,sensor_vqa/raw/egolife/video/A1_JAKE/DAY1/DAY1_A1_JAKE_18353000.mp4,"",sensor_vqa/raw/egolife/imu/A1_JAKE/DAY1/DAY1_A1_JAKE_18353000/DAY1_A1_JAKE_18353000_left.npz,"[""sensor_vqa/raw/egolife/imu/A1_JAKE/DAY1/DAY1_A1_JAKE_18353000/DAY1_A1_JAKE_18353000_left.npz"", ""sensor_vqa/raw/egolife/imu/A1_JAKE/DAY1/DAY1_A1_JAKE_18353000/DAY1_A1_JAKE_18353000_right.npz""]",,,,,0.0,,DAY1@18353214,"[""DAY1@17161616""]","[""imu"", ""rgb""]",true,true,true,ready
2.0,egolifeqa:egolifeqa-a1-jake-50,EgoLifeQA,benchmark,EgoLife,egolifeqa-a1-jake-50,HabitInsight,What do I usually show everyone on my phone?,"[""Share interesting videos with everyone"", ""Show everyone what they want to eat"", ""I'm recording a video and want everyone to be in it"", ""Take a look at the timer interface on my phone""]",3,Take a look at the timer interface on my phone,public,"[""DAY1_A1_JAKE_19024118"", ""DAY1_A1_JAKE_12233000""]",egolifeqa:asset-06a26f3fd1f0ee9c,"[""egolifeqa:asset-06a26f3fd1f0ee9c"", ""egolifeqa:asset-94617c97413f48b3""]",2,2,sensor_vqa/raw/egolife/video/A1_JAKE/DAY1/DAY1_A1_JAKE_19024118.mp4,"",sensor_vqa/raw/egolife/imu/A1_JAKE/DAY1/DAY1_A1_JAKE_19024118/DAY1_A1_JAKE_19024118_left.npz,"[""sensor_vqa/raw/egolife/imu/A1_JAKE/DAY1/DAY1_A1_JAKE_19024118/DAY1_A1_JAKE_19024118_left.npz"", ""sensor_vqa/raw/egolife/imu/A1_JAKE/DAY1/DAY1_A1_JAKE_19024118/DAY1_A1_JAKE_19024118_right.npz""]",,,,,0.0,,DAY1@19025319,"[""DAY1@12234300DAY1_17114401""]","[""imu"", ""rgb""]",true,true,true,ready
2.0,egolifeqa:egolifeqa-a1-jake-51,EgoLifeQA,benchmark,EgoLife,egolifeqa-a1-jake-51,RelationMap,Who else was with us the last time we took the car?,"[""Nicous"", ""Choiszt"", ""Shure"", ""Violet""]",2,Shure,public,"[""DAY1_A1_JAKE_19030000"", ""DAY1_A1_JAKE_17123000""]",egolifeqa:asset-49da3df959037837,"[""egolifeqa:asset-49da3df959037837"", ""egolifeqa:asset-90434ac6d43c98a1""]",2,2,sensor_vqa/raw/egolife/video/A1_JAKE/DAY1/DAY1_A1_JAKE_19030000.mp4,"",sensor_vqa/raw/egolife/imu/A1_JAKE/DAY1/DAY1_A1_JAKE_19030000/DAY1_A1_JAKE_19030000_left.npz,"[""sensor_vqa/raw/egolife/imu/A1_JAKE/DAY1/DAY1_A1_JAKE_19030000/DAY1_A1_JAKE_19030000_left.npz"", ""sensor_vqa/raw/egolife/imu/A1_JAKE/DAY1/DAY1_A1_JAKE_19030000/DAY1_A1_JAKE_19030000_right.npz""]",,,,,0.0,,DAY1@19031518,"[""DAY1@17124116""]","[""imu"", ""rgb""]",true,true,true,ready
2.0,egolifeqa:egolifeqa-a1-jake-52,EgoLifeQA,benchmark,EgoLife,egolifeqa-a1-jake-52,EventRecall,"To shop faster, how did we divide into groups?","[""Grocery group and alcohol group"", ""Grocery group and daily necessities group"", ""Grocery group and snacks group"", ""Daily necessities group and alcohol group""]",0,Grocery group and alcohol group,public,"[""DAY1_A1_JAKE_19123000"", ""DAY1_A1_JAKE_17210000"", ""DAY1_A1_JAKE_17203000""]",egolifeqa:asset-8f5f4efb7d10b0e9,"[""egolifeqa:asset-8f5f4efb7d10b0e9"", ""egolifeqa:asset-60a3a54254bcbf4c"", ""egolifeqa:asset-7b1f66f937cbc6f8""]",3,3,sensor_vqa/raw/egolife/video/A1_JAKE/DAY1/DAY1_A1_JAKE_19123000.mp4,"",sensor_vqa/raw/egolife/imu/A1_JAKE/DAY1/DAY1_A1_JAKE_19123000/DAY1_A1_JAKE_19123000_left.npz,"[""sensor_vqa/raw/egolife/imu/A1_JAKE/DAY1/DAY1_A1_JAKE_19123000/DAY1_A1_JAKE_19123000_left.npz"", ""sensor_vqa/raw/egolife/imu/A1_JAKE/DAY1/DAY1_A1_JAKE_19123000/DAY1_A1_JAKE_19123000_right.npz""]",,,,,0.0,,DAY1@19123618,"[""DAY1@17210111"", ""DAY1@17205915""]","[""imu"", ""rgb""]",true,true,true,ready
2.0,egolifeqa:egolifeqa-a1-jake-53,EgoLifeQA,benchmark,EgoLife,egolifeqa-a1-jake-53,EntityLog,Who bought the hot pot base on the table?,"[""Shure"", ""Me"", ""Tasha"", ""Lucia""]",0,Shure,public,"[""DAY1_A1_JAKE_19153000"", ""DAY1_A1_JAKE_17363000""]",egolifeqa:asset-afc12f9dbf57989b,"[""egolifeqa:asset-afc12f9dbf57989b"", ""egolifeqa:asset-0b53ce0605f5c442""]",2,2,sensor_vqa/raw/egolife/video/A1_JAKE/DAY1/DAY1_A1_JAKE_19153000.mp4,"",sensor_vqa/raw/egolife/imu/A1_JAKE/DAY1/DAY1_A1_JAKE_19153000/DAY1_A1_JAKE_19153000_left.npz,"[""sensor_vqa/raw/egolife/imu/A1_JAKE/DAY1/DAY1_A1_JAKE_19153000/DAY1_A1_JAKE_19153000_left.npz"", ""sensor_vqa/raw/egolife/imu/A1_JAKE/DAY1/DAY1_A1_JAKE_19153000/DAY1_A1_JAKE_19153000_right.npz""]",,,,,0.0,,DAY1@19154212,"[""DAY1@17364916""]","[""imu"", ""rgb""]",true,true,true,ready
2.0,egolifeqa:egolifeqa-a1-jake-54,EgoLifeQA,benchmark,EgoLife,egolifeqa-a1-jake-54,EntityLog,Who purchased the scallion in my hand?,"[""Me"", ""Tasha"", ""Alice"", ""Lucia""]",2,Alice,public,"[""DAY1_A1_JAKE_19163000"", ""DAY1_A1_JAKE_17390000""]",egolifeqa:asset-dc665f26bb29b23a,"[""egolifeqa:asset-dc665f26bb29b23a"", ""egolifeqa:asset-ee56b36ccf082e1d""]",2,2,sensor_vqa/raw/egolife/video/A1_JAKE/DAY1/DAY1_A1_JAKE_19163000.mp4,"",sensor_vqa/raw/egolife/imu/A1_JAKE/DAY1/DAY1_A1_JAKE_19163000/DAY1_A1_JAKE_19163000_left.npz,"[""sensor_vqa/raw/egolife/imu/A1_JAKE/DAY1/DAY1_A1_JAKE_19163000/DAY1_A1_JAKE_19163000_left.npz"", ""sensor_vqa/raw/egolife/imu/A1_JAKE/DAY1/DAY1_A1_JAKE_19163000/DAY1_A1_JAKE_19163000_right.npz""]",,,,,0.0,,DAY1@19164710,"[""DAY1@17392516""]","[""imu"", ""rgb""]",true,true,true,ready
2.0,egolifeqa:egolifeqa-a1-jake-55,EgoLifeQA,benchmark,EgoLife,egolifeqa-a1-jake-55,RelationMap,Who among us hasn't eaten century eggs,"[""me"", ""Shure"", ""Lucia"", ""Tasha""]",3,Tasha,public,"[""DAY1_A1_JAKE_19373000"", ""DAY1_A1_JAKE_14003000""]",egolifeqa:asset-e7033f164a0097ee,"[""egolifeqa:asset-e7033f164a0097ee"", ""egolifeqa:asset-f774084e2bbd4f71""]",2,2,sensor_vqa/raw/egolife/video/A1_JAKE/DAY1/DAY1_A1_JAKE_19373000.mp4,"",sensor_vqa/raw/egolife/imu/A1_JAKE/DAY1/DAY1_A1_JAKE_19373000/DAY1_A1_JAKE_19373000_left.npz,"[""sensor_vqa/raw/egolife/imu/A1_JAKE/DAY1/DAY1_A1_JAKE_19373000/DAY1_A1_JAKE_19373000_left.npz"", ""sensor_vqa/raw/egolife/imu/A1_JAKE/DAY1/DAY1_A1_JAKE_19373000/DAY1_A1_JAKE_19373000_right.npz""]",,,,,0.0,,DAY1@19375108,"[""DAY1@14003400""]","[""imu"", ""rgb""]",true,true,true,ready
2.0,egolifeqa:egolifeqa-a1-jake-56,EgoLifeQA,benchmark,EgoLife,egolifeqa-a1-jake-56,RelationMap,"While I was cleaning the egg mixer, who joined in to help?","[""Alice"", ""Tasha"", ""Shure"", ""Lucia""]",2,Shure,public,"[""DAY1_A1_JAKE_19373000"", ""DAY1_A1_JAKE_14010000""]",egolifeqa:asset-e7033f164a0097ee,"[""egolifeqa:asset-e7033f164a0097ee"", ""egolifeqa:asset-5770700ac398f055""]",2,2,sensor_vqa/raw/egolife/video/A1_JAKE/DAY1/DAY1_A1_JAKE_19373000.mp4,"",sensor_vqa/raw/egolife/imu/A1_JAKE/DAY1/DAY1_A1_JAKE_19373000/DAY1_A1_JAKE_19373000_left.npz,"[""sensor_vqa/raw/egolife/imu/A1_JAKE/DAY1/DAY1_A1_JAKE_19373000/DAY1_A1_JAKE_19373000_left.npz"", ""sensor_vqa/raw/egolife/imu/A1_JAKE/DAY1/DAY1_A1_JAKE_19373000/DAY1_A1_JAKE_19373000_right.npz""]",,,,,0.0,,DAY1@19375109,"[""DAY1@14012000""]","[""imu"", ""rgb""]",true,true,true,ready
2.0,egolifeqa:egolifeqa-a1-jake-57,EgoLifeQA,benchmark,EgoLife,egolifeqa-a1-jake-57,HabitInsight,Who chats with me the most when I'm cleaning in the kitchen?,"[""Lucia"", ""Alice"", ""Tasha"", ""Shure""]",2,Tasha,public,"[""DAY1_A1_JAKE_19373000"", ""DAY1_A1_JAKE_14060000"", ""DAY1_A1_JAKE_14080000""]",egolifeqa:asset-e7033f164a0097ee,"[""egolifeqa:asset-e7033f164a0097ee"", ""egolifeqa:asset-ac90356a96483760"", ""egolifeqa:asset-8e72a55c4bb257bb""]",3,3,sensor_vqa/raw/egolife/video/A1_JAKE/DAY1/DAY1_A1_JAKE_19373000.mp4,"",sensor_vqa/raw/egolife/imu/A1_JAKE/DAY1/DAY1_A1_JAKE_19373000/DAY1_A1_JAKE_19373000_left.npz,"[""sensor_vqa/raw/egolife/imu/A1_JAKE/DAY1/DAY1_A1_JAKE_19373000/DAY1_A1_JAKE_19373000_left.npz"", ""sensor_vqa/raw/egolife/imu/A1_JAKE/DAY1/DAY1_A1_JAKE_19373000/DAY1_A1_JAKE_19373000_right.npz""]",,,,,0.0,,DAY1@19375111,"[""DAY1@14061215"", ""DAY1@14081614""]","[""imu"", ""rgb""]",true,true,true,ready
2.0,egolifeqa:egolifeqa-a1-jake-58,EgoLifeQA,benchmark,EgoLife,egolifeqa-a1-jake-58,RelationMap,Who are the member of ingredients group,"[""Tasha, Shure, and Lucia"", ""Me, Alice, and Lucia"", ""Alice, Shure, and Lucia"", ""Me, Alice, and Tasha""]",3,"Me, Alice, and Tasha",public,"[""DAY1_A1_JAKE_19373000"", ""DAY1_A1_JAKE_17210000""]",egolifeqa:asset-e7033f164a0097ee,"[""egolifeqa:asset-e7033f164a0097ee"", ""egolifeqa:asset-60a3a54254bcbf4c""]",2,2,sensor_vqa/raw/egolife/video/A1_JAKE/DAY1/DAY1_A1_JAKE_19373000.mp4,"",sensor_vqa/raw/egolife/imu/A1_JAKE/DAY1/DAY1_A1_JAKE_19373000/DAY1_A1_JAKE_19373000_left.npz,"[""sensor_vqa/raw/egolife/imu/A1_JAKE/DAY1/DAY1_A1_JAKE_19373000/DAY1_A1_JAKE_19373000_left.npz"", ""sensor_vqa/raw/egolife/imu/A1_JAKE/DAY1/DAY1_A1_JAKE_19373000/DAY1_A1_JAKE_19373000_right.npz""]",,,,,0.0,,DAY1@19375116,"[""DAY1@17212615""]","[""imu"", ""rgb""]",true,true,true,ready
2.0,egolifeqa:egolifeqa-a1-jake-59,EgoLifeQA,benchmark,EgoLife,egolifeqa-a1-jake-59,EventRecall,"After Lucia said she wanted to buy some fruit, what fruit did Katrina mention?","[""Apple"", ""Pear"", ""Banana"", ""Green grapes""]",3,Green grapes,public,"[""DAY1_A1_JAKE_19373000"", ""DAY1_A1_JAKE_17213000""]",egolifeqa:asset-e7033f164a0097ee,"[""egolifeqa:asset-e7033f164a0097ee"", ""egolifeqa:asset-02551e4e5c7ecbd7""]",2,2,sensor_vqa/raw/egolife/video/A1_JAKE/DAY1/DAY1_A1_JAKE_19373000.mp4,"",sensor_vqa/raw/egolife/imu/A1_JAKE/DAY1/DAY1_A1_JAKE_19373000/DAY1_A1_JAKE_19373000_left.npz,"[""sensor_vqa/raw/egolife/imu/A1_JAKE/DAY1/DAY1_A1_JAKE_19373000/DAY1_A1_JAKE_19373000_left.npz"", ""sensor_vqa/raw/egolife/imu/A1_JAKE/DAY1/DAY1_A1_JAKE_19373000/DAY1_A1_JAKE_19373000_right.npz""]",,,,,0.0,,DAY1@19375117,"[""DAY1@17214402""]","[""imu"", ""rgb""]",true,true,true,ready
2.0,egolifeqa:egolifeqa-a1-jake-60,EgoLifeQA,benchmark,EgoLife,egolifeqa-a1-jake-60,EventRecall,Why did Tasha say not to eat freshly cut ones when I was looking at fruit?,"[""Because freshly cut ones are not free"", ""Because it's embarrassing"", ""Because freshly cut fruit is not fresh"", ""Because when merchants prepare fruit, they cut off the bad parts and leave the good ones for customers to eat""]",3,"Because when merchants prepare fruit, they cut off the bad parts and leave the good ones for customers to eat",public,"[""DAY1_A1_JAKE_19373000"", ""DAY1_A1_JAKE_17233000""]",egolifeqa:asset-e7033f164a0097ee,"[""egolifeqa:asset-e7033f164a0097ee"", ""egolifeqa:asset-fe7e01fe51c9a10d""]",2,2,sensor_vqa/raw/egolife/video/A1_JAKE/DAY1/DAY1_A1_JAKE_19373000.mp4,"",sensor_vqa/raw/egolife/imu/A1_JAKE/DAY1/DAY1_A1_JAKE_19373000/DAY1_A1_JAKE_19373000_left.npz,"[""sensor_vqa/raw/egolife/imu/A1_JAKE/DAY1/DAY1_A1_JAKE_19373000/DAY1_A1_JAKE_19373000_left.npz"", ""sensor_vqa/raw/egolife/imu/A1_JAKE/DAY1/DAY1_A1_JAKE_19373000/DAY1_A1_JAKE_19373000_right.npz""]",,,,,0.0,,DAY1@19375118,"[""DAY1@17234710""]","[""imu"", ""rgb""]",true,true,true,ready
2.0,egolifeqa:egolifeqa-a1-jake-61,EgoLifeQA,benchmark,EgoLife,egolifeqa-a1-jake-61,RelationMap,Who joined in while me and Shure were setting up the shelf?,"[""Tasha"", ""Katrina"", ""Lucia"", ""Alice""]",1,Katrina,public,"[""DAY1_A1_JAKE_19403000"", ""DAY1_A1_JAKE_12540000""]",egolifeqa:asset-da5765a882a8d14a,"[""egolifeqa:asset-da5765a882a8d14a"", ""egolifeqa:asset-9269b6cb955cefdb""]",2,2,sensor_vqa/raw/egolife/video/A1_JAKE/DAY1/DAY1_A1_JAKE_19403000.mp4,"",sensor_vqa/raw/egolife/imu/A1_JAKE/DAY1/DAY1_A1_JAKE_19403000/DAY1_A1_JAKE_19403000_left.npz,"[""sensor_vqa/raw/egolife/imu/A1_JAKE/DAY1/DAY1_A1_JAKE_19403000/DAY1_A1_JAKE_19403000_left.npz"", ""sensor_vqa/raw/egolife/imu/A1_JAKE/DAY1/DAY1_A1_JAKE_19403000/DAY1_A1_JAKE_19403000_right.npz""]",,,,,0.0,,DAY1@19405514,"[""DAY1@12542616""]","[""imu"", ""rgb""]",true,true,true,ready
2.0,egolifeqa:egolifeqa-a1-jake-62,EgoLifeQA,benchmark,EgoLife,egolifeqa-a1-jake-62,RelationMap,"Besides me, Katrina, and Shure, who else joined in to set up the shelf?","[""Tasha"", ""Lucia"", ""Choiszt"", ""Alice""]",1,Lucia,public,"[""DAY1_A1_JAKE_19403000"", ""DAY1_A1_JAKE_13013000""]",egolifeqa:asset-da5765a882a8d14a,"[""egolifeqa:asset-da5765a882a8d14a"", ""egolifeqa:asset-401516b71c79043d""]",2,2,sensor_vqa/raw/egolife/video/A1_JAKE/DAY1/DAY1_A1_JAKE_19403000.mp4,"",sensor_vqa/raw/egolife/imu/A1_JAKE/DAY1/DAY1_A1_JAKE_19403000/DAY1_A1_JAKE_19403000_left.npz,"[""sensor_vqa/raw/egolife/imu/A1_JAKE/DAY1/DAY1_A1_JAKE_19403000/DAY1_A1_JAKE_19403000_left.npz"", ""sensor_vqa/raw/egolife/imu/A1_JAKE/DAY1/DAY1_A1_JAKE_19403000/DAY1_A1_JAKE_19403000_right.npz""]",,,,,0.0,,DAY1@19405517,"[""DAY1@13015719""]","[""imu"", ""rgb""]",true,true,true,ready
2.0,egolifeqa:egolifeqa-a1-jake-63,EgoLifeQA,benchmark,EgoLife,egolifeqa-a1-jake-63,TaskMaster,How long should the self-introduction and quiz session take approximately?,"[""30min"", ""50min"", ""40min"", ""60min""]",2,40min,public,"[""DAY1_A1_JAKE_19473000"", ""DAY1_A1_JAKE_12033000""]",egolifeqa:asset-bb8ad73239e30590,"[""egolifeqa:asset-bb8ad73239e30590"", ""egolifeqa:asset-ffc0720e424b4d53""]",2,2,sensor_vqa/raw/egolife/video/A1_JAKE/DAY1/DAY1_A1_JAKE_19473000.mp4,"",sensor_vqa/raw/egolife/imu/A1_JAKE/DAY1/DAY1_A1_JAKE_19473000/DAY1_A1_JAKE_19473000_left.npz,"[""sensor_vqa/raw/egolife/imu/A1_JAKE/DAY1/DAY1_A1_JAKE_19473000/DAY1_A1_JAKE_19473000_left.npz"", ""sensor_vqa/raw/egolife/imu/A1_JAKE/DAY1/DAY1_A1_JAKE_19473000/DAY1_A1_JAKE_19473000_right.npz""]",,,,,0.0,,DAY1@19473405,"[""DAY1@12034005""]","[""imu"", ""rgb""]",true,true,true,ready
2.0,egolifeqa:egolifeqa-a1-jake-64,EgoLifeQA,benchmark,EgoLife,egolifeqa-a1-jake-64,TaskMaster,What items are still not bought?,"[""Meat, fish, and tart crust"", ""Tomatoes, eggs, and tart crust"", ""Taro, mint, and tart crust"", ""Taro, pomegranate, and tart crust""]",2,"Taro, mint, and tart crust",public,"[""DAY1_A1_JAKE_19473000"", ""DAY1_A1_JAKE_18043000""]",egolifeqa:asset-bb8ad73239e30590,"[""egolifeqa:asset-bb8ad73239e30590"", ""egolifeqa:asset-97747e7c20012f19""]",2,2,sensor_vqa/raw/egolife/video/A1_JAKE/DAY1/DAY1_A1_JAKE_19473000.mp4,"",sensor_vqa/raw/egolife/imu/A1_JAKE/DAY1/DAY1_A1_JAKE_19473000/DAY1_A1_JAKE_19473000_left.npz,"[""sensor_vqa/raw/egolife/imu/A1_JAKE/DAY1/DAY1_A1_JAKE_19473000/DAY1_A1_JAKE_19473000_left.npz"", ""sensor_vqa/raw/egolife/imu/A1_JAKE/DAY1/DAY1_A1_JAKE_19473000/DAY1_A1_JAKE_19473000_right.npz""]",,,,,0.0,,DAY1@19473415,"[""DAY1@18043002""]","[""imu"", ""rgb""]",true,true,true,ready
2.0,egolifeqa:egolifeqa-a1-jake-65,EgoLifeQA,benchmark,EgoLife,egolifeqa-a1-jake-65,TaskMaster,We decided to buy how many boxes of green grapes,"[""2"", ""3"", ""1"", ""4""]",0,2,public,"[""DAY1_A1_JAKE_19473000"", ""DAY1_A1_JAKE_17220000""]",egolifeqa:asset-bb8ad73239e30590,"[""egolifeqa:asset-bb8ad73239e30590"", ""egolifeqa:asset-cbb78ecd5ec155ad""]",2,2,sensor_vqa/raw/egolife/video/A1_JAKE/DAY1/DAY1_A1_JAKE_19473000.mp4,"",sensor_vqa/raw/egolife/imu/A1_JAKE/DAY1/DAY1_A1_JAKE_19473000/DAY1_A1_JAKE_19473000_left.npz,"[""sensor_vqa/raw/egolife/imu/A1_JAKE/DAY1/DAY1_A1_JAKE_19473000/DAY1_A1_JAKE_19473000_left.npz"", ""sensor_vqa/raw/egolife/imu/A1_JAKE/DAY1/DAY1_A1_JAKE_19473000/DAY1_A1_JAKE_19473000_right.npz""]",,,,,0.0,,DAY1@19473415,"[""DAY1@17220406""]","[""imu"", ""rgb""]",true,true,true,ready
2.0,egolifeqa:egolifeqa-a1-jake-66,EgoLifeQA,benchmark,EgoLife,egolifeqa-a1-jake-66,TaskMaster,Why do we want to buy sterile eggs,"[""Because sterile eggs are delicious"", ""Because everyone likes to eat sterile eggs"", ""Because sterile eggs are on promotion"", ""Because sterile eggs can be used to make tiramisu""]",3,Because sterile eggs can be used to make tiramisu,public,"[""DAY1_A1_JAKE_19473000"", ""DAY1_A1_JAKE_17333000""]",egolifeqa:asset-bb8ad73239e30590,"[""egolifeqa:asset-bb8ad73239e30590"", ""egolifeqa:asset-1ff56300701e500d""]",2,2,sensor_vqa/raw/egolife/video/A1_JAKE/DAY1/DAY1_A1_JAKE_19473000.mp4,"",sensor_vqa/raw/egolife/imu/A1_JAKE/DAY1/DAY1_A1_JAKE_19473000/DAY1_A1_JAKE_19473000_left.npz,"[""sensor_vqa/raw/egolife/imu/A1_JAKE/DAY1/DAY1_A1_JAKE_19473000/DAY1_A1_JAKE_19473000_left.npz"", ""sensor_vqa/raw/egolife/imu/A1_JAKE/DAY1/DAY1_A1_JAKE_19473000/DAY1_A1_JAKE_19473000_right.npz""]",,,,,0.0,,DAY1@19473415,"[""DAY1@17334412""]","[""imu"", ""rgb""]",true,true,true,ready
2.0,egolifeqa:egolifeqa-a1-jake-67,EgoLifeQA,benchmark,EgoLife,egolifeqa-a1-jake-67,EventRecall,Why did the clerk not agree when we asked them to cut the pineapple?,"[""Because there were pre-cut ones available, so the clerk didn't agree"", ""Because the clerk didn't know how to cut it"", ""Because the clerk found it troublesome"", ""Because the fruit-cutting clerk was off duty at that time""]",3,Because the fruit-cutting clerk was off duty at that time,public,"[""DAY1_A1_JAKE_19473000"", ""DAY1_A1_JAKE_17260000""]",egolifeqa:asset-bb8ad73239e30590,"[""egolifeqa:asset-bb8ad73239e30590"", ""egolifeqa:asset-cddaf13b7483da98""]",2,2,sensor_vqa/raw/egolife/video/A1_JAKE/DAY1/DAY1_A1_JAKE_19473000.mp4,"",sensor_vqa/raw/egolife/imu/A1_JAKE/DAY1/DAY1_A1_JAKE_19473000/DAY1_A1_JAKE_19473000_left.npz,"[""sensor_vqa/raw/egolife/imu/A1_JAKE/DAY1/DAY1_A1_JAKE_19473000/DAY1_A1_JAKE_19473000_left.npz"", ""sensor_vqa/raw/egolife/imu/A1_JAKE/DAY1/DAY1_A1_JAKE_19473000/DAY1_A1_JAKE_19473000_right.npz""]",,,,,0.0,,DAY1@19473415,"[""DAY1@17261509""]","[""imu"", ""rgb""]",true,true,true,ready
2.0,egolifeqa:egolifeqa-a1-jake-68,EgoLifeQA,benchmark,EgoLife,egolifeqa-a1-jake-68,EventRecall,Why didn't we buy chestnut kernels,"[""Because they are hard to cook"", ""Because they are too expensive"", ""Because there is no need to buy them"", ""Because Tasha doesn't like to eat them""]",0,Because they are hard to cook,public,"[""DAY1_A1_JAKE_19473000"", ""DAY1_A1_JAKE_17410000""]",egolifeqa:asset-bb8ad73239e30590,"[""egolifeqa:asset-bb8ad73239e30590"", ""egolifeqa:asset-d3b15f4ab10136ea""]",2,2,sensor_vqa/raw/egolife/video/A1_JAKE/DAY1/DAY1_A1_JAKE_19473000.mp4,"",sensor_vqa/raw/egolife/imu/A1_JAKE/DAY1/DAY1_A1_JAKE_19473000/DAY1_A1_JAKE_19473000_left.npz,"[""sensor_vqa/raw/egolife/imu/A1_JAKE/DAY1/DAY1_A1_JAKE_19473000/DAY1_A1_JAKE_19473000_left.npz"", ""sensor_vqa/raw/egolife/imu/A1_JAKE/DAY1/DAY1_A1_JAKE_19473000/DAY1_A1_JAKE_19473000_right.npz""]",,,,,0.0,,DAY1@19473415,"[""DAY1@17410614""]","[""imu"", ""rgb""]",true,true,true,ready
2.0,egolifeqa:egolifeqa-a1-jake-69,EgoLifeQA,benchmark,EgoLife,egolifeqa-a1-jake-69,HabitInsight,"During group discussions, who usually speaks the least?","[""Lucia"", ""Me"", ""Alice"", ""Tasha""]",2,Alice,public,"[""DAY1_A1_JAKE_19473000"", ""DAY1_A1_JAKE_12233000""]",egolifeqa:asset-bb8ad73239e30590,"[""egolifeqa:asset-bb8ad73239e30590"", ""egolifeqa:asset-94617c97413f48b3""]",2,2,sensor_vqa/raw/egolife/video/A1_JAKE/DAY1/DAY1_A1_JAKE_19473000.mp4,"",sensor_vqa/raw/egolife/imu/A1_JAKE/DAY1/DAY1_A1_JAKE_19473000/DAY1_A1_JAKE_19473000_left.npz,"[""sensor_vqa/raw/egolife/imu/A1_JAKE/DAY1/DAY1_A1_JAKE_19473000/DAY1_A1_JAKE_19473000_left.npz"", ""sensor_vqa/raw/egolife/imu/A1_JAKE/DAY1/DAY1_A1_JAKE_19473000/DAY1_A1_JAKE_19473000_right.npz""]",,,,,0.0,,DAY1@19473415,"[""DAY1@12235819""]","[""imu"", ""rgb""]",true,true,true,ready
2.0,egolifeqa:egolifeqa-a1-jake-70,EgoLifeQA,benchmark,EgoLife,egolifeqa-a1-jake-70,EventRecall,Why do we need to buy two boxes of green grapes?,"[""Because one box can be used for making a cake, and the other can be eaten"", ""Because Lucia likes to eat them"", ""Because Katrina likes to eat them"", ""Because buying two boxes comes with a discount""]",0,"Because one box can be used for making a cake, and the other can be eaten",public,"[""DAY1_A1_JAKE_19473000"", ""DAY1_A1_JAKE_17220000""]",egolifeqa:asset-bb8ad73239e30590,"[""egolifeqa:asset-bb8ad73239e30590"", ""egolifeqa:asset-cbb78ecd5ec155ad""]",2,2,sensor_vqa/raw/egolife/video/A1_JAKE/DAY1/DAY1_A1_JAKE_19473000.mp4,"",sensor_vqa/raw/egolife/imu/A1_JAKE/DAY1/DAY1_A1_JAKE_19473000/DAY1_A1_JAKE_19473000_left.npz,"[""sensor_vqa/raw/egolife/imu/A1_JAKE/DAY1/DAY1_A1_JAKE_19473000/DAY1_A1_JAKE_19473000_left.npz"", ""sensor_vqa/raw/egolife/imu/A1_JAKE/DAY1/DAY1_A1_JAKE_19473000/DAY1_A1_JAKE_19473000_right.npz""]",,,,,0.0,,DAY1@19473415,"[""DAY1@17220307""]","[""imu"", ""rgb""]",true,true,true,ready
2.0,egolifeqa:egolifeqa-a1-jake-71,EgoLifeQA,benchmark,EgoLife,egolifeqa-a1-jake-71,TaskMaster,What prize does Alice plan to give the participants,"[""Daffodil bulbs"", ""Sunflower"", ""Power bank"", ""Sunflower""]",0,Daffodil bulbs,public,"[""DAY1_A1_JAKE_19473000"", ""DAY1_A1_JAKE_11470000"", ""DAY1_A1_JAKE_11470000""]",egolifeqa:asset-bb8ad73239e30590,"[""egolifeqa:asset-bb8ad73239e30590"", ""egolifeqa:asset-d2e4ea480f864ed8""]",2,3,sensor_vqa/raw/egolife/video/A1_JAKE/DAY1/DAY1_A1_JAKE_19473000.mp4,"",sensor_vqa/raw/egolife/imu/A1_JAKE/DAY1/DAY1_A1_JAKE_19473000/DAY1_A1_JAKE_19473000_left.npz,"[""sensor_vqa/raw/egolife/imu/A1_JAKE/DAY1/DAY1_A1_JAKE_19473000/DAY1_A1_JAKE_19473000_left.npz"", ""sensor_vqa/raw/egolife/imu/A1_JAKE/DAY1/DAY1_A1_JAKE_19473000/DAY1_A1_JAKE_19473000_right.npz""]",,,,,0.0,,DAY1@19473415,"[""DAY1@11471209"", ""DAY1@11472613""]","[""imu"", ""rgb""]",true,true,true,ready
2.0,egolifeqa:egolifeqa-a1-jake-72,EgoLifeQA,benchmark,EgoLife,egolifeqa-a1-jake-72,TaskMaster,What does Lucia plan to make on World Earth Day?,"[""Jellyfish lamp or cardboard puppy"", ""Lantern or cardboard puppy"", ""Greeting card or cardboard puppy"", ""Video or cardboard puppy""]",0,Jellyfish lamp or cardboard puppy,public,"[""DAY1_A1_JAKE_19473000"", ""DAY1_A1_JAKE_11390000"", ""DAY1_A1_JAKE_11393000""]",egolifeqa:asset-bb8ad73239e30590,"[""egolifeqa:asset-bb8ad73239e30590"", ""egolifeqa:asset-3b274168a8c95266"", ""egolifeqa:asset-2cffc382d4d80fc8""]",3,3,sensor_vqa/raw/egolife/video/A1_JAKE/DAY1/DAY1_A1_JAKE_19473000.mp4,"",sensor_vqa/raw/egolife/imu/A1_JAKE/DAY1/DAY1_A1_JAKE_19473000/DAY1_A1_JAKE_19473000_left.npz,"[""sensor_vqa/raw/egolife/imu/A1_JAKE/DAY1/DAY1_A1_JAKE_19473000/DAY1_A1_JAKE_19473000_left.npz"", ""sensor_vqa/raw/egolife/imu/A1_JAKE/DAY1/DAY1_A1_JAKE_19473000/DAY1_A1_JAKE_19473000_right.npz""]",,,,,0.0,,DAY1@19473415,"[""DAY1@11391716"", ""DAY1@11395913""]","[""imu"", ""rgb""]",true,true,true,ready
2.0,egolifeqa:egolifeqa-a1-jake-73,EgoLifeQA,benchmark,EgoLife,egolifeqa-a1-jake-73,TaskMaster,What materials does Tasha plan to use to make seed paper?,"[""Regular paper and sunflower seeds"", ""Paper made from discarded coffee grounds and sunflower seeds"", ""Paper made from discarded coffee grounds and sunflower seeds"", ""Regular paper and sunflower seeds""]",2,Paper made from discarded coffee grounds and sunflower seeds,public,"[""DAY1_A1_JAKE_19473000"", ""DAY1_A1_JAKE_11443000"", ""DAY1_A1_JAKE_11443000""]",egolifeqa:asset-bb8ad73239e30590,"[""egolifeqa:asset-bb8ad73239e30590"", ""egolifeqa:asset-71374b83f6c70ab0""]",2,3,sensor_vqa/raw/egolife/video/A1_JAKE/DAY1/DAY1_A1_JAKE_19473000.mp4,"",sensor_vqa/raw/egolife/imu/A1_JAKE/DAY1/DAY1_A1_JAKE_19473000/DAY1_A1_JAKE_19473000_left.npz,"[""sensor_vqa/raw/egolife/imu/A1_JAKE/DAY1/DAY1_A1_JAKE_19473000/DAY1_A1_JAKE_19473000_left.npz"", ""sensor_vqa/raw/egolife/imu/A1_JAKE/DAY1/DAY1_A1_JAKE_19473000/DAY1_A1_JAKE_19473000_right.npz""]",,,,,0.0,,DAY1@19473415,"[""DAY1@11444609"", ""DAY1@11445508""]","[""imu"", ""rgb""]",true,true,true,ready
2.0,egolifeqa:egolifeqa-a1-jake-74,EgoLifeQA,benchmark,EgoLife,egolifeqa-a1-jake-74,HabitInsight,"Among us, who often goes out wearing slippers","[""Me"", ""Tasha"", ""Lucia"", ""Alice""]",0,Me,public,"[""DAY1_A1_JAKE_19473000"", ""DAY1_A1_JAKE_14093000"", ""DAY1_A1_JAKE_17123000""]",egolifeqa:asset-bb8ad73239e30590,"[""egolifeqa:asset-bb8ad73239e30590"", ""egolifeqa:asset-a851b565932df0de"", ""egolifeqa:asset-90434ac6d43c98a1""]",3,3,sensor_vqa/raw/egolife/video/A1_JAKE/DAY1/DAY1_A1_JAKE_19473000.mp4,"",sensor_vqa/raw/egolife/imu/A1_JAKE/DAY1/DAY1_A1_JAKE_19473000/DAY1_A1_JAKE_19473000_left.npz,"[""sensor_vqa/raw/egolife/imu/A1_JAKE/DAY1/DAY1_A1_JAKE_19473000/DAY1_A1_JAKE_19473000_left.npz"", ""sensor_vqa/raw/egolife/imu/A1_JAKE/DAY1/DAY1_A1_JAKE_19473000/DAY1_A1_JAKE_19473000_right.npz""]",,,,,0.0,,DAY1@19473415,"[""DAY1@14094102"", ""DAY1@17125209""]","[""imu"", ""rgb""]",true,true,true,ready
2.0,egolifeqa:egolifeqa-a1-jake-75,EgoLifeQA,benchmark,EgoLife,egolifeqa-a1-jake-75,EventRecall,"Tasha is now saying she will wash the dishes, who washed the dishes last time","[""Me"", ""Katrina"", ""Tasha"", ""Shure""]",0,Me,public,"[""DAY1_A1_JAKE_19503000"", ""DAY1_A1_JAKE_14013000""]",egolifeqa:asset-26babb41f323e5e0,"[""egolifeqa:asset-26babb41f323e5e0"", ""egolifeqa:asset-c37e9b1d959009c2""]",2,2,sensor_vqa/raw/egolife/video/A1_JAKE/DAY1/DAY1_A1_JAKE_19503000.mp4,"",sensor_vqa/raw/egolife/imu/A1_JAKE/DAY1/DAY1_A1_JAKE_19503000/DAY1_A1_JAKE_19503000_left.npz,"[""sensor_vqa/raw/egolife/imu/A1_JAKE/DAY1/DAY1_A1_JAKE_19503000/DAY1_A1_JAKE_19503000_left.npz"", ""sensor_vqa/raw/egolife/imu/A1_JAKE/DAY1/DAY1_A1_JAKE_19503000/DAY1_A1_JAKE_19503000_right.npz""]",,,,,0.0,,DAY1@19504507,"[""DAY1@14014508""]","[""imu"", ""rgb""]",true,true,true,ready
2.0,egolifeqa:egolifeqa-a1-jake-76,EgoLifeQA,benchmark,EgoLife,egolifeqa-a1-jake-76,HabitInsight,What am I usually doing on the second floor today?,"[""Too hungry, waiting too bored, playing on the phone to divert attention to prevent hunger"", ""Playing on the phone, slacking off, and resting"", ""Using the computer to handle my various information"", ""Using the computer to play online games""]",2,Using the computer to handle my various information,public,"[""DAY1_A1_JAKE_20320000"", ""DAY1_A1_JAKE_19510000"", ""DAY1_A1_JAKE_19313000""]",egolifeqa:asset-bb61eb5de42591ef,"[""egolifeqa:asset-bb61eb5de42591ef"", ""egolifeqa:asset-b140bef25d361b12"", ""egolifeqa:asset-7ea4b52e82696559""]",3,3,sensor_vqa/raw/egolife/video/A1_JAKE/DAY1/DAY1_A1_JAKE_20320000.mp4,"",sensor_vqa/raw/egolife/imu/A1_JAKE/DAY1/DAY1_A1_JAKE_20320000/DAY1_A1_JAKE_20320000_left.npz,"[""sensor_vqa/raw/egolife/imu/A1_JAKE/DAY1/DAY1_A1_JAKE_20320000/DAY1_A1_JAKE_20320000_left.npz"", ""sensor_vqa/raw/egolife/imu/A1_JAKE/DAY1/DAY1_A1_JAKE_20320000/DAY1_A1_JAKE_20320000_right.npz""]",,,,,0.0,,DAY1@20321009,"[""DAY1@19512317"", ""DAY1@19313500""]","[""imu"", ""rgb""]",true,true,true,ready
2.0,egolifeqa:egolifeqa-a1-jake-77,EgoLifeQA,benchmark,EgoLife,egolifeqa-a1-jake-77,RelationMap,Who helps Alice look after the ring,"[""Me"", ""Katrina"", ""Shure"", ""Tasha""]",0,Me,public,"[""DAY1_A1_JAKE_20443000"", ""DAY1_A1_JAKE_19390000""]",egolifeqa:asset-38cf952922ec8f2f,"[""egolifeqa:asset-38cf952922ec8f2f"", ""egolifeqa:asset-b9c49ff03c40a168""]",2,2,sensor_vqa/raw/egolife/video/A1_JAKE/DAY1/DAY1_A1_JAKE_20443000.mp4,"",sensor_vqa/raw/egolife/imu/A1_JAKE/DAY1/DAY1_A1_JAKE_20443000/DAY1_A1_JAKE_20443000_left.npz,"[""sensor_vqa/raw/egolife/imu/A1_JAKE/DAY1/DAY1_A1_JAKE_20443000/DAY1_A1_JAKE_20443000_left.npz"", ""sensor_vqa/raw/egolife/imu/A1_JAKE/DAY1/DAY1_A1_JAKE_20443000/DAY1_A1_JAKE_20443000_right.npz""]",,,,,0.0,,DAY1@20444009,"[""DAY1@19391612""]","[""imu"", ""rgb""]",true,true,true,ready
2.0,egolifeqa:egolifeqa-a1-jake-78,EgoLifeQA,benchmark,EgoLife,egolifeqa-a1-jake-78,RelationMap,Who helped Alice take off the bracelet,"[""Me"", ""Tasha"", ""Katrina"", ""Lucia""]",1,Tasha,public,"[""DAY1_A1_JAKE_20443000"", ""DAY1_A1_JAKE_19403000""]",egolifeqa:asset-38cf952922ec8f2f,"[""egolifeqa:asset-38cf952922ec8f2f"", ""egolifeqa:asset-da5765a882a8d14a""]",2,2,sensor_vqa/raw/egolife/video/A1_JAKE/DAY1/DAY1_A1_JAKE_20443000.mp4,"",sensor_vqa/raw/egolife/imu/A1_JAKE/DAY1/DAY1_A1_JAKE_20443000/DAY1_A1_JAKE_20443000_left.npz,"[""sensor_vqa/raw/egolife/imu/A1_JAKE/DAY1/DAY1_A1_JAKE_20443000/DAY1_A1_JAKE_20443000_left.npz"", ""sensor_vqa/raw/egolife/imu/A1_JAKE/DAY1/DAY1_A1_JAKE_20443000/DAY1_A1_JAKE_20443000_right.npz""]",,,,,0.0,,DAY1@20444009,"[""DAY1@19405407""]","[""imu"", ""rgb""]",true,true,true,ready
2.0,egolifeqa:egolifeqa-a1-jake-79,EgoLifeQA,benchmark,EgoLife,egolifeqa-a1-jake-79,RelationMap,"Previously, Alice couldn't open the can. Who helped Alice open the can?","[""Lucia"", ""Me"", ""Katrina"", ""Tasha""]",1,Me,public,"[""DAY1_A1_JAKE_20443000"", ""DAY1_A1_JAKE_19430000""]",egolifeqa:asset-38cf952922ec8f2f,"[""egolifeqa:asset-38cf952922ec8f2f"", ""egolifeqa:asset-5e7faf5d195d464c""]",2,2,sensor_vqa/raw/egolife/video/A1_JAKE/DAY1/DAY1_A1_JAKE_20443000.mp4,"",sensor_vqa/raw/egolife/imu/A1_JAKE/DAY1/DAY1_A1_JAKE_20443000/DAY1_A1_JAKE_20443000_left.npz,"[""sensor_vqa/raw/egolife/imu/A1_JAKE/DAY1/DAY1_A1_JAKE_20443000/DAY1_A1_JAKE_20443000_left.npz"", ""sensor_vqa/raw/egolife/imu/A1_JAKE/DAY1/DAY1_A1_JAKE_20443000/DAY1_A1_JAKE_20443000_right.npz""]",,,,,0.0,,DAY1@20444009,"[""DAY1@19432118""]","[""imu"", ""rgb""]",true,true,true,ready
2.0,egolifeqa:egolifeqa-a1-jake-80,EgoLifeQA,benchmark,EgoLife,egolifeqa-a1-jake-80,EntityLog,Who used the kitchen knife on the counter last time?,"[""Lucia"", ""Alice"", ""Tasha"", ""Katrina""]",1,Alice,public,"[""DAY1_A1_JAKE_21363000"", ""DAY1_A1_JAKE_20243000""]",egolifeqa:asset-96599e814d5235e6,"[""egolifeqa:asset-96599e814d5235e6"", ""egolifeqa:asset-f0b689e05232af50""]",2,2,sensor_vqa/raw/egolife/video/A1_JAKE/DAY1/DAY1_A1_JAKE_21363000.mp4,"",sensor_vqa/raw/egolife/imu/A1_JAKE/DAY1/DAY1_A1_JAKE_21363000/DAY1_A1_JAKE_21363000_left.npz,"[""sensor_vqa/raw/egolife/imu/A1_JAKE/DAY1/DAY1_A1_JAKE_21363000/DAY1_A1_JAKE_21363000_left.npz"", ""sensor_vqa/raw/egolife/imu/A1_JAKE/DAY1/DAY1_A1_JAKE_21363000/DAY1_A1_JAKE_21363000_right.npz""]",,,,,0.0,,DAY1@21365110,"[""DAY1@20245013""]","[""imu"", ""rgb""]",true,true,true,ready
2.0,egolifeqa:egolifeqa-a1-jake-81,EgoLifeQA,benchmark,EgoLife,egolifeqa-a1-jake-81,RelationMap,Who came to visit my room at noon,"[""Tasha, Alice, Shure"", ""Katrina, Shure, Alice"", ""Tasha, Katrina, Lucia"", ""Katrina, Lucia, Shure""]",3,"Katrina, Lucia, Shure",public,"[""DAY1_A1_JAKE_21413000"", ""DAY1_A1_JAKE_11133000""]",egolifeqa:asset-cdf1d937471723f5,"[""egolifeqa:asset-cdf1d937471723f5"", ""egolifeqa:asset-f9d376eb400b8baf""]",2,2,sensor_vqa/raw/egolife/video/A1_JAKE/DAY1/DAY1_A1_JAKE_21413000.mp4,"",sensor_vqa/raw/egolife/imu/A1_JAKE/DAY1/DAY1_A1_JAKE_21413000/DAY1_A1_JAKE_21413000_left.npz,"[""sensor_vqa/raw/egolife/imu/A1_JAKE/DAY1/DAY1_A1_JAKE_21413000/DAY1_A1_JAKE_21413000_left.npz"", ""sensor_vqa/raw/egolife/imu/A1_JAKE/DAY1/DAY1_A1_JAKE_21413000/DAY1_A1_JAKE_21413000_right.npz""]",,,,,0.0,,DAY1@21413605,"[""DAY1@11133017""]","[""imu"", ""rgb""]",true,true,true,ready
2.0,egolifeqa:egolifeqa-a1-jake-82,EgoLifeQA,benchmark,EgoLife,egolifeqa-a1-jake-82,HabitInsight,"When I usually buy clothes, what type of clothing do I not purchase?","[""Similar to Hainan Home men's clothing"", ""Hip-hop trendy men's clothing"", ""Similar to vacation wear casual clothing"", ""Similar to Semir's artistic men's clothing""]",0,Similar to Hainan Home men's clothing,public,"[""DAY1_A1_JAKE_21433000"", ""DAY1_A1_JAKE_17200000""]",egolifeqa:asset-bd256502aebed390,"[""egolifeqa:asset-bd256502aebed390"", ""egolifeqa:asset-45be7a384fe9e29d""]",2,2,sensor_vqa/raw/egolife/video/A1_JAKE/DAY1/DAY1_A1_JAKE_21433000.mp4,"",sensor_vqa/raw/egolife/imu/A1_JAKE/DAY1/DAY1_A1_JAKE_21433000/DAY1_A1_JAKE_21433000_left.npz,"[""sensor_vqa/raw/egolife/imu/A1_JAKE/DAY1/DAY1_A1_JAKE_21433000/DAY1_A1_JAKE_21433000_left.npz"", ""sensor_vqa/raw/egolife/imu/A1_JAKE/DAY1/DAY1_A1_JAKE_21433000/DAY1_A1_JAKE_21433000_right.npz""]",,,,,0.0,,DAY1@21435319,"[""DAY1@17200819""]","[""imu"", ""rgb""]",true,true,true,ready
2.0,egolifeqa:egolifeqa-a1-jake-83,EgoLifeQA,benchmark,EgoLife,egolifeqa-a1-jake-83,RelationMap,"when Tasha and Alice and I were buying fruit at the supermarket, who was mainly responsible for selecting the fruit","[""We selected the fruit together"", ""Tasha, me"", ""Tasha, Alice"", ""Alice, me""]",2,"Tasha, Alice",public,"[""DAY1_A1_JAKE_21433000"", ""DAY1_A1_JAKE_17213000""]",egolifeqa:asset-bd256502aebed390,"[""egolifeqa:asset-bd256502aebed390"", ""egolifeqa:asset-02551e4e5c7ecbd7""]",2,2,sensor_vqa/raw/egolife/video/A1_JAKE/DAY1/DAY1_A1_JAKE_21433000.mp4,"",sensor_vqa/raw/egolife/imu/A1_JAKE/DAY1/DAY1_A1_JAKE_21433000/DAY1_A1_JAKE_21433000_left.npz,"[""sensor_vqa/raw/egolife/imu/A1_JAKE/DAY1/DAY1_A1_JAKE_21433000/DAY1_A1_JAKE_21433000_left.npz"", ""sensor_vqa/raw/egolife/imu/A1_JAKE/DAY1/DAY1_A1_JAKE_21433000/DAY1_A1_JAKE_21433000_right.npz""]",,,,,0.0,,DAY1@21435319,"[""DAY1@17213719""]","[""imu"", ""rgb""]",true,true,true,ready
2.0,egolifeqa:egolifeqa-a1-jake-84,EgoLifeQA,benchmark,EgoLife,egolifeqa-a1-jake-84,RelationMap,Who discussed sterile eggs with me while shopping at the supermarket,"[""Shure, Alice"", ""Tasha, Alice"", ""Tasha, Katrina"", ""Tasha, Shure""]",1,"Tasha, Alice",public,"[""DAY1_A1_JAKE_21433000"", ""DAY1_A1_JAKE_17340000""]",egolifeqa:asset-bd256502aebed390,"[""egolifeqa:asset-bd256502aebed390"", ""egolifeqa:asset-6ea64e7eae541f1a""]",2,2,sensor_vqa/raw/egolife/video/A1_JAKE/DAY1/DAY1_A1_JAKE_21433000.mp4,"",sensor_vqa/raw/egolife/imu/A1_JAKE/DAY1/DAY1_A1_JAKE_21433000/DAY1_A1_JAKE_21433000_left.npz,"[""sensor_vqa/raw/egolife/imu/A1_JAKE/DAY1/DAY1_A1_JAKE_21433000/DAY1_A1_JAKE_21433000_left.npz"", ""sensor_vqa/raw/egolife/imu/A1_JAKE/DAY1/DAY1_A1_JAKE_21433000/DAY1_A1_JAKE_21433000_right.npz""]",,,,,0.0,,DAY1@21435319,"[""DAY1@17342100""]","[""imu"", ""rgb""]",true,true,true,ready
2.0,egolifeqa:egolifeqa-a1-jake-85,EgoLifeQA,benchmark,EgoLife,egolifeqa-a1-jake-85,HabitInsight,Who usually frequents the vegetable market,"[""Alice"", ""Tasha"", ""Me"", ""Shure""]",1,Tasha,public,"[""DAY1_A1_JAKE_21433000"", ""DAY1_A1_JAKE_17390000""]",egolifeqa:asset-bd256502aebed390,"[""egolifeqa:asset-bd256502aebed390"", ""egolifeqa:asset-ee56b36ccf082e1d""]",2,2,sensor_vqa/raw/egolife/video/A1_JAKE/DAY1/DAY1_A1_JAKE_21433000.mp4,"",sensor_vqa/raw/egolife/imu/A1_JAKE/DAY1/DAY1_A1_JAKE_21433000/DAY1_A1_JAKE_21433000_left.npz,"[""sensor_vqa/raw/egolife/imu/A1_JAKE/DAY1/DAY1_A1_JAKE_21433000/DAY1_A1_JAKE_21433000_left.npz"", ""sensor_vqa/raw/egolife/imu/A1_JAKE/DAY1/DAY1_A1_JAKE_21433000/DAY1_A1_JAKE_21433000_right.npz""]",,,,,0.0,,DAY1@21435319,"[""DAY1@17391292""]","[""imu"", ""rgb""]",true,true,true,ready
2.0,egolifeqa:egolifeqa-a1-jake-86,EgoLifeQA,benchmark,EgoLife,egolifeqa-a1-jake-86,HabitInsight,What do I always do when I go to the supermarket,"[""Hum songs"", ""Watch videos on my phone"", ""Read novels on my phone"", ""Play games on my phone""]",1,Watch videos on my phone,public,"[""DAY1_A1_JAKE_21433000"", ""DAY1_A1_JAKE_17440000"", ""DAY1_A1_JAKE_18000000""]",egolifeqa:asset-bd256502aebed390,"[""egolifeqa:asset-bd256502aebed390"", ""egolifeqa:asset-06201cc48b918159"", ""egolifeqa:asset-a2b18e8cf4e56c82""]",3,3,sensor_vqa/raw/egolife/video/A1_JAKE/DAY1/DAY1_A1_JAKE_21433000.mp4,"",sensor_vqa/raw/egolife/imu/A1_JAKE/DAY1/DAY1_A1_JAKE_21433000/DAY1_A1_JAKE_21433000_left.npz,"[""sensor_vqa/raw/egolife/imu/A1_JAKE/DAY1/DAY1_A1_JAKE_21433000/DAY1_A1_JAKE_21433000_left.npz"", ""sensor_vqa/raw/egolife/imu/A1_JAKE/DAY1/DAY1_A1_JAKE_21433000/DAY1_A1_JAKE_21433000_right.npz""]",,,,,0.0,,DAY1@21435319,"[""DAY1@17442113"", ""DAY1@18002012""]","[""imu"", ""rgb""]",true,true,true,ready
2.0,egolifeqa:egolifeqa-a1-jake-87,EgoLifeQA,benchmark,EgoLife,egolifeqa-a1-jake-87,HabitInsight,what beverages i rarely drink,"[""alcohol"", ""coffee"", ""juice"", ""milk""]",1,coffee,public,"[""DAY1_A1_JAKE_21433000"", ""DAY1_A1_JAKE_17500000""]",egolifeqa:asset-bd256502aebed390,"[""egolifeqa:asset-bd256502aebed390"", ""egolifeqa:asset-c322001d1f31191f""]",2,2,sensor_vqa/raw/egolife/video/A1_JAKE/DAY1/DAY1_A1_JAKE_21433000.mp4,"",sensor_vqa/raw/egolife/imu/A1_JAKE/DAY1/DAY1_A1_JAKE_21433000/DAY1_A1_JAKE_21433000_left.npz,"[""sensor_vqa/raw/egolife/imu/A1_JAKE/DAY1/DAY1_A1_JAKE_21433000/DAY1_A1_JAKE_21433000_left.npz"", ""sensor_vqa/raw/egolife/imu/A1_JAKE/DAY1/DAY1_A1_JAKE_21433000/DAY1_A1_JAKE_21433000_right.npz""]",,,,,0.0,,DAY1@21435319,"[""DAY1@17502212""]","[""imu"", ""rgb""]",true,true,true,ready
2.0,egolifeqa:egolifeqa-a1-jake-88,EgoLifeQA,benchmark,EgoLife,egolifeqa-a1-jake-88,RelationMap,"When shopping at the supermarket on day1, who did I lose track of and took a long time to find?","[""Tasha, Alice"", ""Shure, Alice"", ""Shure, Tasha"", ""Katrina, Tasha""]",0,"Tasha, Alice",public,"[""DAY1_A1_JAKE_21433000"", ""DAY1_A1_JAKE_17583000""]",egolifeqa:asset-bd256502aebed390,"[""egolifeqa:asset-bd256502aebed390"", ""egolifeqa:asset-63b67b8404d74175""]",2,2,sensor_vqa/raw/egolife/video/A1_JAKE/DAY1/DAY1_A1_JAKE_21433000.mp4,"",sensor_vqa/raw/egolife/imu/A1_JAKE/DAY1/DAY1_A1_JAKE_21433000/DAY1_A1_JAKE_21433000_left.npz,"[""sensor_vqa/raw/egolife/imu/A1_JAKE/DAY1/DAY1_A1_JAKE_21433000/DAY1_A1_JAKE_21433000_left.npz"", ""sensor_vqa/raw/egolife/imu/A1_JAKE/DAY1/DAY1_A1_JAKE_21433000/DAY1_A1_JAKE_21433000_right.npz""]",,,,,0.0,,DAY1@21435319,"[""DAY1@17585703""]","[""imu"", ""rgb""]",true,true,true,ready
2.0,egolifeqa:egolifeqa-a1-jake-89,EgoLifeQA,benchmark,EgoLife,egolifeqa-a1-jake-89,HabitInsight,What drinks do I usually not buy when shopping at the supermarket?,"[""Milk"", ""Juice"", ""Alcohol and coffee"", ""Soda water""]",2,Alcohol and coffee,public,"[""DAY1_A1_JAKE_21433000"", ""DAY1_A1_JAKE_17210000""]",egolifeqa:asset-bd256502aebed390,"[""egolifeqa:asset-bd256502aebed390"", ""egolifeqa:asset-60a3a54254bcbf4c""]",2,2,sensor_vqa/raw/egolife/video/A1_JAKE/DAY1/DAY1_A1_JAKE_21433000.mp4,"",sensor_vqa/raw/egolife/imu/A1_JAKE/DAY1/DAY1_A1_JAKE_21433000/DAY1_A1_JAKE_21433000_left.npz,"[""sensor_vqa/raw/egolife/imu/A1_JAKE/DAY1/DAY1_A1_JAKE_21433000/DAY1_A1_JAKE_21433000_left.npz"", ""sensor_vqa/raw/egolife/imu/A1_JAKE/DAY1/DAY1_A1_JAKE_21433000/DAY1_A1_JAKE_21433000_right.npz""]",,,,,0.0,,DAY1@21435319,"[""DAY1@17212813""]","[""imu"", ""rgb""]",true,true,true,ready
2.0,egolifeqa:egolifeqa-a1-jake-90,EgoLifeQA,benchmark,EgoLife,egolifeqa-a1-jake-90,HabitInsight,where is the place I will never go to,"[""market"", ""library"", ""bar"", ""gym""]",0,market,public,"[""DAY1_A1_JAKE_21433000"", ""DAY1_A1_JAKE_17393000""]",egolifeqa:asset-bd256502aebed390,"[""egolifeqa:asset-bd256502aebed390"", ""egolifeqa:asset-0df9e229cbe9f521""]",2,2,sensor_vqa/raw/egolife/video/A1_JAKE/DAY1/DAY1_A1_JAKE_21433000.mp4,"",sensor_vqa/raw/egolife/imu/A1_JAKE/DAY1/DAY1_A1_JAKE_21433000/DAY1_A1_JAKE_21433000_left.npz,"[""sensor_vqa/raw/egolife/imu/A1_JAKE/DAY1/DAY1_A1_JAKE_21433000/DAY1_A1_JAKE_21433000_left.npz"", ""sensor_vqa/raw/egolife/imu/A1_JAKE/DAY1/DAY1_A1_JAKE_21433000/DAY1_A1_JAKE_21433000_right.npz""]",,,,,0.0,,DAY1@21435319,"[""DAY1@17393716""]","[""imu"", ""rgb""]",true,true,true,ready
2.0,egolifeqa:egolifeqa-a1-jake-91,EgoLifeQA,benchmark,EgoLife,egolifeqa-a1-jake-91,HabitInsight,Who is always the first to get off the car,"[""Alice"", ""Me"", ""Lucia"", ""Tasha""]",1,Me,public,"[""DAY1_A1_JAKE_21433000"", ""DAY1_A1_JAKE_19030000"", ""DAY1_A1_JAKE_17123000""]",egolifeqa:asset-bd256502aebed390,"[""egolifeqa:asset-bd256502aebed390"", ""egolifeqa:asset-49da3df959037837"", ""egolifeqa:asset-90434ac6d43c98a1""]",3,3,sensor_vqa/raw/egolife/video/A1_JAKE/DAY1/DAY1_A1_JAKE_21433000.mp4,"",sensor_vqa/raw/egolife/imu/A1_JAKE/DAY1/DAY1_A1_JAKE_21433000/DAY1_A1_JAKE_21433000_left.npz,"[""sensor_vqa/raw/egolife/imu/A1_JAKE/DAY1/DAY1_A1_JAKE_21433000/DAY1_A1_JAKE_21433000_left.npz"", ""sensor_vqa/raw/egolife/imu/A1_JAKE/DAY1/DAY1_A1_JAKE_21433000/DAY1_A1_JAKE_21433000_right.npz""]",,,,,0.0,,DAY1@21435319,"[""DAY1@19031617"", ""DAY1@17125316""]","[""imu"", ""rgb""]",true,true,true,ready
2.0,egolifeqa:egolifeqa-a1-jake-92,EgoLifeQA,benchmark,EgoLife,egolifeqa-a1-jake-92,HabitInsight,What do I usually use to control the computer when I use it?,"[""Mouse"", ""Touchpad"", ""Graphics tablet"", ""Touchscreen""]",1,Touchpad,public,"[""DAY1_A1_JAKE_21433000"", ""DAY1_A1_JAKE_19530000"", ""DAY1_A1_JAKE_19563000""]",egolifeqa:asset-bd256502aebed390,"[""egolifeqa:asset-bd256502aebed390"", ""egolifeqa:asset-e5d0d64b44d0070f"", ""egolifeqa:asset-da719dae7574e4c1""]",3,3,sensor_vqa/raw/egolife/video/A1_JAKE/DAY1/DAY1_A1_JAKE_21433000.mp4,"",sensor_vqa/raw/egolife/imu/A1_JAKE/DAY1/DAY1_A1_JAKE_21433000/DAY1_A1_JAKE_21433000_left.npz,"[""sensor_vqa/raw/egolife/imu/A1_JAKE/DAY1/DAY1_A1_JAKE_21433000/DAY1_A1_JAKE_21433000_left.npz"", ""sensor_vqa/raw/egolife/imu/A1_JAKE/DAY1/DAY1_A1_JAKE_21433000/DAY1_A1_JAKE_21433000_right.npz""]",,,,,0.0,,DAY1@21435319,"[""DAY1@19532615"", ""DAY1@19564703""]","[""imu"", ""rgb""]",true,true,true,ready
2.0,egolifeqa:egolifeqa-a1-jake-93,EgoLifeQA,benchmark,EgoLife,egolifeqa-a1-jake-93,RelationMap,"when Tasha and Alice and I entered the supermarket first, who were we waiting for","[""Shure, Nicous, Choiszt"", ""Shure, Katrina, Jack"", ""Katrina, Shure, Nicous"", ""Katrina, Shure, Lucia""]",3,"Katrina, Shure, Lucia",public,"[""DAY1_A1_JAKE_21433000"", ""Day1_A1_JAKE_17160718""]",egolifeqa:asset-bd256502aebed390,"[""egolifeqa:asset-bd256502aebed390"", ""egolifeqa:asset-e2f9dccb14bf3c94""]",2,2,sensor_vqa/raw/egolife/video/A1_JAKE/DAY1/DAY1_A1_JAKE_21433000.mp4,"",sensor_vqa/raw/egolife/imu/A1_JAKE/DAY1/DAY1_A1_JAKE_21433000/DAY1_A1_JAKE_21433000_left.npz,"[""sensor_vqa/raw/egolife/imu/A1_JAKE/DAY1/DAY1_A1_JAKE_21433000/DAY1_A1_JAKE_21433000_left.npz"", ""sensor_vqa/raw/egolife/imu/A1_JAKE/DAY1/DAY1_A1_JAKE_21433000/DAY1_A1_JAKE_21433000_right.npz""]",,,,,0.0,,DAY1@21435319,"[""Day1@17160718""]","[""imu"", ""rgb""]",false,false,false,video_and_imu_missing
2.0,egolifeqa:egolifeqa-a1-jake-94,EgoLifeQA,benchmark,EgoLife,egolifeqa-a1-jake-94,RelationMap,Whose hometown is close to mine,"[""Alice"", ""Shure"", ""Katrina"", ""Tasha""]",3,Tasha,public,"[""DAY1_A1_JAKE_21433000"", ""DAY1_A1_JAKE_17333000""]",egolifeqa:asset-bd256502aebed390,"[""egolifeqa:asset-bd256502aebed390"", ""egolifeqa:asset-1ff56300701e500d""]",2,2,sensor_vqa/raw/egolife/video/A1_JAKE/DAY1/DAY1_A1_JAKE_21433000.mp4,"",sensor_vqa/raw/egolife/imu/A1_JAKE/DAY1/DAY1_A1_JAKE_21433000/DAY1_A1_JAKE_21433000_left.npz,"[""sensor_vqa/raw/egolife/imu/A1_JAKE/DAY1/DAY1_A1_JAKE_21433000/DAY1_A1_JAKE_21433000_left.npz"", ""sensor_vqa/raw/egolife/imu/A1_JAKE/DAY1/DAY1_A1_JAKE_21433000/DAY1_A1_JAKE_21433000_right.npz""]",,,,,0.0,,DAY1@21435319,"[""DAY1@17333416""]","[""imu"", ""rgb""]",true,true,true,ready
2.0,egolifeqa:egolifeqa-a1-jake-95,EgoLifeQA,benchmark,EgoLife,egolifeqa-a1-jake-95,TaskMaster,What cuisine are we going to make on the last day?,"[""Cake"", ""Hot pot"", ""Rice noodles"", ""Turkey""]",0,Cake,public,"[""DAY1_A1_JAKE_21433000"", ""DAY1_A1_JAKE_17320000""]",egolifeqa:asset-bd256502aebed390,"[""egolifeqa:asset-bd256502aebed390"", ""egolifeqa:asset-b2fd888a2de6a509""]",2,2,sensor_vqa/raw/egolife/video/A1_JAKE/DAY1/DAY1_A1_JAKE_21433000.mp4,"",sensor_vqa/raw/egolife/imu/A1_JAKE/DAY1/DAY1_A1_JAKE_21433000/DAY1_A1_JAKE_21433000_left.npz,"[""sensor_vqa/raw/egolife/imu/A1_JAKE/DAY1/DAY1_A1_JAKE_21433000/DAY1_A1_JAKE_21433000_left.npz"", ""sensor_vqa/raw/egolife/imu/A1_JAKE/DAY1/DAY1_A1_JAKE_21433000/DAY1_A1_JAKE_21433000_right.npz""]",,,,,0.0,,DAY1@21435319,"[""DAY1@17321011""]","[""imu"", ""rgb""]",true,true,true,ready
2.0,egolifeqa:egolifeqa-a1-jake-96,EgoLifeQA,benchmark,EgoLife,egolifeqa-a1-jake-96,RelationMap,Who took the group photo today?,"[""Me"", ""Katrina"", ""Lucia"", ""Tasha""]",0,Me,public,"[""DAY1_A1_JAKE_21453000"", ""DAY1_A1_JAKE_18033000"", ""DAY1_A1_JAKE_18080000""]",egolifeqa:asset-de9c295951815f5a,"[""egolifeqa:asset-de9c295951815f5a"", ""egolifeqa:asset-5da6d97a78540770"", ""egolifeqa:asset-cf9876f73918718d""]",3,3,sensor_vqa/raw/egolife/video/A1_JAKE/DAY1/DAY1_A1_JAKE_21453000.mp4,"",sensor_vqa/raw/egolife/imu/A1_JAKE/DAY1/DAY1_A1_JAKE_21453000/DAY1_A1_JAKE_21453000_left.npz,"[""sensor_vqa/raw/egolife/imu/A1_JAKE/DAY1/DAY1_A1_JAKE_21453000/DAY1_A1_JAKE_21453000_left.npz"", ""sensor_vqa/raw/egolife/imu/A1_JAKE/DAY1/DAY1_A1_JAKE_21453000/DAY1_A1_JAKE_21453000_right.npz""]",,,,,0.0,,DAY1@21453418,"[""DAY1@18035000"", ""DAY1@18080008""]","[""imu"", ""rgb""]",true,true,true,ready
2.0,egolifeqa:egolifeqa-a1-jake-97,EgoLifeQA,benchmark,EgoLife,egolifeqa-a1-jake-97,HabitInsight,What does Alice not eat?,"[""Noodles"", ""Bread"", ""Cream"", ""Pizza""]",2,Cream,public,"[""DAY1_A1_JAKE_21460000"", ""DAY1_A1_JAKE_21413000""]",egolifeqa:asset-fbd969b11f504fef,"[""egolifeqa:asset-fbd969b11f504fef"", ""egolifeqa:asset-cdf1d937471723f5""]",2,2,sensor_vqa/raw/egolife/video/A1_JAKE/DAY1/DAY1_A1_JAKE_21460000.mp4,"",sensor_vqa/raw/egolife/imu/A1_JAKE/DAY1/DAY1_A1_JAKE_21460000/DAY1_A1_JAKE_21460000_left.npz,"[""sensor_vqa/raw/egolife/imu/A1_JAKE/DAY1/DAY1_A1_JAKE_21460000/DAY1_A1_JAKE_21460000_left.npz"", ""sensor_vqa/raw/egolife/imu/A1_JAKE/DAY1/DAY1_A1_JAKE_21460000/DAY1_A1_JAKE_21460000_right.npz""]",,,,,0.0,,DAY1@21462216,"[""DAY1@21413016""]","[""imu"", ""rgb""]",true,true,true,ready
2.0,egolifeqa:egolifeqa-a1-jake-98,EgoLifeQA,benchmark,EgoLife,egolifeqa-a1-jake-98,HabitInsight,Who usually writes the shopping list on the whiteboard?,"[""Lucia"", ""Katrina"", ""Shure"", ""Tasha""]",1,Katrina,public,"[""DAY1_A1_JAKE_21503000"", ""DAY1_A1_JAKE_13453000"", ""DAY1_A1_JAKE_19213000""]",egolifeqa:asset-82c719af38b0a4b5,"[""egolifeqa:asset-82c719af38b0a4b5"", ""egolifeqa:asset-63a902963958011a"", ""egolifeqa:asset-440b0c68f635c5d5""]",3,3,sensor_vqa/raw/egolife/video/A1_JAKE/DAY1/DAY1_A1_JAKE_21503000.mp4,"",sensor_vqa/raw/egolife/imu/A1_JAKE/DAY1/DAY1_A1_JAKE_21503000/DAY1_A1_JAKE_21503000_left.npz,"[""sensor_vqa/raw/egolife/imu/A1_JAKE/DAY1/DAY1_A1_JAKE_21503000/DAY1_A1_JAKE_21503000_left.npz"", ""sensor_vqa/raw/egolife/imu/A1_JAKE/DAY1/DAY1_A1_JAKE_21503000/DAY1_A1_JAKE_21503000_right.npz""]",,,,,0.0,,DAY1@21504104,"[""DAY1@13455500"", ""DAY1@19214807""]","[""imu"", ""rgb""]",true,true,true,ready
2.0,egolifeqa:egolifeqa-a1-jake-99,EgoLifeQA,benchmark,EgoLife,egolifeqa-a1-jake-99,RelationMap,Who helped Tasha spread cream on the cake?,"[""Lucia, Katrina, Alice"", ""Lucia, Shure, Alice"", ""Me, Lucia, Shure"", ""Lucia, Shure, Katrina""]",0,"Lucia, Katrina, Alice",public,"[""DAY1_A1_JAKE_21513000"", ""DAY1_A1_JAKE_21433000""]",egolifeqa:asset-ca1d1342f60ef402,"[""egolifeqa:asset-ca1d1342f60ef402"", ""egolifeqa:asset-bd256502aebed390""]",2,2,sensor_vqa/raw/egolife/video/A1_JAKE/DAY1/DAY1_A1_JAKE_21513000.mp4,"",sensor_vqa/raw/egolife/imu/A1_JAKE/DAY1/DAY1_A1_JAKE_21513000/DAY1_A1_JAKE_21513000_left.npz,"[""sensor_vqa/raw/egolife/imu/A1_JAKE/DAY1/DAY1_A1_JAKE_21513000/DAY1_A1_JAKE_21513000_left.npz"", ""sensor_vqa/raw/egolife/imu/A1_JAKE/DAY1/DAY1_A1_JAKE_21513000/DAY1_A1_JAKE_21513000_right.npz""]",,,,,0.0,,DAY1@21513017,"[""DAY1@21435319""]","[""imu"", ""rgb""]",true,true,true,ready
2.0,egolifeqa:egolifeqa-a1-jake-100,EgoLifeQA,benchmark,EgoLife,egolifeqa-a1-jake-100,RelationMap,"when I was eating the cake, I accidentally dropped the strawberry on the ground. Who helped me pick it up and throw it in the trash can?","[""Tasha"", ""Alice"", ""Katrina"", ""Shure""]",0,Tasha,public,"[""DAY1_A1_JAKE_21563000"", ""DAY1_A1_JAKE_21480000""]",egolifeqa:asset-4f0734f7fa5a7a9c,"[""egolifeqa:asset-4f0734f7fa5a7a9c"", ""egolifeqa:asset-34ab9c2c6b027f78""]",2,2,sensor_vqa/raw/egolife/video/A1_JAKE/DAY1/DAY1_A1_JAKE_21563000.mp4,"",sensor_vqa/raw/egolife/imu/A1_JAKE/DAY1/DAY1_A1_JAKE_21563000/DAY1_A1_JAKE_21563000_left.npz,"[""sensor_vqa/raw/egolife/imu/A1_JAKE/DAY1/DAY1_A1_JAKE_21563000/DAY1_A1_JAKE_21563000_left.npz"", ""sensor_vqa/raw/egolife/imu/A1_JAKE/DAY1/DAY1_A1_JAKE_21563000/DAY1_A1_JAKE_21563000_right.npz""]",,,,,0.0,,DAY1@21563017,"[""DAY1@21480908""]","[""imu"", ""rgb""]",true,true,true,ready
2.0,egolifeqa:egolifeqa-a1-jake-101,EgoLifeQA,benchmark,EgoLife,egolifeqa-a1-jake-101,TaskMaster,What should I buy tomorrow,"[""phone case"", ""watch"", ""phone"", ""clock""]",3,clock,public,"[""DAY1_A1_JAKE_21563000"", ""DAY1_A1_JAKE_21503000""]",egolifeqa:asset-4f0734f7fa5a7a9c,"[""egolifeqa:asset-4f0734f7fa5a7a9c"", ""egolifeqa:asset-82c719af38b0a4b5""]",2,2,sensor_vqa/raw/egolife/video/A1_JAKE/DAY1/DAY1_A1_JAKE_21563000.mp4,"",sensor_vqa/raw/egolife/imu/A1_JAKE/DAY1/DAY1_A1_JAKE_21563000/DAY1_A1_JAKE_21563000_left.npz,"[""sensor_vqa/raw/egolife/imu/A1_JAKE/DAY1/DAY1_A1_JAKE_21563000/DAY1_A1_JAKE_21563000_left.npz"", ""sensor_vqa/raw/egolife/imu/A1_JAKE/DAY1/DAY1_A1_JAKE_21563000/DAY1_A1_JAKE_21563000_right.npz""]",,,,,0.0,,DAY1@21563017,"[""DAY1@21504100""]","[""imu"", ""rgb""]",true,true,true,ready
2.0,egolifeqa:egolifeqa-a1-jake-102,EgoLifeQA,benchmark,EgoLife,egolifeqa-a1-jake-102,EntityLog,"In the morning, while we were chatting and discussing by the table on the first floor, what replaced the tripod?","[""Chair"", ""Little Horse Chair"", ""Little Bench"", ""No replacement""]",1,Little Horse Chair,public,"[""DAY1_A1_JAKE_22050000"", ""DAY1_A1_JAKE_11163000"", ""DAY1_A1_JAKE_11113000""]",egolifeqa:asset-44c4adc91cef4c20,"[""egolifeqa:asset-44c4adc91cef4c20"", ""egolifeqa:asset-d3eb9e12c60b4480"", ""egolifeqa:asset-f1ca5e6b7b872f01""]",3,3,sensor_vqa/raw/egolife/video/A1_JAKE/DAY1/DAY1_A1_JAKE_22050000.mp4,"",sensor_vqa/raw/egolife/imu/A1_JAKE/DAY1/DAY1_A1_JAKE_22050000/DAY1_A1_JAKE_22050000_left.npz,"[""sensor_vqa/raw/egolife/imu/A1_JAKE/DAY1/DAY1_A1_JAKE_22050000/DAY1_A1_JAKE_22050000_left.npz"", ""sensor_vqa/raw/egolife/imu/A1_JAKE/DAY1/DAY1_A1_JAKE_22050000/DAY1_A1_JAKE_22050000_right.npz""]",,,,,0.0,,DAY1@22052618,"[""DAY1@11165215"", ""DAY1@11113810""]","[""imu"", ""rgb""]",true,true,true,ready
2.0,egolifeqa:egolifeqa-a1-jake-103,EgoLifeQA,benchmark,EgoLife,egolifeqa-a1-jake-103,EntityLog,When was the last time items were taken from the refrigerator?,"[""Yesterday morning"", ""This morning"", ""Yesterday at noon"", ""Last night""]",3,Last night,public,"[""DAY2_A1_JAKE_10443000"", ""DAY1_A1_JAKE_20043000""]",egolifeqa:asset-bae587c8ac3eea60,"[""egolifeqa:asset-bae587c8ac3eea60"", ""egolifeqa:asset-39cb7e4bd6a3cc47""]",2,2,sensor_vqa/raw/egolife/video/A1_JAKE/DAY2/DAY2_A1_JAKE_10443000.mp4,"",sensor_vqa/raw/egolife/imu/A1_JAKE/DAY2/DAY2_A1_JAKE_10443000/DAY2_A1_JAKE_10443000_left.npz,"[""sensor_vqa/raw/egolife/imu/A1_JAKE/DAY2/DAY2_A1_JAKE_10443000/DAY2_A1_JAKE_10443000_left.npz"", ""sensor_vqa/raw/egolife/imu/A1_JAKE/DAY2/DAY2_A1_JAKE_10443000/DAY2_A1_JAKE_10443000_right.npz""]",,,,,0.0,,DAY2@10443918,"[""DAY1@20045918""]","[""imu"", ""rgb""]",true,true,true,ready
2.0,egolifeqa:egolifeqa-a1-jake-104,EgoLifeQA,benchmark,EgoLife,egolifeqa-a1-jake-104,EntityLog,When was the last time cherries were mentioned?,"[""One day ago"", ""Half a day ago"", ""Two hours ago"", ""An hour ago""]",0,One day ago,public,"[""DAY2_A1_JAKE_10480000"", ""DAY1_A1_JAKE_11480000""]",egolifeqa:asset-f7a9179694a2d5c0,"[""egolifeqa:asset-f7a9179694a2d5c0"", ""egolifeqa:asset-692508223bdca562""]",2,2,sensor_vqa/raw/egolife/video/A1_JAKE/DAY2/DAY2_A1_JAKE_10480000.mp4,"",sensor_vqa/raw/egolife/imu/A1_JAKE/DAY2/DAY2_A1_JAKE_10480000/DAY2_A1_JAKE_10480000_left.npz,"[""sensor_vqa/raw/egolife/imu/A1_JAKE/DAY2/DAY2_A1_JAKE_10480000/DAY2_A1_JAKE_10480000_left.npz"", ""sensor_vqa/raw/egolife/imu/A1_JAKE/DAY2/DAY2_A1_JAKE_10480000/DAY2_A1_JAKE_10480000_right.npz""]",,,,,0.0,,DAY2@10481211,"[""DAY1@11480408""]","[""imu"", ""rgb""]",true,true,true,ready
2.0,egolifeqa:egolifeqa-a1-jake-105,EgoLifeQA,benchmark,EgoLife,egolifeqa-a1-jake-105,RelationMap,"When Katrina said the item was a bit heavy and she couldn't move it last night, who helped her move it?","[""Me"", ""Shure"", ""Lucia"", ""Tasha""]",2,Lucia,public,"[""DAY2_A1_JAKE_10573000"", ""DAY1_A1_JAKE_19033000""]",egolifeqa:asset-3a1400aa37e62b0f,"[""egolifeqa:asset-3a1400aa37e62b0f"", ""egolifeqa:asset-2a8bff689eb365eb""]",2,2,sensor_vqa/raw/egolife/video/A1_JAKE/DAY2/DAY2_A1_JAKE_10573000.mp4,"",sensor_vqa/raw/egolife/imu/A1_JAKE/DAY2/DAY2_A1_JAKE_10573000/DAY2_A1_JAKE_10573000_left.npz,"[""sensor_vqa/raw/egolife/imu/A1_JAKE/DAY2/DAY2_A1_JAKE_10573000/DAY2_A1_JAKE_10573000_left.npz"", ""sensor_vqa/raw/egolife/imu/A1_JAKE/DAY2/DAY2_A1_JAKE_10573000/DAY2_A1_JAKE_10573000_right.npz""]",,,,,0.0,,DAY2@10573002,"[""DAY1@19034807""]","[""imu"", ""rgb""]",true,true,true,ready
2.0,egolifeqa:egolifeqa-a1-jake-106,EgoLifeQA,benchmark,EgoLife,egolifeqa-a1-jake-106,HabitInsight,What is my main responsibility when shopping in the supermarket?,"[""Select products"", ""Plan what to buy"", ""Taste samples"", ""Push the shopping cart""]",3,Push the shopping cart,public,"[""DAY2_A1_JAKE_11073000"", ""DAY1_A1_JAKE_17280000"", ""DAY1_A1_JAKE_17323000"", ""DAY1_A1_JAKE_17353000""]",egolifeqa:asset-c2c45d9b487e7143,"[""egolifeqa:asset-c2c45d9b487e7143"", ""egolifeqa:asset-5f124424bcb2db06"", ""egolifeqa:asset-b426da3c82323900"", ""egolifeqa:asset-b8a4a2a22a078aa4""]",4,4,sensor_vqa/raw/egolife/video/A1_JAKE/DAY2/DAY2_A1_JAKE_11073000.mp4,"",sensor_vqa/raw/egolife/imu/A1_JAKE/DAY2/DAY2_A1_JAKE_11073000/DAY2_A1_JAKE_11073000_left.npz,"[""sensor_vqa/raw/egolife/imu/A1_JAKE/DAY2/DAY2_A1_JAKE_11073000/DAY2_A1_JAKE_11073000_left.npz"", ""sensor_vqa/raw/egolife/imu/A1_JAKE/DAY2/DAY2_A1_JAKE_11073000/DAY2_A1_JAKE_11073000_right.npz""]",,,,,0.0,,DAY2@11073011,"[""DAY1@17280112"", ""DAY1@17323219"", ""DAY1@17354712""]","[""imu"", ""rgb""]",true,true,true,ready
2.0,egolifeqa:egolifeqa-a1-jake-107,EgoLifeQA,benchmark,EgoLife,egolifeqa-a1-jake-107,EntityLog,When was the last time I used the food delivery app to order food?,"[""Yesterday morning"", ""This morning"", ""Last night"", ""Yesterday at noon""]",2,Last night,public,"[""DAY2_A1_JAKE_11093000"", ""DAY1_A1_JAKE_19390000""]",egolifeqa:asset-23e459ef45aaba99,"[""egolifeqa:asset-23e459ef45aaba99"", ""egolifeqa:asset-b9c49ff03c40a168""]",2,2,sensor_vqa/raw/egolife/video/A1_JAKE/DAY2/DAY2_A1_JAKE_11093000.mp4,"",sensor_vqa/raw/egolife/imu/A1_JAKE/DAY2/DAY2_A1_JAKE_11093000/DAY2_A1_JAKE_11093000_left.npz,"[""sensor_vqa/raw/egolife/imu/A1_JAKE/DAY2/DAY2_A1_JAKE_11093000/DAY2_A1_JAKE_11093000_left.npz"", ""sensor_vqa/raw/egolife/imu/A1_JAKE/DAY2/DAY2_A1_JAKE_11093000/DAY2_A1_JAKE_11093000_right.npz""]",,,,,0.0,,DAY2@11093104,"[""DAY1@19390518""]","[""imu"", ""rgb""]",true,true,true,ready
2.0,egolifeqa:egolifeqa-a1-jake-108,EgoLifeQA,benchmark,EgoLife,egolifeqa-a1-jake-108,HabitInsight,Who usually picks up the takeout from the delivery person?,"[""Shure"", ""Me"", ""Katrina"", ""Tasha""]",1,Me,public,"[""DAY2_A1_JAKE_11140000"", ""DAY1_A1_JAKE_13093000"", ""DAY1_A1_JAKE_20204313""]",egolifeqa:asset-81ff96057999ed51,"[""egolifeqa:asset-81ff96057999ed51"", ""egolifeqa:asset-1b431f6ba48a955b"", ""egolifeqa:asset-2627554054f3b26b""]",3,3,sensor_vqa/raw/egolife/video/A1_JAKE/DAY2/DAY2_A1_JAKE_11140000.mp4,"",sensor_vqa/raw/egolife/imu/A1_JAKE/DAY2/DAY2_A1_JAKE_11140000/DAY2_A1_JAKE_11140000_left.npz,"[""sensor_vqa/raw/egolife/imu/A1_JAKE/DAY2/DAY2_A1_JAKE_11140000/DAY2_A1_JAKE_11140000_left.npz"", ""sensor_vqa/raw/egolife/imu/A1_JAKE/DAY2/DAY2_A1_JAKE_11140000/DAY2_A1_JAKE_11140000_right.npz""]",,,,,0.0,,DAY2@11141803,"[""DAY1@13093507"", ""DAY1@20204812""]","[""imu"", ""rgb""]",true,true,true,ready
2.0,egolifeqa:egolifeqa-a1-jake-109,EgoLifeQA,benchmark,EgoLife,egolifeqa-a1-jake-109,TaskMaster,What else do I need to purchase for delivery?,"[""Poster Ice Cube Mold"", ""Clock Puncher"", ""Colored Pens Rum"", ""Milk Pizza""]",1,Clock Puncher,public,"[""DAY2_A1_JAKE_11150000"", ""DAY1_A1_JAKE_14063000""]",egolifeqa:asset-0063dbfca3021bf9,"[""egolifeqa:asset-0063dbfca3021bf9"", ""egolifeqa:asset-9e1097421fbbaa0b""]",2,2,sensor_vqa/raw/egolife/video/A1_JAKE/DAY2/DAY2_A1_JAKE_11150000.mp4,"",sensor_vqa/raw/egolife/imu/A1_JAKE/DAY2/DAY2_A1_JAKE_11150000/DAY2_A1_JAKE_11150000_left.npz,"[""sensor_vqa/raw/egolife/imu/A1_JAKE/DAY2/DAY2_A1_JAKE_11150000/DAY2_A1_JAKE_11150000_left.npz"", ""sensor_vqa/raw/egolife/imu/A1_JAKE/DAY2/DAY2_A1_JAKE_11150000/DAY2_A1_JAKE_11150000_right.npz""]",,,,,0.0,,DAY2@11151710,"[""DAY1@14065508""]","[""imu"", ""rgb""]",true,true,true,ready
2.0,egolifeqa:egolifeqa-a1-jake-110,EgoLifeQA,benchmark,EgoLife,egolifeqa-a1-jake-110,RelationMap,Who gave Tasha the power bank when she needed it yesterday?,"[""Katrina"", ""Me"", ""Lucia"", ""Alice""]",1,Me,public,"[""DAY2_A1_JAKE_11213000"", ""DAY1_A1_JAKE_20240000""]",egolifeqa:asset-7e4c2538ba5d3d27,"[""egolifeqa:asset-7e4c2538ba5d3d27"", ""egolifeqa:asset-22ea0968bd3d2667""]",2,2,sensor_vqa/raw/egolife/video/A1_JAKE/DAY2/DAY2_A1_JAKE_11213000.mp4,"",sensor_vqa/raw/egolife/imu/A1_JAKE/DAY2/DAY2_A1_JAKE_11213000/DAY2_A1_JAKE_11213000_left.npz,"[""sensor_vqa/raw/egolife/imu/A1_JAKE/DAY2/DAY2_A1_JAKE_11213000/DAY2_A1_JAKE_11213000_left.npz"", ""sensor_vqa/raw/egolife/imu/A1_JAKE/DAY2/DAY2_A1_JAKE_11213000/DAY2_A1_JAKE_11213000_right.npz""]",,,,,0.0,,DAY2@11215306,"[""DAY1@20240218""]","[""imu"", ""rgb""]",true,true,true,ready
2.0,egolifeqa:egolifeqa-a1-jake-111,EgoLifeQA,benchmark,EgoLife,egolifeqa-a1-jake-111,EntityLog,Where was the coffee in the bag purchased from?,"[""Delivery"", ""Takeout"", ""Supermarket"", ""Already had it""]",2,Supermarket,public,"[""DAY2_A1_JAKE_11410000"", ""DAY2_A1_JAKE_11220000""]",egolifeqa:asset-24edbfe6ab338b02,"[""egolifeqa:asset-24edbfe6ab338b02"", ""egolifeqa:asset-1461c671b56b2fbc""]",2,2,sensor_vqa/raw/egolife/video/A1_JAKE/DAY2/DAY2_A1_JAKE_11410000.mp4,"",sensor_vqa/raw/egolife/imu/A1_JAKE/DAY2/DAY2_A1_JAKE_11410000/DAY2_A1_JAKE_11410000_left.npz,"[""sensor_vqa/raw/egolife/imu/A1_JAKE/DAY2/DAY2_A1_JAKE_11410000/DAY2_A1_JAKE_11410000_left.npz"", ""sensor_vqa/raw/egolife/imu/A1_JAKE/DAY2/DAY2_A1_JAKE_11410000/DAY2_A1_JAKE_11410000_right.npz""]",,,,,0.0,,DAY2@11412609,"[""DAY2@11222406""]","[""imu"", ""rgb""]",true,true,true,ready
2.0,egolifeqa:egolifeqa-a1-jake-112,EgoLifeQA,benchmark,EgoLife,egolifeqa-a1-jake-112,EntityLog,When did the video playing on Katrina's iPad start playing?,"[""About three hour ago"", ""About 50 minutes ago"", ""About 20 minutes ago"", ""About 10 minutes ago""]",1,About 50 minutes ago,public,"[""DAY2_A1_JAKE_11423000"", ""DAY2_A1_JAKE_10553000""]",egolifeqa:asset-6a94c0a525a12f43,"[""egolifeqa:asset-6a94c0a525a12f43"", ""egolifeqa:asset-4ac86aaa929be79a""]",2,2,sensor_vqa/raw/egolife/video/A1_JAKE/DAY2/DAY2_A1_JAKE_11423000.mp4,"",sensor_vqa/raw/egolife/imu/A1_JAKE/DAY2/DAY2_A1_JAKE_11423000/DAY2_A1_JAKE_11423000_left.npz,"[""sensor_vqa/raw/egolife/imu/A1_JAKE/DAY2/DAY2_A1_JAKE_11423000/DAY2_A1_JAKE_11423000_left.npz"", ""sensor_vqa/raw/egolife/imu/A1_JAKE/DAY2/DAY2_A1_JAKE_11423000/DAY2_A1_JAKE_11423000_right.npz""]",,,,,0.0,,DAY2@11425413,"[""DAY2@10555206""]","[""imu"", ""rgb""]",true,true,true,ready
2.0,egolifeqa:egolifeqa-a1-jake-113,EgoLifeQA,benchmark,EgoLife,egolifeqa-a1-jake-113,RelationMap,"Last night during the chat, I discovered whose glasses were turned off","[""Tasha"", ""Alice"", ""Me"", ""Lucia""]",3,Lucia,public,"[""DAY2_A1_JAKE_12000000"", ""DAY1_A1_JAKE_20260000""]",egolifeqa:asset-1b3262a3627e7821,"[""egolifeqa:asset-1b3262a3627e7821"", ""egolifeqa:asset-d56d24c23bb1c4f6""]",2,2,sensor_vqa/raw/egolife/video/A1_JAKE/DAY2/DAY2_A1_JAKE_12000000.mp4,"",sensor_vqa/raw/egolife/imu/A1_JAKE/DAY2/DAY2_A1_JAKE_12000000/DAY2_A1_JAKE_12000000_left.npz,"[""sensor_vqa/raw/egolife/imu/A1_JAKE/DAY2/DAY2_A1_JAKE_12000000/DAY2_A1_JAKE_12000000_left.npz"", ""sensor_vqa/raw/egolife/imu/A1_JAKE/DAY2/DAY2_A1_JAKE_12000000/DAY2_A1_JAKE_12000000_right.npz""]",,,,,0.0,,DAY2@12002750,"[""DAY1@20261406""]","[""imu"", ""rgb""]",true,true,true,ready
2.0,egolifeqa:egolifeqa-a1-jake-114,EgoLifeQA,benchmark,EgoLife,egolifeqa-a1-jake-114,RelationMap,Who did Tasha take off the headphones for yesterday?,"[""Lucia"", ""Shure"", ""Me"", ""Katrina""]",2,Me,public,"[""DAY2_A1_JAKE_12453000"", ""DAY1_A1_JAKE_20240000""]",egolifeqa:asset-735167bf1c5fa601,"[""egolifeqa:asset-735167bf1c5fa601"", ""egolifeqa:asset-22ea0968bd3d2667""]",2,2,sensor_vqa/raw/egolife/video/A1_JAKE/DAY2/DAY2_A1_JAKE_12453000.mp4,"",sensor_vqa/raw/egolife/imu/A1_JAKE/DAY2/DAY2_A1_JAKE_12453000/DAY2_A1_JAKE_12453000_left.npz,"[""sensor_vqa/raw/egolife/imu/A1_JAKE/DAY2/DAY2_A1_JAKE_12453000/DAY2_A1_JAKE_12453000_left.npz"", ""sensor_vqa/raw/egolife/imu/A1_JAKE/DAY2/DAY2_A1_JAKE_12453000/DAY2_A1_JAKE_12453000_right.npz""]",,,,,0.0,,DAY2@12454203,"[""DAY1@20242511""]","[""imu"", ""rgb""]",true,true,true,ready
2.0,egolifeqa:egolifeqa-a1-jake-115,EgoLifeQA,benchmark,EgoLife,egolifeqa-a1-jake-115,RelationMap,Who was Tasha doing makeup for before me,"[""Lucia"", ""Katrina"", ""Violet"", ""Alice""]",3,Alice,public,"[""DAY2_A1_JAKE_12493000"", ""DAY2_A1_JAKE_12443000""]",egolifeqa:asset-944294d8017c51fc,"[""egolifeqa:asset-944294d8017c51fc"", ""egolifeqa:asset-c319ac13cb6d28f2""]",2,2,sensor_vqa/raw/egolife/video/A1_JAKE/DAY2/DAY2_A1_JAKE_12493000.mp4,"",sensor_vqa/raw/egolife/imu/A1_JAKE/DAY2/DAY2_A1_JAKE_12493000/DAY2_A1_JAKE_12493000_left.npz,"[""sensor_vqa/raw/egolife/imu/A1_JAKE/DAY2/DAY2_A1_JAKE_12493000/DAY2_A1_JAKE_12493000_left.npz"", ""sensor_vqa/raw/egolife/imu/A1_JAKE/DAY2/DAY2_A1_JAKE_12493000/DAY2_A1_JAKE_12493000_right.npz""]",,,,,0.0,,DAY2@12495016,"[""DAY2@12445710""]","[""imu"", ""rgb""]",true,true,true,ready
2.0,egolifeqa:egolifeqa-a1-jake-116,EgoLifeQA,benchmark,EgoLife,egolifeqa-a1-jake-116,EventRecall,What were we doing the last time I took something from Shure's hand?,"[""Eating"", ""Dancing"", ""Assembling a shelf"", ""Singing""]",2,Assembling a shelf,public,"[""DAY2_A1_JAKE_13030000"", ""DAY1_A1_JAKE_13133000""]",egolifeqa:asset-6a7bd1c3af177a3a,"[""egolifeqa:asset-6a7bd1c3af177a3a"", ""egolifeqa:asset-1435780b94f04308""]",2,2,sensor_vqa/raw/egolife/video/A1_JAKE/DAY2/DAY2_A1_JAKE_13030000.mp4,"",sensor_vqa/raw/egolife/imu/A1_JAKE/DAY2/DAY2_A1_JAKE_13030000/DAY2_A1_JAKE_13030000_left.npz,"[""sensor_vqa/raw/egolife/imu/A1_JAKE/DAY2/DAY2_A1_JAKE_13030000/DAY2_A1_JAKE_13030000_left.npz"", ""sensor_vqa/raw/egolife/imu/A1_JAKE/DAY2/DAY2_A1_JAKE_13030000/DAY2_A1_JAKE_13030000_right.npz""]",,,,,0.0,,DAY2@13032608,"[""DAY1@13133207""]","[""imu"", ""rgb""]",true,true,true,ready
2.0,egolifeqa:egolifeqa-a1-jake-117,EgoLifeQA,benchmark,EgoLife,egolifeqa-a1-jake-117,HabitInsight,What am I doing near the action camera today?,"[""The direction of the action camera is incorrect, so I'm adjusting it for them"", ""Checking if the action camera still has power"", ""The action camera's memory is full, so I'm changing the memory card for them"", ""The power bank is out of power, so I'm replacing it with a new one for the action camera""]",2,"The action camera's memory is full, so I'm changing the memory card for them",public,"[""DAY2_A1_JAKE_13083000"", ""DAY2_A1_JAKE_12563000"", ""DAY2_A1_JAKE_13013000""]",egolifeqa:asset-b09eff15230dbac4,"[""egolifeqa:asset-b09eff15230dbac4"", ""egolifeqa:asset-ed0b0a0f60a6c024"", ""egolifeqa:asset-56b4f857cacc0f08""]",3,3,sensor_vqa/raw/egolife/video/A1_JAKE/DAY2/DAY2_A1_JAKE_13083000.mp4,"",sensor_vqa/raw/egolife/imu/A1_JAKE/DAY2/DAY2_A1_JAKE_13083000/DAY2_A1_JAKE_13083000_left.npz,"[""sensor_vqa/raw/egolife/imu/A1_JAKE/DAY2/DAY2_A1_JAKE_13083000/DAY2_A1_JAKE_13083000_left.npz"", ""sensor_vqa/raw/egolife/imu/A1_JAKE/DAY2/DAY2_A1_JAKE_13083000/DAY2_A1_JAKE_13083000_right.npz""]",,,,,0.0,,DAY2@13083218,"[""DAY2@12565700"", ""DAY2@13013700""]","[""imu"", ""rgb""]",true,true,true,ready
2.0,egolifeqa:egolifeqa-a1-jake-118,EgoLifeQA,benchmark,EgoLife,egolifeqa-a1-jake-118,RelationMap,Who was with me just now on the second floor to get the SD,"[""Choiszt"", ""Choiszt"", ""Nicous"", ""Choiszt""]",0,Choiszt,public,"[""DAY2_A1_JAKE_13180000"", ""DAY2_A1_JAKE_13103000""]",egolifeqa:asset-ba1a625cfc853b3f,"[""egolifeqa:asset-ba1a625cfc853b3f"", ""egolifeqa:asset-88f67d7ff411345f""]",2,2,sensor_vqa/raw/egolife/video/A1_JAKE/DAY2/DAY2_A1_JAKE_13180000.mp4,"",sensor_vqa/raw/egolife/imu/A1_JAKE/DAY2/DAY2_A1_JAKE_13180000/DAY2_A1_JAKE_13180000_left.npz,"[""sensor_vqa/raw/egolife/imu/A1_JAKE/DAY2/DAY2_A1_JAKE_13180000/DAY2_A1_JAKE_13180000_left.npz"", ""sensor_vqa/raw/egolife/imu/A1_JAKE/DAY2/DAY2_A1_JAKE_13180000/DAY2_A1_JAKE_13180000_right.npz""]",,,,,0.0,,DAY2@13180419,"[""DAY2@13103000""]","[""imu"", ""rgb""]",true,true,true,ready
2.0,egolifeqa:egolifeqa-a1-jake-119,EgoLifeQA,benchmark,EgoLife,egolifeqa-a1-jake-119,HabitInsight,What do I usually do after picking up glasses that no one is wearing?,"[""Take them back to the workshop and put them back in the glasses case"", ""Take them back to the workshop to charge the glasses"", ""Take them back to the workshop to transfer data to the computer"", ""Put them on everyone""]",2,Take them back to the workshop to transfer data to the computer,public,"[""DAY2_A1_JAKE_13223000"", ""DAY1_A1_JAKE_20300000"", ""DAY1_A1_JAKE_13050000""]",egolifeqa:asset-a4a3beacf975060b,"[""egolifeqa:asset-a4a3beacf975060b"", ""egolifeqa:asset-991dfefb13aeba46"", ""egolifeqa:asset-a152442b4f36ec96""]",3,3,sensor_vqa/raw/egolife/video/A1_JAKE/DAY2/DAY2_A1_JAKE_13223000.mp4,"",sensor_vqa/raw/egolife/imu/A1_JAKE/DAY2/DAY2_A1_JAKE_13223000/DAY2_A1_JAKE_13223000_left.npz,"[""sensor_vqa/raw/egolife/imu/A1_JAKE/DAY2/DAY2_A1_JAKE_13223000/DAY2_A1_JAKE_13223000_left.npz"", ""sensor_vqa/raw/egolife/imu/A1_JAKE/DAY2/DAY2_A1_JAKE_13223000/DAY2_A1_JAKE_13223000_right.npz""]",,,,,0.0,,DAY2@13225715,"[""DAY1@20301913"", ""DAY1@13051048""]","[""imu"", ""rgb""]",true,true,true,ready
2.0,egolifeqa:egolifeqa-a1-jake-120,EgoLifeQA,benchmark,EgoLife,egolifeqa-a1-jake-120,HabitInsight,How do I usually buy plane tickets,"[""Buy tickets at the airport"", ""Ask a friend to help buy"", ""Book online"", ""Have family purchase""]",0,Buy tickets at the airport,public,"[""DAY2_A1_JAKE_13360000"", ""DAY2_A1_JAKE_11303000""]",egolifeqa:asset-be0d7ee88ad39201,"[""egolifeqa:asset-be0d7ee88ad39201"", ""egolifeqa:asset-0f2db09570f12a2c""]",2,2,sensor_vqa/raw/egolife/video/A1_JAKE/DAY2/DAY2_A1_JAKE_13360000.mp4,"",sensor_vqa/raw/egolife/imu/A1_JAKE/DAY2/DAY2_A1_JAKE_13360000/DAY2_A1_JAKE_13360000_left.npz,"[""sensor_vqa/raw/egolife/imu/A1_JAKE/DAY2/DAY2_A1_JAKE_13360000/DAY2_A1_JAKE_13360000_left.npz"", ""sensor_vqa/raw/egolife/imu/A1_JAKE/DAY2/DAY2_A1_JAKE_13360000/DAY2_A1_JAKE_13360000_right.npz""]",,,,,0.0,,DAY2@13362818,"[""DAY2@11304815""]","[""imu"", ""rgb""]",true,true,true,ready
2.0,egolifeqa:egolifeqa-a1-jake-121,EgoLifeQA,benchmark,EgoLife,egolifeqa-a1-jake-121,TaskMaster,What activities do we have in the afternoon?,"[""Go to the park"", ""Shopping"", ""Dance"", ""Pick up the package""]",2,Dance,public,"[""DAY2_A1_JAKE_13573000"", ""DAY2_A1_JAKE_13413000""]",egolifeqa:asset-1514230be15509eb,"[""egolifeqa:asset-1514230be15509eb"", ""egolifeqa:asset-9933d635e450dd05""]",2,2,sensor_vqa/raw/egolife/video/A1_JAKE/DAY2/DAY2_A1_JAKE_13573000.mp4,"",sensor_vqa/raw/egolife/imu/A1_JAKE/DAY2/DAY2_A1_JAKE_13573000/DAY2_A1_JAKE_13573000_left.npz,"[""sensor_vqa/raw/egolife/imu/A1_JAKE/DAY2/DAY2_A1_JAKE_13573000/DAY2_A1_JAKE_13573000_left.npz"", ""sensor_vqa/raw/egolife/imu/A1_JAKE/DAY2/DAY2_A1_JAKE_13573000/DAY2_A1_JAKE_13573000_right.npz""]",,,,,0.0,,DAY2@13575618,"[""DAY2@13413718""]","[""imu"", ""rgb""]",true,true,true,ready
2.0,egolifeqa:egolifeqa-a1-jake-122,EgoLifeQA,benchmark,EgoLife,egolifeqa-a1-jake-122,EventRecall,"The last time I took the item handed to me by Nicous, what were we doing?","[""Labeling the SD card"", ""Scratching a lottery ticket"", ""Tidying up the desk"", ""Picking up a package""]",0,Labeling the SD card,public,"[""DAY2_A1_JAKE_16143000"", ""DAY2_A1_JAKE_13120000""]",egolifeqa:asset-c25c5c50545ca034,"[""egolifeqa:asset-c25c5c50545ca034"", ""egolifeqa:asset-94793f1ca1975050""]",2,2,sensor_vqa/raw/egolife/video/A1_JAKE/DAY2/DAY2_A1_JAKE_16143000.mp4,"",sensor_vqa/raw/egolife/imu/A1_JAKE/DAY2/DAY2_A1_JAKE_16143000/DAY2_A1_JAKE_16143000_left.npz,"[""sensor_vqa/raw/egolife/imu/A1_JAKE/DAY2/DAY2_A1_JAKE_16143000/DAY2_A1_JAKE_16143000_left.npz"", ""sensor_vqa/raw/egolife/imu/A1_JAKE/DAY2/DAY2_A1_JAKE_16143000/DAY2_A1_JAKE_16143000_right.npz""]",,,,,0.0,,DAY2@16144418,"[""DAY2@13122818""]","[""imu"", ""rgb""]",true,true,true,ready
2.0,egolifeqa:egolifeqa-a1-jake-123,EgoLifeQA,benchmark,EgoLife,egolifeqa-a1-jake-123,EventRecall,"The last time I tried to install an SD card with Choiszt, what else did we discuss?","[""Can you play the guitar?"", ""What to eat for dinner"", ""Operating the device"", ""What to buy""]",2,Operating the device,public,"[""DAY2_A1_JAKE_16200000"", ""DAY2_A1_JAKE_13100000""]",egolifeqa:asset-4839d0f4eb0dccb3,"[""egolifeqa:asset-4839d0f4eb0dccb3"", ""egolifeqa:asset-2441cd2210729e4b""]",2,2,sensor_vqa/raw/egolife/video/A1_JAKE/DAY2/DAY2_A1_JAKE_16200000.mp4,"",sensor_vqa/raw/egolife/imu/A1_JAKE/DAY2/DAY2_A1_JAKE_16200000/DAY2_A1_JAKE_16200000_left.npz,"[""sensor_vqa/raw/egolife/imu/A1_JAKE/DAY2/DAY2_A1_JAKE_16200000/DAY2_A1_JAKE_16200000_left.npz"", ""sensor_vqa/raw/egolife/imu/A1_JAKE/DAY2/DAY2_A1_JAKE_16200000/DAY2_A1_JAKE_16200000_right.npz""]",,,,,0.0,,DAY2@16202506,"[""DAY2@13102218""]","[""imu"", ""rgb""]",true,true,true,ready
2.0,egolifeqa:egolifeqa-a1-jake-124,EgoLifeQA,benchmark,EgoLife,egolifeqa-a1-jake-124,RelationMap,Who just helped me look at Katrina's mobile software,"[""Shure, Nicous"", ""Choiszt, Shure"", ""Nicous, Choiszt"", ""Choiszt, Lucia""]",2,"Nicous, Choiszt",public,"[""DAY2_A1_JAKE_17033000"", ""DAY2_A1_JAKE_16493000""]",egolifeqa:asset-d4114b6ee1f64123,"[""egolifeqa:asset-d4114b6ee1f64123"", ""egolifeqa:asset-5bbb30a280ae3a57""]",2,2,sensor_vqa/raw/egolife/video/A1_JAKE/DAY2/DAY2_A1_JAKE_17033000.mp4,"",sensor_vqa/raw/egolife/imu/A1_JAKE/DAY2/DAY2_A1_JAKE_17033000/DAY2_A1_JAKE_17033000_left.npz,"[""sensor_vqa/raw/egolife/imu/A1_JAKE/DAY2/DAY2_A1_JAKE_17033000/DAY2_A1_JAKE_17033000_left.npz"", ""sensor_vqa/raw/egolife/imu/A1_JAKE/DAY2/DAY2_A1_JAKE_17033000/DAY2_A1_JAKE_17033000_right.npz""]",,,,,0.0,,DAY2@17035314,"[""DAY2@16495401""]","[""imu"", ""rgb""]",true,true,true,ready
2.0,egolifeqa:egolifeqa-a1-jake-125,EgoLifeQA,benchmark,EgoLife,egolifeqa-a1-jake-125,TaskMaster,What is the paper boxes will be used for in plan on the last day?,"[""Use the paper boxes for guests to DIY on the last day"", ""Cut the paper boxes into small paper dogs for the last day's activities"", ""Use them as garbage bags to hold trash"", ""Keep the paper boxes to throw away all at once on the last day""]",1,Cut the paper boxes into small paper dogs for the last day's activities,public,"[""DAY2_A1_JAKE_17103000"", ""DAY1_A1_JAKE_11400000""]",egolifeqa:asset-a73f6eab25649835,"[""egolifeqa:asset-a73f6eab25649835"", ""egolifeqa:asset-602a9fe864cbc006""]",2,2,sensor_vqa/raw/egolife/video/A1_JAKE/DAY2/DAY2_A1_JAKE_17103000.mp4,"",sensor_vqa/raw/egolife/imu/A1_JAKE/DAY2/DAY2_A1_JAKE_17103000/DAY2_A1_JAKE_17103000_left.npz,"[""sensor_vqa/raw/egolife/imu/A1_JAKE/DAY2/DAY2_A1_JAKE_17103000/DAY2_A1_JAKE_17103000_left.npz"", ""sensor_vqa/raw/egolife/imu/A1_JAKE/DAY2/DAY2_A1_JAKE_17103000/DAY2_A1_JAKE_17103000_right.npz""]",,,,,0.0,,DAY2@17105413,"[""DAY1@11400900""]","[""imu"", ""rgb""]",true,true,true,ready
2.0,egolifeqa:egolifeqa-a1-jake-126,EgoLifeQA,benchmark,EgoLife,egolifeqa-a1-jake-126,RelationMap,Which of the following people did not eat pancakes with us this morning,"[""Alice"", ""Tasha"", ""Lucia"", ""Shure""]",3,Shure,public,"[""DAY2_A1_JAKE_17163000"", ""DAY2_A1_JAKE_11250000""]",egolifeqa:asset-62b8c6aacc2d4bb8,"[""egolifeqa:asset-62b8c6aacc2d4bb8"", ""egolifeqa:asset-5fd2ea717cf85317""]",2,2,sensor_vqa/raw/egolife/video/A1_JAKE/DAY2/DAY2_A1_JAKE_17163000.mp4,"",sensor_vqa/raw/egolife/imu/A1_JAKE/DAY2/DAY2_A1_JAKE_17163000/DAY2_A1_JAKE_17163000_left.npz,"[""sensor_vqa/raw/egolife/imu/A1_JAKE/DAY2/DAY2_A1_JAKE_17163000/DAY2_A1_JAKE_17163000_left.npz"", ""sensor_vqa/raw/egolife/imu/A1_JAKE/DAY2/DAY2_A1_JAKE_17163000/DAY2_A1_JAKE_17163000_right.npz""]",,,,,0.0,,DAY2@17163914,"[""DAY2@11250414""]","[""imu"", ""rgb""]",true,true,true,ready
2.0,egolifeqa:egolifeqa-a1-jake-127,EgoLifeQA,benchmark,EgoLife,egolifeqa-a1-jake-127,RelationMap,Who was with me working in my room last time,"[""Nicous, Choiszt"", ""Lucia, Tasha"", ""Shure, Choiszt"", ""Lucia, Alice""]",0,"Nicous, Choiszt",public,"[""DAY2_A1_JAKE_17260000"", ""DAY2_A1_JAKE_16223000""]",egolifeqa:asset-e37444d85d8c4b6f,"[""egolifeqa:asset-e37444d85d8c4b6f"", ""egolifeqa:asset-f0a00ccf4b88df1f""]",2,2,sensor_vqa/raw/egolife/video/A1_JAKE/DAY2/DAY2_A1_JAKE_17260000.mp4,"",sensor_vqa/raw/egolife/imu/A1_JAKE/DAY2/DAY2_A1_JAKE_17260000/DAY2_A1_JAKE_17260000_left.npz,"[""sensor_vqa/raw/egolife/imu/A1_JAKE/DAY2/DAY2_A1_JAKE_17260000/DAY2_A1_JAKE_17260000_left.npz"", ""sensor_vqa/raw/egolife/imu/A1_JAKE/DAY2/DAY2_A1_JAKE_17260000/DAY2_A1_JAKE_17260000_right.npz""]",,,,,0.0,,DAY2@17262817,"[""DAY2@16225419""]","[""imu"", ""rgb""]",true,true,true,ready
2.0,egolifeqa:egolifeqa-a1-jake-128,EgoLifeQA,benchmark,EgoLife,egolifeqa-a1-jake-128,RelationMap,Who came in to find me while we were busy removing the computer's hard drive just now,"[""Katrina"", ""Nicous"", ""Tasha"", ""Alice""]",2,Tasha,public,"[""DAY2_A1_JAKE_17343000"", ""DAY2_A1_JAKE_17293000""]",egolifeqa:asset-35fb315d1364b4bc,"[""egolifeqa:asset-35fb315d1364b4bc"", ""egolifeqa:asset-ef17e4c1ea4e7c10""]",2,2,sensor_vqa/raw/egolife/video/A1_JAKE/DAY2/DAY2_A1_JAKE_17343000.mp4,"",sensor_vqa/raw/egolife/imu/A1_JAKE/DAY2/DAY2_A1_JAKE_17343000/DAY2_A1_JAKE_17343000_left.npz,"[""sensor_vqa/raw/egolife/imu/A1_JAKE/DAY2/DAY2_A1_JAKE_17343000/DAY2_A1_JAKE_17343000_left.npz"", ""sensor_vqa/raw/egolife/imu/A1_JAKE/DAY2/DAY2_A1_JAKE_17343000/DAY2_A1_JAKE_17343000_right.npz""]",,,,,0.0,,DAY2@17344104,"[""DAY2@17293500""]","[""imu"", ""rgb""]",true,true,true,ready
2.0,egolifeqa:egolifeqa-a1-jake-129,EgoLifeQA,benchmark,EgoLife,egolifeqa-a1-jake-129,EventRecall,"The last time I walked into the kitchen, what did I do there?","[""Check the power bank"", ""Wash dishes"", ""Put the bowl in the sink"", ""Take chopsticks""]",2,Put the bowl in the sink,public,"[""DAY2_A1_JAKE_17390000"", ""DAY2_A1_JAKE_17163000""]",egolifeqa:asset-834e7af0c448a47b,"[""egolifeqa:asset-834e7af0c448a47b"", ""egolifeqa:asset-62b8c6aacc2d4bb8""]",2,2,sensor_vqa/raw/egolife/video/A1_JAKE/DAY2/DAY2_A1_JAKE_17390000.mp4,"",sensor_vqa/raw/egolife/imu/A1_JAKE/DAY2/DAY2_A1_JAKE_17390000/DAY2_A1_JAKE_17390000_left.npz,"[""sensor_vqa/raw/egolife/imu/A1_JAKE/DAY2/DAY2_A1_JAKE_17390000/DAY2_A1_JAKE_17390000_left.npz"", ""sensor_vqa/raw/egolife/imu/A1_JAKE/DAY2/DAY2_A1_JAKE_17390000/DAY2_A1_JAKE_17390000_right.npz""]",,,,,0.0,,DAY2@17391810,"[""DAY2@17163712""]","[""imu"", ""rgb""]",true,true,true,ready
2.0,egolifeqa:egolifeqa-a1-jake-130,EgoLifeQA,benchmark,EgoLife,egolifeqa-a1-jake-130,EntityLog,Where was the calibration board initially?,"[""In Shure's room"", ""Under the screen on the first floor"", ""On the table on the first floor"", ""In my room""]",1,Under the screen on the first floor,public,"[""DAY2_A1_JAKE_17433000"", ""DAY2_A1_JAKE_15523000""]",egolifeqa:asset-79703a3417b2cfeb,"[""egolifeqa:asset-79703a3417b2cfeb"", ""egolifeqa:asset-0730d4ec39c469a5""]",2,2,sensor_vqa/raw/egolife/video/A1_JAKE/DAY2/DAY2_A1_JAKE_17433000.mp4,"",sensor_vqa/raw/egolife/imu/A1_JAKE/DAY2/DAY2_A1_JAKE_17433000/DAY2_A1_JAKE_17433000_left.npz,"[""sensor_vqa/raw/egolife/imu/A1_JAKE/DAY2/DAY2_A1_JAKE_17433000/DAY2_A1_JAKE_17433000_left.npz"", ""sensor_vqa/raw/egolife/imu/A1_JAKE/DAY2/DAY2_A1_JAKE_17433000/DAY2_A1_JAKE_17433000_right.npz""]",,,,,0.0,,DAY2@17434512,"[""DAY2@15525012""]","[""imu"", ""rgb""]",true,true,true,ready
2.0,egolifeqa:egolifeqa-a1-jake-131,EgoLifeQA,benchmark,EgoLife,egolifeqa-a1-jake-131,EntityLog,Who sat on the pony stool last time?,"[""Shure"", ""Alice"", ""Me"", ""Lucia""]",1,Alice,public,"[""DAY2_A1_JAKE_17450000"", ""DAY2_A1_JAKE_16373000""]",egolifeqa:asset-e322d0ed3f19d423,"[""egolifeqa:asset-e322d0ed3f19d423"", ""egolifeqa:asset-da2ea9ccb4f6a1eb""]",2,2,sensor_vqa/raw/egolife/video/A1_JAKE/DAY2/DAY2_A1_JAKE_17450000.mp4,"",sensor_vqa/raw/egolife/imu/A1_JAKE/DAY2/DAY2_A1_JAKE_17450000/DAY2_A1_JAKE_17450000_left.npz,"[""sensor_vqa/raw/egolife/imu/A1_JAKE/DAY2/DAY2_A1_JAKE_17450000/DAY2_A1_JAKE_17450000_left.npz"", ""sensor_vqa/raw/egolife/imu/A1_JAKE/DAY2/DAY2_A1_JAKE_17450000/DAY2_A1_JAKE_17450000_right.npz""]",,,,,0.0,,DAY2@17452711,"[""DAY2@16373012""]","[""imu"", ""rgb""]",true,true,true,ready
2.0,egolifeqa:egolifeqa-a1-jake-132,EgoLifeQA,benchmark,EgoLife,egolifeqa-a1-jake-132,EntityLog,When was the meat bought?,"[""This afternoon"", ""Yesterday afternoon"", ""This morning"", ""Yesterday morning""]",1,Yesterday afternoon,public,"[""DAY2_A1_JAKE_18083000"", ""DAY1_A1_JAKE_17590000""]",egolifeqa:asset-12f5611182a1ddc8,"[""egolifeqa:asset-12f5611182a1ddc8"", ""egolifeqa:asset-8342ee4b6169fceb""]",2,2,sensor_vqa/raw/egolife/video/A1_JAKE/DAY2/DAY2_A1_JAKE_18083000.mp4,"",sensor_vqa/raw/egolife/imu/A1_JAKE/DAY2/DAY2_A1_JAKE_18083000/DAY2_A1_JAKE_18083000_left.npz,"[""sensor_vqa/raw/egolife/imu/A1_JAKE/DAY2/DAY2_A1_JAKE_18083000/DAY2_A1_JAKE_18083000_left.npz"", ""sensor_vqa/raw/egolife/imu/A1_JAKE/DAY2/DAY2_A1_JAKE_18083000/DAY2_A1_JAKE_18083000_right.npz""]",,,,,0.0,,DAY2@18085708,"[""DAY1@17590516""]","[""imu"", ""rgb""]",true,true,true,ready
2.0,egolifeqa:egolifeqa-a1-jake-133,EgoLifeQA,benchmark,EgoLife,egolifeqa-a1-jake-133,EntityLog,When was the baby cabbage bought?,"[""Five hours ago"", ""About a day ago"", ""Four hours ago"", ""Two hours ago""]",1,About a day ago,public,"[""DAY2_A1_JAKE_18113000"", ""DAY1_A1_JAKE_17343000""]",egolifeqa:asset-2fdc3e830b0617ae,"[""egolifeqa:asset-2fdc3e830b0617ae"", ""egolifeqa:asset-bfc490bc318a35e3""]",2,2,sensor_vqa/raw/egolife/video/A1_JAKE/DAY2/DAY2_A1_JAKE_18113000.mp4,"",sensor_vqa/raw/egolife/imu/A1_JAKE/DAY2/DAY2_A1_JAKE_18113000/DAY2_A1_JAKE_18113000_left.npz,"[""sensor_vqa/raw/egolife/imu/A1_JAKE/DAY2/DAY2_A1_JAKE_18113000/DAY2_A1_JAKE_18113000_left.npz"", ""sensor_vqa/raw/egolife/imu/A1_JAKE/DAY2/DAY2_A1_JAKE_18113000/DAY2_A1_JAKE_18113000_right.npz""]",,,,,0.0,,DAY2@18113012,"[""DAY1@17344416""]","[""imu"", ""rgb""]",true,true,true,ready
2.0,egolifeqa:egolifeqa-a1-jake-134,EgoLifeQA,benchmark,EgoLife,egolifeqa-a1-jake-134,EntityLog,When was the hot pot base purchased?,"[""This morning"", ""Yesterday afternoon"", ""This afternoon"", ""Yesterday morning""]",1,Yesterday afternoon,public,"[""DAY2_A1_JAKE_18120000"", ""DAY1_A1_JAKE_17450000""]",egolifeqa:asset-f1a802ab21fa5fc8,"[""egolifeqa:asset-f1a802ab21fa5fc8"", ""egolifeqa:asset-c69f056d514427a1""]",2,2,sensor_vqa/raw/egolife/video/A1_JAKE/DAY2/DAY2_A1_JAKE_18120000.mp4,"",sensor_vqa/raw/egolife/imu/A1_JAKE/DAY2/DAY2_A1_JAKE_18120000/DAY2_A1_JAKE_18120000_left.npz,"[""sensor_vqa/raw/egolife/imu/A1_JAKE/DAY2/DAY2_A1_JAKE_18120000/DAY2_A1_JAKE_18120000_left.npz"", ""sensor_vqa/raw/egolife/imu/A1_JAKE/DAY2/DAY2_A1_JAKE_18120000/DAY2_A1_JAKE_18120000_right.npz""]",,,,,0.0,,DAY2@18121012,"[""DAY1@17452510""]","[""imu"", ""rgb""]",true,true,true,ready
2.0,egolifeqa:egolifeqa-a1-jake-135,EgoLifeQA,benchmark,EgoLife,egolifeqa-a1-jake-135,EntityLog,When was the last time Choiszt played the piano?,"[""About 4 hours ago"", ""About 3 hours ago"", ""About 6 hours ago"", ""About an hour and a half ago""]",3,About an hour and a half ago,public,"[""DAY2_A1_JAKE_18153000"", ""DAY2_A1_JAKE_16450000""]",egolifeqa:asset-d1b7abc87dec5a20,"[""egolifeqa:asset-d1b7abc87dec5a20"", ""egolifeqa:asset-eae3c046ecbeca99""]",2,2,sensor_vqa/raw/egolife/video/A1_JAKE/DAY2/DAY2_A1_JAKE_18153000.mp4,"",sensor_vqa/raw/egolife/imu/A1_JAKE/DAY2/DAY2_A1_JAKE_18153000/DAY2_A1_JAKE_18153000_left.npz,"[""sensor_vqa/raw/egolife/imu/A1_JAKE/DAY2/DAY2_A1_JAKE_18153000/DAY2_A1_JAKE_18153000_left.npz"", ""sensor_vqa/raw/egolife/imu/A1_JAKE/DAY2/DAY2_A1_JAKE_18153000/DAY2_A1_JAKE_18153000_right.npz""]",,,,,0.0,,DAY2@18153012,"[""DAY2@16451512""]","[""imu"", ""rgb""]",true,true,true,ready
2.0,egolifeqa:egolifeqa-a1-jake-136,EgoLifeQA,benchmark,EgoLife,egolifeqa-a1-jake-136,HabitInsight,What kind of sauce do Shure and I usually have with hot pot?,"[""Sugar sauce"", ""Sesame sauce"", ""Vinegar sauce"", ""Oil sauce""]",1,Sesame sauce,public,"[""DAY2_A1_JAKE_18360000"", ""DAY1_A1_JAKE_17523000""]",egolifeqa:asset-7d5e05d92c81e479,"[""egolifeqa:asset-7d5e05d92c81e479"", ""egolifeqa:asset-31a28f3a1278fe48""]",2,2,sensor_vqa/raw/egolife/video/A1_JAKE/DAY2/DAY2_A1_JAKE_18360000.mp4,"",sensor_vqa/raw/egolife/imu/A1_JAKE/DAY2/DAY2_A1_JAKE_18360000/DAY2_A1_JAKE_18360000_left.npz,"[""sensor_vqa/raw/egolife/imu/A1_JAKE/DAY2/DAY2_A1_JAKE_18360000/DAY2_A1_JAKE_18360000_left.npz"", ""sensor_vqa/raw/egolife/imu/A1_JAKE/DAY2/DAY2_A1_JAKE_18360000/DAY2_A1_JAKE_18360000_right.npz""]",,,,,0.0,,DAY2@18362012,"[""DAY1@17524116""]","[""imu"", ""rgb""]",true,true,true,ready
2.0,egolifeqa:egolifeqa-a1-jake-137,EgoLifeQA,benchmark,EgoLife,egolifeqa-a1-jake-137,RelationMap,Who helped me set up the second floor,"[""Tasha Lucia"", ""Alice Shure"", ""Alice Katrina"", ""Lucia Shure""]",3,Lucia Shure,public,"[""DAY2_A1_JAKE_18363000"", ""DAY2_A1_JAKE_17490000""]",egolifeqa:asset-80100b43a72105c4,"[""egolifeqa:asset-80100b43a72105c4"", ""egolifeqa:asset-0abe3e84c0d3ec1c""]",2,2,sensor_vqa/raw/egolife/video/A1_JAKE/DAY2/DAY2_A1_JAKE_18363000.mp4,"",sensor_vqa/raw/egolife/imu/A1_JAKE/DAY2/DAY2_A1_JAKE_18363000/DAY2_A1_JAKE_18363000_left.npz,"[""sensor_vqa/raw/egolife/imu/A1_JAKE/DAY2/DAY2_A1_JAKE_18363000/DAY2_A1_JAKE_18363000_left.npz"", ""sensor_vqa/raw/egolife/imu/A1_JAKE/DAY2/DAY2_A1_JAKE_18363000/DAY2_A1_JAKE_18363000_right.npz""]",,,,,0.0,,DAY2@18364503,"[""DAY2@17490000""]","[""imu"", ""rgb""]",true,true,true,ready
2.0,egolifeqa:egolifeqa-a1-jake-138,EgoLifeQA,benchmark,EgoLife,egolifeqa-a1-jake-138,EntityLog,Who used the dishwashing liquid I saw in the kitchen last time?,"[""Alice"", ""Me"", ""Lucia"", ""Tasha""]",3,Tasha,public,"[""DAY2_A1_JAKE_21030000"", ""DAY2_A1_JAKE_20560000""]",egolifeqa:asset-1f5230b435a2c45c,"[""egolifeqa:asset-1f5230b435a2c45c"", ""egolifeqa:asset-894d274586d86aa2""]",2,2,sensor_vqa/raw/egolife/video/A1_JAKE/DAY2/DAY2_A1_JAKE_21030000.mp4,"",sensor_vqa/raw/egolife/imu/A1_JAKE/DAY2/DAY2_A1_JAKE_21030000/DAY2_A1_JAKE_21030000_left.npz,"[""sensor_vqa/raw/egolife/imu/A1_JAKE/DAY2/DAY2_A1_JAKE_21030000/DAY2_A1_JAKE_21030000_left.npz"", ""sensor_vqa/raw/egolife/imu/A1_JAKE/DAY2/DAY2_A1_JAKE_21030000/DAY2_A1_JAKE_21030000_right.npz""]",,,,,0.0,,DAY2@21032409,"[""DAY2@20561700""]","[""imu"", ""rgb""]",true,true,true,ready
2.0,egolifeqa:egolifeqa-a1-jake-139,EgoLifeQA,benchmark,EgoLife,egolifeqa-a1-jake-139,RelationMap,Who was beside me helping the last time I washed dishes?,"[""Shure"", ""Alice"", ""Katrina"", ""Lucia""]",3,Lucia,public,"[""DAY2_A1_JAKE_21080000"", ""DAY1_A1_JAKE_20250000""]",egolifeqa:asset-c031d9dfcd8e36d1,"[""egolifeqa:asset-c031d9dfcd8e36d1"", ""egolifeqa:asset-e9388639dd69c82a""]",2,2,sensor_vqa/raw/egolife/video/A1_JAKE/DAY2/DAY2_A1_JAKE_21080000.mp4,"",sensor_vqa/raw/egolife/imu/A1_JAKE/DAY2/DAY2_A1_JAKE_21080000/DAY2_A1_JAKE_21080000_left.npz,"[""sensor_vqa/raw/egolife/imu/A1_JAKE/DAY2/DAY2_A1_JAKE_21080000/DAY2_A1_JAKE_21080000_left.npz"", ""sensor_vqa/raw/egolife/imu/A1_JAKE/DAY2/DAY2_A1_JAKE_21080000/DAY2_A1_JAKE_21080000_right.npz""]",,,,,0.0,,DAY2@21080700,"[""DAY1@20250513""]","[""imu"", ""rgb""]",true,true,true,ready
2.0,egolifeqa:egolifeqa-a1-jake-140,EgoLifeQA,benchmark,EgoLife,egolifeqa-a1-jake-140,HabitInsight,What do I habitually use to wipe after washing kitchenware?,"[""Kitchen wet wipes"", ""Face towel"", ""Dry paper towels"", ""Cloth""]",0,Kitchen wet wipes,public,"[""DAY2_A1_JAKE_21290000"", ""DAY1_A1_JAKE_19253000"", ""DAY1_A1_JAKE_20490000""]",egolifeqa:asset-f5f883888fb314fc,"[""egolifeqa:asset-f5f883888fb314fc"", ""egolifeqa:asset-4f80f19fec371a56"", ""egolifeqa:asset-9fdd68ac61f95b0b""]",3,3,sensor_vqa/raw/egolife/video/A1_JAKE/DAY2/DAY2_A1_JAKE_21290000.mp4,"",sensor_vqa/raw/egolife/imu/A1_JAKE/DAY2/DAY2_A1_JAKE_21290000/DAY2_A1_JAKE_21290000_left.npz,"[""sensor_vqa/raw/egolife/imu/A1_JAKE/DAY2/DAY2_A1_JAKE_21290000/DAY2_A1_JAKE_21290000_left.npz"", ""sensor_vqa/raw/egolife/imu/A1_JAKE/DAY2/DAY2_A1_JAKE_21290000/DAY2_A1_JAKE_21290000_right.npz""]",,,,,0.0,,DAY2@21290900,"[""DAY1@19255000"", ""DAY1@21093702""]","[""imu"", ""rgb""]",true,true,true,ready
2.0,egolifeqa:egolifeqa-a1-jake-141,EgoLifeQA,benchmark,EgoLife,egolifeqa-a1-jake-141,EventRecall,"The last time I saw Lucia drawing, what did she draw?","[""Dog"", ""Flower"", ""Pretty girl"", ""Cat""]",3,Cat,public,"[""DAY2_A1_JAKE_21293000"", ""DAY2_A1_JAKE_12450000""]",egolifeqa:asset-d45151d35d40e13c,"[""egolifeqa:asset-d45151d35d40e13c"", ""egolifeqa:asset-1494f975a4d56ab5""]",2,2,sensor_vqa/raw/egolife/video/A1_JAKE/DAY2/DAY2_A1_JAKE_21293000.mp4,"",sensor_vqa/raw/egolife/imu/A1_JAKE/DAY2/DAY2_A1_JAKE_21293000/DAY2_A1_JAKE_21293000_left.npz,"[""sensor_vqa/raw/egolife/imu/A1_JAKE/DAY2/DAY2_A1_JAKE_21293000/DAY2_A1_JAKE_21293000_left.npz"", ""sensor_vqa/raw/egolife/imu/A1_JAKE/DAY2/DAY2_A1_JAKE_21293000/DAY2_A1_JAKE_21293000_right.npz""]",,,,,0.0,,DAY2@21293615,"[""DAY2@12450218""]","[""imu"", ""rgb""]",true,true,true,ready
2.0,egolifeqa:egolifeqa-a1-jake-142,EgoLifeQA,benchmark,EgoLife,egolifeqa-a1-jake-142,EventRecall,"In the afternoon, who was putting on makeup in the living room","[""Tasha, Alice"", ""Lucia, Alice"", ""Tasha, Katrina"", ""Tasha, Lucia""]",0,"Tasha, Alice",public,"[""DAY2_A1_JAKE_21303000"", ""DAY2_A1_JAKE_12460000""]",egolifeqa:asset-791d1841fab2f524,"[""egolifeqa:asset-791d1841fab2f524"", ""egolifeqa:asset-006bc44b741e7344""]",2,2,sensor_vqa/raw/egolife/video/A1_JAKE/DAY2/DAY2_A1_JAKE_21303000.mp4,"",sensor_vqa/raw/egolife/imu/A1_JAKE/DAY2/DAY2_A1_JAKE_21303000/DAY2_A1_JAKE_21303000_left.npz,"[""sensor_vqa/raw/egolife/imu/A1_JAKE/DAY2/DAY2_A1_JAKE_21303000/DAY2_A1_JAKE_21303000_left.npz"", ""sensor_vqa/raw/egolife/imu/A1_JAKE/DAY2/DAY2_A1_JAKE_21303000/DAY2_A1_JAKE_21303000_right.npz""]",,,,,0.0,,DAY2@21303201,"[""DAY2@12460004""]","[""imu"", ""rgb""]",true,true,true,ready
2.0,egolifeqa:egolifeqa-a1-jake-143,EgoLifeQA,benchmark,EgoLife,egolifeqa-a1-jake-143,RelationMap,Who discussed the dance stage setup with me,"[""Tasha, Lucia"", ""Katrina, Tasha"", ""Katrina, Lucia"", ""Tasha, Shure""]",2,"Katrina, Lucia",public,"[""DAY2_A1_JAKE_21303000"", ""DAY2_A1_JAKE_11173000""]",egolifeqa:asset-791d1841fab2f524,"[""egolifeqa:asset-791d1841fab2f524"", ""egolifeqa:asset-56846020e0a6a76c""]",2,2,sensor_vqa/raw/egolife/video/A1_JAKE/DAY2/DAY2_A1_JAKE_21303000.mp4,"",sensor_vqa/raw/egolife/imu/A1_JAKE/DAY2/DAY2_A1_JAKE_21303000/DAY2_A1_JAKE_21303000_left.npz,"[""sensor_vqa/raw/egolife/imu/A1_JAKE/DAY2/DAY2_A1_JAKE_21303000/DAY2_A1_JAKE_21303000_left.npz"", ""sensor_vqa/raw/egolife/imu/A1_JAKE/DAY2/DAY2_A1_JAKE_21303000/DAY2_A1_JAKE_21303000_right.npz""]",,,,,0.0,,DAY2@21303201,"[""DAY2@11173101""]","[""imu"", ""rgb""]",true,true,true,ready
2.0,egolifeqa:egolifeqa-a1-jake-144,EgoLifeQA,benchmark,EgoLife,egolifeqa-a1-jake-144,RelationMap,Who told me about having a toothache and bleeding a couple of days ago?,"[""Shure"", ""Alice"", ""Tasha"", ""Nicous""]",3,Nicous,public,"[""DAY2_A1_JAKE_21303000"", ""DAY2_A1_JAKE_13060000""]",egolifeqa:asset-791d1841fab2f524,"[""egolifeqa:asset-791d1841fab2f524"", ""egolifeqa:asset-c8de06e0b3dc0999""]",2,2,sensor_vqa/raw/egolife/video/A1_JAKE/DAY2/DAY2_A1_JAKE_21303000.mp4,"",sensor_vqa/raw/egolife/imu/A1_JAKE/DAY2/DAY2_A1_JAKE_21303000/DAY2_A1_JAKE_21303000_left.npz,"[""sensor_vqa/raw/egolife/imu/A1_JAKE/DAY2/DAY2_A1_JAKE_21303000/DAY2_A1_JAKE_21303000_left.npz"", ""sensor_vqa/raw/egolife/imu/A1_JAKE/DAY2/DAY2_A1_JAKE_21303000/DAY2_A1_JAKE_21303000_right.npz""]",,,,,0.0,,DAY2@21303201,"[""DAY2@13061500""]","[""imu"", ""rgb""]",true,true,true,ready
2.0,egolifeqa:egolifeqa-a1-jake-145,EgoLifeQA,benchmark,EgoLife,egolifeqa-a1-jake-145,RelationMap,who changed the camera's SD card with me,"[""Choiszt, Nicous"", ""Tasha, Katrina"", ""Tasha, Shure"", ""Tasha, Alice""]",0,"Choiszt, Nicous",public,"[""DAY2_A1_JAKE_21303000"", ""DAY2_A1_JAKE_13090000""]",egolifeqa:asset-791d1841fab2f524,"[""egolifeqa:asset-791d1841fab2f524"", ""egolifeqa:asset-39f1dd3142c1983c""]",2,2,sensor_vqa/raw/egolife/video/A1_JAKE/DAY2/DAY2_A1_JAKE_21303000.mp4,"",sensor_vqa/raw/egolife/imu/A1_JAKE/DAY2/DAY2_A1_JAKE_21303000/DAY2_A1_JAKE_21303000_left.npz,"[""sensor_vqa/raw/egolife/imu/A1_JAKE/DAY2/DAY2_A1_JAKE_21303000/DAY2_A1_JAKE_21303000_left.npz"", ""sensor_vqa/raw/egolife/imu/A1_JAKE/DAY2/DAY2_A1_JAKE_21303000/DAY2_A1_JAKE_21303000_right.npz""]",,,,,0.0,,DAY2@21303201,"[""DAY2@13092814""]","[""imu"", ""rgb""]",true,true,true,ready
2.0,egolifeqa:egolifeqa-a1-jake-146,EgoLifeQA,benchmark,EgoLife,egolifeqa-a1-jake-146,RelationMap,Who used the computer with me to upload data,"[""Nicous, Alice"", ""Nicous, Choiszt"", ""Nicous, Katrina"", ""Alice, Katrina""]",1,"Nicous, Choiszt",public,"[""DAY2_A1_JAKE_21303000"", ""DAY2_A1_JAKE_16150000""]",egolifeqa:asset-791d1841fab2f524,"[""egolifeqa:asset-791d1841fab2f524"", ""egolifeqa:asset-b7513639052e6332""]",2,2,sensor_vqa/raw/egolife/video/A1_JAKE/DAY2/DAY2_A1_JAKE_21303000.mp4,"",sensor_vqa/raw/egolife/imu/A1_JAKE/DAY2/DAY2_A1_JAKE_21303000/DAY2_A1_JAKE_21303000_left.npz,"[""sensor_vqa/raw/egolife/imu/A1_JAKE/DAY2/DAY2_A1_JAKE_21303000/DAY2_A1_JAKE_21303000_left.npz"", ""sensor_vqa/raw/egolife/imu/A1_JAKE/DAY2/DAY2_A1_JAKE_21303000/DAY2_A1_JAKE_21303000_right.npz""]",,,,,0.0,,DAY2@21303201,"[""DAY2@16150505""]","[""imu"", ""rgb""]",true,true,true,ready
2.0,egolifeqa:egolifeqa-a1-jake-147,EgoLifeQA,benchmark,EgoLife,egolifeqa-a1-jake-147,TaskMaster,What should I do next,"[""Scan the room with glasses"", ""Take a bath"", ""Dance"", ""Play games""]",0,Scan the room with glasses,public,"[""DAY2_A1_JAKE_21360000"", ""DAY2_A1_JAKE_21303000""]",egolifeqa:asset-475bc9270800a404,"[""egolifeqa:asset-475bc9270800a404"", ""egolifeqa:asset-791d1841fab2f524""]",2,2,sensor_vqa/raw/egolife/video/A1_JAKE/DAY2/DAY2_A1_JAKE_21360000.mp4,"",sensor_vqa/raw/egolife/imu/A1_JAKE/DAY2/DAY2_A1_JAKE_21360000/DAY2_A1_JAKE_21360000_left.npz,"[""sensor_vqa/raw/egolife/imu/A1_JAKE/DAY2/DAY2_A1_JAKE_21360000/DAY2_A1_JAKE_21360000_left.npz"", ""sensor_vqa/raw/egolife/imu/A1_JAKE/DAY2/DAY2_A1_JAKE_21360000/DAY2_A1_JAKE_21360000_right.npz""]",,,,,0.0,,DAY2@21360117,"[""DAY2@21305607""]","[""imu"", ""rgb""]",true,true,true,ready
2.0,egolifeqa:egolifeqa-a1-jake-148,EgoLifeQA,benchmark,EgoLife,egolifeqa-a1-jake-148,RelationMap,Who joined the conversation when I was chatting with Tasha and Lucia,"[""Alice"", ""Shure"", ""Nicous"", ""Katrina""]",3,Katrina,public,"[""DAY2_A1_JAKE_21443000"", ""DAY2_A1_JAKE_21390000""]",egolifeqa:asset-54c6b3104a7b709b,"[""egolifeqa:asset-54c6b3104a7b709b"", ""egolifeqa:asset-aa4832e8c007f9f5""]",2,2,sensor_vqa/raw/egolife/video/A1_JAKE/DAY2/DAY2_A1_JAKE_21443000.mp4,"",sensor_vqa/raw/egolife/imu/A1_JAKE/DAY2/DAY2_A1_JAKE_21443000/DAY2_A1_JAKE_21443000_left.npz,"[""sensor_vqa/raw/egolife/imu/A1_JAKE/DAY2/DAY2_A1_JAKE_21443000/DAY2_A1_JAKE_21443000_left.npz"", ""sensor_vqa/raw/egolife/imu/A1_JAKE/DAY2/DAY2_A1_JAKE_21443000/DAY2_A1_JAKE_21443000_right.npz""]",,,,,0.0,,DAY2@21443307,"[""DAY2@21392016""]","[""imu"", ""rgb""]",true,true,true,ready
2.0,egolifeqa:egolifeqa-a1-jake-149,EgoLifeQA,benchmark,EgoLife,egolifeqa-a1-jake-149,TaskMaster,What device should I use to scan the house,"[""Use a special camera"", ""Use the iPhone along with the action camera on the wall to scan together"", ""Use the action camera mounted on the wall along with another action camera"", ""Use my iPhone""]",3,Use my iPhone,public,"[""DAY2_A1_JAKE_21453000"", ""DAY1_A1_JAKE_13000000""]",egolifeqa:asset-58df0f33cf8795bf,"[""egolifeqa:asset-58df0f33cf8795bf"", ""egolifeqa:asset-defd74e02b396a76""]",2,2,sensor_vqa/raw/egolife/video/A1_JAKE/DAY2/DAY2_A1_JAKE_21453000.mp4,"",sensor_vqa/raw/egolife/imu/A1_JAKE/DAY2/DAY2_A1_JAKE_21453000/DAY2_A1_JAKE_21453000_left.npz,"[""sensor_vqa/raw/egolife/imu/A1_JAKE/DAY2/DAY2_A1_JAKE_21453000/DAY2_A1_JAKE_21453000_left.npz"", ""sensor_vqa/raw/egolife/imu/A1_JAKE/DAY2/DAY2_A1_JAKE_21453000/DAY2_A1_JAKE_21453000_right.npz""]",,,,,0.0,,DAY2@21453309,"[""DAY1@13001600""]","[""imu"", ""rgb""]",true,true,true,ready
2.0,egolifeqa:egolifeqa-a1-jake-150,EgoLifeQA,benchmark,EgoLife,egolifeqa-a1-jake-150,TaskMaster,What are Shure and Katrina about to go out to do,"[""How to mix drinks"", ""How to arrange the room"", ""Discuss the content of Earth Day"", ""How to dance better""]",2,Discuss the content of Earth Day,public,"[""DAY2_A1_JAKE_21480000"", ""DAY2_A1_JAKE_21313000""]",egolifeqa:asset-ae23d104179e0700,"[""egolifeqa:asset-ae23d104179e0700"", ""egolifeqa:asset-154d4f9b0b222b92""]",2,2,sensor_vqa/raw/egolife/video/A1_JAKE/DAY2/DAY2_A1_JAKE_21480000.mp4,"",sensor_vqa/raw/egolife/imu/A1_JAKE/DAY2/DAY2_A1_JAKE_21480000/DAY2_A1_JAKE_21480000_left.npz,"[""sensor_vqa/raw/egolife/imu/A1_JAKE/DAY2/DAY2_A1_JAKE_21480000/DAY2_A1_JAKE_21480000_left.npz"", ""sensor_vqa/raw/egolife/imu/A1_JAKE/DAY2/DAY2_A1_JAKE_21480000/DAY2_A1_JAKE_21480000_right.npz""]",,,,,0.0,,DAY2@21480611,"[""DAY2@21313714""]","[""imu"", ""rgb""]",true,true,true,ready
2.0,egolifeqa:egolifeqa-a1-jake-151,EgoLifeQA,benchmark,EgoLife,egolifeqa-a1-jake-151,RelationMap,Who was discussing future plans with me on the whiteboard on the first floor in the evening?,"[""Katrina, Alice, Tasha"", ""Katrina, Choiszt, Shure"", ""Katrina, Shure, Nicous"", ""Katrina, Tasha, Nicous""]",2,"Katrina, Shure, Nicous",public,"[""DAY2_A1_JAKE_21480000"", ""DAY2_A1_JAKE_21303000""]",egolifeqa:asset-ae23d104179e0700,"[""egolifeqa:asset-ae23d104179e0700"", ""egolifeqa:asset-791d1841fab2f524""]",2,2,sensor_vqa/raw/egolife/video/A1_JAKE/DAY2/DAY2_A1_JAKE_21480000.mp4,"",sensor_vqa/raw/egolife/imu/A1_JAKE/DAY2/DAY2_A1_JAKE_21480000/DAY2_A1_JAKE_21480000_left.npz,"[""sensor_vqa/raw/egolife/imu/A1_JAKE/DAY2/DAY2_A1_JAKE_21480000/DAY2_A1_JAKE_21480000_left.npz"", ""sensor_vqa/raw/egolife/imu/A1_JAKE/DAY2/DAY2_A1_JAKE_21480000/DAY2_A1_JAKE_21480000_right.npz""]",,,,,0.0,,DAY2@21480611,"[""DAY2@21303201""]","[""imu"", ""rgb""]",true,true,true,ready
2.0,egolifeqa:egolifeqa-a1-jake-152,EgoLifeQA,benchmark,EgoLife,egolifeqa-a1-jake-152,TaskMaster,What are we doing tomorrow?,"[""Drink"", ""Go outdoors"", ""Dance"", ""Play games together""]",1,Go outdoors,public,"[""DAY2_A1_JAKE_21480000"", ""DAY2_A1_JAKE_21360000""]",egolifeqa:asset-ae23d104179e0700,"[""egolifeqa:asset-ae23d104179e0700"", ""egolifeqa:asset-475bc9270800a404""]",2,2,sensor_vqa/raw/egolife/video/A1_JAKE/DAY2/DAY2_A1_JAKE_21480000.mp4,"",sensor_vqa/raw/egolife/imu/A1_JAKE/DAY2/DAY2_A1_JAKE_21480000/DAY2_A1_JAKE_21480000_left.npz,"[""sensor_vqa/raw/egolife/imu/A1_JAKE/DAY2/DAY2_A1_JAKE_21480000/DAY2_A1_JAKE_21480000_left.npz"", ""sensor_vqa/raw/egolife/imu/A1_JAKE/DAY2/DAY2_A1_JAKE_21480000/DAY2_A1_JAKE_21480000_right.npz""]",,,,,0.0,,DAY2@21480611,"[""DAY2@21360117""]","[""imu"", ""rgb""]",true,true,true,ready
2.0,egolifeqa:egolifeqa-a1-jake-153,EgoLifeQA,benchmark,EgoLife,egolifeqa-a1-jake-153,TaskMaster,Where do you plan to go for outdoor activities tomorrow?,"[""Supermarket"", ""Amusement Park"", ""Park"", ""Arcade""]",2,Park,public,"[""DAY2_A1_JAKE_21480000"", ""DAY2_A1_JAKE_21380000""]",egolifeqa:asset-ae23d104179e0700,"[""egolifeqa:asset-ae23d104179e0700"", ""egolifeqa:asset-954c9e6b9243e943""]",2,2,sensor_vqa/raw/egolife/video/A1_JAKE/DAY2/DAY2_A1_JAKE_21480000.mp4,"",sensor_vqa/raw/egolife/imu/A1_JAKE/DAY2/DAY2_A1_JAKE_21480000/DAY2_A1_JAKE_21480000_left.npz,"[""sensor_vqa/raw/egolife/imu/A1_JAKE/DAY2/DAY2_A1_JAKE_21480000/DAY2_A1_JAKE_21480000_left.npz"", ""sensor_vqa/raw/egolife/imu/A1_JAKE/DAY2/DAY2_A1_JAKE_21480000/DAY2_A1_JAKE_21480000_right.npz""]",,,,,0.0,,DAY2@21480611,"[""DAY2@21381607""]","[""imu"", ""rgb""]",true,true,true,ready
2.0,egolifeqa:egolifeqa-a1-jake-154,EgoLifeQA,benchmark,EgoLife,egolifeqa-a1-jake-154,EntityLog,Who used the microwave last time?,"[""Shure"", ""Me"", ""Tasha"", ""Katrina""]",1,Me,public,"[""DAY2_A1_JAKE_21480000"", ""DAY1_A1_JAKE_20310000""]",egolifeqa:asset-ae23d104179e0700,"[""egolifeqa:asset-ae23d104179e0700"", ""egolifeqa:asset-d27815d7c00b273b""]",2,2,sensor_vqa/raw/egolife/video/A1_JAKE/DAY2/DAY2_A1_JAKE_21480000.mp4,"",sensor_vqa/raw/egolife/imu/A1_JAKE/DAY2/DAY2_A1_JAKE_21480000/DAY2_A1_JAKE_21480000_left.npz,"[""sensor_vqa/raw/egolife/imu/A1_JAKE/DAY2/DAY2_A1_JAKE_21480000/DAY2_A1_JAKE_21480000_left.npz"", ""sensor_vqa/raw/egolife/imu/A1_JAKE/DAY2/DAY2_A1_JAKE_21480000/DAY2_A1_JAKE_21480000_right.npz""]",,,,,0.0,,DAY2@21482410,"[""DAY1@20312313""]","[""imu"", ""rgb""]",true,true,true,ready
2.0,egolifeqa:egolifeqa-a1-jake-155,EgoLifeQA,benchmark,EgoLife,egolifeqa-a1-jake-155,RelationMap,"Tonight, who is playing the guitar next to me and Nicous","[""Katrina"", ""Choiszt"", ""Shure"", ""Lucia""]",1,Choiszt,public,"[""DAY2_A1_JAKE_21563000"", ""DAY2_A1_JAKE_18163000""]",egolifeqa:asset-6e5554bc98e3b800,"[""egolifeqa:asset-6e5554bc98e3b800"", ""egolifeqa:asset-97bd0ca6dc56f2e8""]",2,2,sensor_vqa/raw/egolife/video/A1_JAKE/DAY2/DAY2_A1_JAKE_21563000.mp4,"",sensor_vqa/raw/egolife/imu/A1_JAKE/DAY2/DAY2_A1_JAKE_21563000/DAY2_A1_JAKE_21563000_left.npz,"[""sensor_vqa/raw/egolife/imu/A1_JAKE/DAY2/DAY2_A1_JAKE_21563000/DAY2_A1_JAKE_21563000_left.npz"", ""sensor_vqa/raw/egolife/imu/A1_JAKE/DAY2/DAY2_A1_JAKE_21563000/DAY2_A1_JAKE_21563000_right.npz""]",,,,,0.0,,DAY2@21563610,"[""DAY2@18165414""]","[""imu"", ""rgb""]",true,true,true,ready
2.0,egolifeqa:egolifeqa-a1-jake-156,EgoLifeQA,benchmark,EgoLife,egolifeqa-a1-jake-156,HabitInsight,"Among us, who doesn't like eating durian","[""Me"", ""Lucia"", ""Alice"", ""Tasha""]",1,Lucia,public,"[""DAY2_A1_JAKE_22110000"", ""DAY1_A1_JAKE_17200000""]",egolifeqa:asset-15b05ebe5ba844df,"[""egolifeqa:asset-15b05ebe5ba844df"", ""egolifeqa:asset-45be7a384fe9e29d""]",2,2,sensor_vqa/raw/egolife/video/A1_JAKE/DAY2/DAY2_A1_JAKE_22110000.mp4,"",sensor_vqa/raw/egolife/imu/A1_JAKE/DAY2/DAY2_A1_JAKE_22110000/DAY2_A1_JAKE_22110000_left.npz,"[""sensor_vqa/raw/egolife/imu/A1_JAKE/DAY2/DAY2_A1_JAKE_22110000/DAY2_A1_JAKE_22110000_left.npz"", ""sensor_vqa/raw/egolife/imu/A1_JAKE/DAY2/DAY2_A1_JAKE_22110000/DAY2_A1_JAKE_22110000_right.npz""]",,,,,0.0,,DAY2@22110505,"[""DAY1@17200403""]","[""imu"", ""rgb""]",true,true,true,ready
2.0,egolifeqa:egolifeqa-a1-jake-157,EgoLifeQA,benchmark,EgoLife,egolifeqa-a1-jake-157,HabitInsight,What hairstyle does Tasha like to do?,"[""High ponytail"", ""Updo"", ""Big waves"", ""Twin ponytails""]",3,Twin ponytails,public,"[""DAY2_A1_JAKE_22110000"", ""DAY1_A1_JAKE_17133000"", ""DAY1_A1_JAKE_11190000""]",egolifeqa:asset-15b05ebe5ba844df,"[""egolifeqa:asset-15b05ebe5ba844df"", ""egolifeqa:asset-14ef12f18426d7db"", ""egolifeqa:asset-e19e997ef9811080""]",3,3,sensor_vqa/raw/egolife/video/A1_JAKE/DAY2/DAY2_A1_JAKE_22110000.mp4,"",sensor_vqa/raw/egolife/imu/A1_JAKE/DAY2/DAY2_A1_JAKE_22110000/DAY2_A1_JAKE_22110000_left.npz,"[""sensor_vqa/raw/egolife/imu/A1_JAKE/DAY2/DAY2_A1_JAKE_22110000/DAY2_A1_JAKE_22110000_left.npz"", ""sensor_vqa/raw/egolife/imu/A1_JAKE/DAY2/DAY2_A1_JAKE_22110000/DAY2_A1_JAKE_22110000_right.npz""]",,,,,0.0,,DAY2@22110507,"[""DAY1@17133111"", ""DAY1@11192016""]","[""imu"", ""rgb""]",true,true,true,ready
2.0,egolifeqa:egolifeqa-a1-jake-158,EgoLifeQA,benchmark,EgoLife,egolifeqa-a1-jake-158,HabitInsight,What kind of music does Lucia like to dance to?,"[""Fast rhythm"", ""Slow rhythm"", ""Lyrical"", ""With clear drum beats""]",3,With clear drum beats,public,"[""DAY2_A1_JAKE_22110000"", ""DAY2_A1_JAKE_11210000""]",egolifeqa:asset-15b05ebe5ba844df,"[""egolifeqa:asset-15b05ebe5ba844df"", ""egolifeqa:asset-3331283c18bbb160""]",2,2,sensor_vqa/raw/egolife/video/A1_JAKE/DAY2/DAY2_A1_JAKE_22110000.mp4,"",sensor_vqa/raw/egolife/imu/A1_JAKE/DAY2/DAY2_A1_JAKE_22110000/DAY2_A1_JAKE_22110000_left.npz,"[""sensor_vqa/raw/egolife/imu/A1_JAKE/DAY2/DAY2_A1_JAKE_22110000/DAY2_A1_JAKE_22110000_left.npz"", ""sensor_vqa/raw/egolife/imu/A1_JAKE/DAY2/DAY2_A1_JAKE_22110000/DAY2_A1_JAKE_22110000_right.npz""]",,,,,0.0,,DAY2@22110508,"[""DAY2@11212716""]","[""imu"", ""rgb""]",true,true,true,ready
2.0,egolifeqa:egolifeqa-a1-jake-159,EgoLifeQA,benchmark,EgoLife,egolifeqa-a1-jake-159,EntityLog,When was the calibration board on the ground last used?,"[""About twelve hours ago"", ""About one day ago"", ""About four and a half hours ago"", ""About eight hours ago.""]",2,About four and a half hours ago,public,"[""DAY2_A1_JAKE_22110000"", ""DAY2_A1_JAKE_17390000""]",egolifeqa:asset-15b05ebe5ba844df,"[""egolifeqa:asset-15b05ebe5ba844df"", ""egolifeqa:asset-834e7af0c448a47b""]",2,2,sensor_vqa/raw/egolife/video/A1_JAKE/DAY2/DAY2_A1_JAKE_22110000.mp4,"",sensor_vqa/raw/egolife/imu/A1_JAKE/DAY2/DAY2_A1_JAKE_22110000/DAY2_A1_JAKE_22110000_left.npz,"[""sensor_vqa/raw/egolife/imu/A1_JAKE/DAY2/DAY2_A1_JAKE_22110000/DAY2_A1_JAKE_22110000_left.npz"", ""sensor_vqa/raw/egolife/imu/A1_JAKE/DAY2/DAY2_A1_JAKE_22110000/DAY2_A1_JAKE_22110000_right.npz""]",,,,,0.0,,DAY2@22112801,"[""DAY2@17390210""]","[""imu"", ""rgb""]",true,true,true,ready
2.0,egolifeqa:egolifeqa-a1-jake-160,EgoLifeQA,benchmark,EgoLife,egolifeqa-a1-jake-160,RelationMap,Who did I eat green grapes with in the kitchen today,"[""Lucia"", ""Tasha"", ""Alice"", ""Choiszt""]",3,Choiszt,public,"[""DAY2_A1_JAKE_22443000"", ""DAY2_A1_JAKE_21423000""]",egolifeqa:asset-1cb845443f980d18,"[""egolifeqa:asset-1cb845443f980d18"", ""egolifeqa:asset-4051a9a361232234""]",2,2,sensor_vqa/raw/egolife/video/A1_JAKE/DAY2/DAY2_A1_JAKE_22443000.mp4,"",sensor_vqa/raw/egolife/imu/A1_JAKE/DAY2/DAY2_A1_JAKE_22443000/DAY2_A1_JAKE_22443000_left.npz,"[""sensor_vqa/raw/egolife/imu/A1_JAKE/DAY2/DAY2_A1_JAKE_22443000/DAY2_A1_JAKE_22443000_left.npz"", ""sensor_vqa/raw/egolife/imu/A1_JAKE/DAY2/DAY2_A1_JAKE_22443000/DAY2_A1_JAKE_22443000_right.npz""]",,,,,0.0,,DAY2@22444619,"[""DAY2@21423909""]","[""imu"", ""rgb""]",true,true,true,ready
2.0,egolifeqa:egolifeqa-a1-jake-161,EgoLifeQA,benchmark,EgoLife,egolifeqa-a1-jake-161,EventRecall,Lucia is now suggesting buying small pillows shaped like marine creatures. When was the last time she mentioned similar decorations?,"[""5 and a half hours ago"", ""7 hours ago"", ""6 hours ago"", ""8 hours ago""]",0,5 and a half hours ago,public,"[""DAY2_A1_JAKE_22540000"", ""DAY2_A1_JAKE_17240000""]",egolifeqa:asset-e0152f7c2face9a2,"[""egolifeqa:asset-e0152f7c2face9a2"", ""egolifeqa:asset-aa1b9586bd33e564""]",2,2,sensor_vqa/raw/egolife/video/A1_JAKE/DAY2/DAY2_A1_JAKE_22540000.mp4,"",sensor_vqa/raw/egolife/imu/A1_JAKE/DAY2/DAY2_A1_JAKE_22540000/DAY2_A1_JAKE_22540000_left.npz,"[""sensor_vqa/raw/egolife/imu/A1_JAKE/DAY2/DAY2_A1_JAKE_22540000/DAY2_A1_JAKE_22540000_left.npz"", ""sensor_vqa/raw/egolife/imu/A1_JAKE/DAY2/DAY2_A1_JAKE_22540000/DAY2_A1_JAKE_22540000_right.npz""]",,,,,0.0,,DAY2@22540707,"[""DAY2@17242112""]","[""imu"", ""rgb""]",true,true,true,ready
2.0,egolifeqa:egolifeqa-a1-jake-162,EgoLifeQA,benchmark,EgoLife,egolifeqa-a1-jake-162,EntityLog,What was the last thing I used the timer app on my phone for?,"[""Calculate"", ""Timing"", ""Competition"", ""Align Time""]",3,Align Time,public,"[""DAY3_A1_JAKE_11323000"", ""DAY2_A1_JAKE_22470000""]",egolifeqa:asset-9fdb70be96320250,"[""egolifeqa:asset-9fdb70be96320250"", ""egolifeqa:asset-16256e98b9ba82dd""]",2,2,sensor_vqa/raw/egolife/video/A1_JAKE/DAY3/DAY3_A1_JAKE_11323000.mp4,"",sensor_vqa/raw/egolife/imu/A1_JAKE/DAY3/DAY3_A1_JAKE_11323000/DAY3_A1_JAKE_11323000_left.npz,"[""sensor_vqa/raw/egolife/imu/A1_JAKE/DAY3/DAY3_A1_JAKE_11323000/DAY3_A1_JAKE_11323000_left.npz"", ""sensor_vqa/raw/egolife/imu/A1_JAKE/DAY3/DAY3_A1_JAKE_11323000/DAY3_A1_JAKE_11323000_right.npz""]",,,,,0.0,,DAY3@11324919,"[""DAY2@22471816""]","[""imu"", ""rgb""]",true,true,true,ready
2.0,egolifeqa:egolifeqa-a1-jake-163,EgoLifeQA,benchmark,EgoLife,egolifeqa-a1-jake-163,EntityLog,When was the last time the microwave in the kitchen was used?,"[""Yesterday afternoon"", ""Yesterday morning"", ""This morning"", ""Last night""]",3,Last night,public,"[""DAY3_A1_JAKE_11343000"", ""DAY2_A1_JAKE_22380000""]",egolifeqa:asset-9503175eb540fbe9,"[""egolifeqa:asset-9503175eb540fbe9"", ""egolifeqa:asset-5454e9a5e053009a""]",2,2,sensor_vqa/raw/egolife/video/A1_JAKE/DAY3/DAY3_A1_JAKE_11343000.mp4,"",sensor_vqa/raw/egolife/imu/A1_JAKE/DAY3/DAY3_A1_JAKE_11343000/DAY3_A1_JAKE_11343000_left.npz,"[""sensor_vqa/raw/egolife/imu/A1_JAKE/DAY3/DAY3_A1_JAKE_11343000/DAY3_A1_JAKE_11343000_left.npz"", ""sensor_vqa/raw/egolife/imu/A1_JAKE/DAY3/DAY3_A1_JAKE_11343000/DAY3_A1_JAKE_11343000_right.npz""]",,,,,0.0,,DAY3@11343703,"[""DAY2@22381816""]","[""imu"", ""rgb""]",true,true,true,ready
2.0,egolifeqa:egolifeqa-a1-jake-164,EgoLifeQA,benchmark,EgoLife,egolifeqa-a1-jake-164,TaskMaster,What does Lucia need to buy for decorating her room?,"[""Photo wall Coasters"", ""Fishing net Small colorful flags"", ""Little Pillow"", ""Shells Miniature landscape""]",2,Little Pillow,public,"[""DAY3_A1_JAKE_11410000"", ""DAY2_A1_JAKE_22540000""]",egolifeqa:asset-5b7ffe049c211f2d,"[""egolifeqa:asset-5b7ffe049c211f2d"", ""egolifeqa:asset-e0152f7c2face9a2""]",2,2,sensor_vqa/raw/egolife/video/A1_JAKE/DAY3/DAY3_A1_JAKE_11410000.mp4,"",sensor_vqa/raw/egolife/imu/A1_JAKE/DAY3/DAY3_A1_JAKE_11410000/DAY3_A1_JAKE_11410000_left.npz,"[""sensor_vqa/raw/egolife/imu/A1_JAKE/DAY3/DAY3_A1_JAKE_11410000/DAY3_A1_JAKE_11410000_left.npz"", ""sensor_vqa/raw/egolife/imu/A1_JAKE/DAY3/DAY3_A1_JAKE_11410000/DAY3_A1_JAKE_11410000_right.npz""]",,,,,0.0,,DAY3@11410802,"[""DAY2@22541816""]","[""imu"", ""rgb""]",true,true,true,ready
2.0,egolifeqa:egolifeqa-a1-jake-165,EgoLifeQA,benchmark,EgoLife,egolifeqa-a1-jake-165,RelationMap,Who helped me set up the table?,"[""Violet"", ""Lucia"", ""Katrina"", ""Alice""]",0,Violet,public,"[""DAY3_A1_JAKE_11440000"", ""DAY3_A1_JAKE_11223000""]",egolifeqa:asset-4c58b0c1250278f6,"[""egolifeqa:asset-4c58b0c1250278f6"", ""egolifeqa:asset-4c4148c8f4d6fa7c""]",2,2,sensor_vqa/raw/egolife/video/A1_JAKE/DAY3/DAY3_A1_JAKE_11440000.mp4,"",sensor_vqa/raw/egolife/imu/A1_JAKE/DAY3/DAY3_A1_JAKE_11440000/DAY3_A1_JAKE_11440000_left.npz,"[""sensor_vqa/raw/egolife/imu/A1_JAKE/DAY3/DAY3_A1_JAKE_11440000/DAY3_A1_JAKE_11440000_left.npz"", ""sensor_vqa/raw/egolife/imu/A1_JAKE/DAY3/DAY3_A1_JAKE_11440000/DAY3_A1_JAKE_11440000_right.npz""]",,,,,0.0,,DAY3@11440812,"[""DAY3@11223306""]","[""imu"", ""rgb""]",true,true,true,ready
2.0,egolifeqa:egolifeqa-a1-jake-166,EgoLifeQA,benchmark,EgoLife,egolifeqa-a1-jake-166,RelationMap,Who is missing from today's event compared to yesterday's dance?,"[""Lucia Shure"", ""Nicous Shure"", ""Violet Nicous"", ""Nicous Choiszt""]",3,Nicous Choiszt,public,"[""DAY3_A1_JAKE_11443000"", ""DAY2_A1_JAKE_15563000""]",egolifeqa:asset-9f1ef1abda20f787,"[""egolifeqa:asset-9f1ef1abda20f787"", ""egolifeqa:asset-66188001cee8b910""]",2,2,sensor_vqa/raw/egolife/video/A1_JAKE/DAY3/DAY3_A1_JAKE_11443000.mp4,"",sensor_vqa/raw/egolife/imu/A1_JAKE/DAY3/DAY3_A1_JAKE_11443000/DAY3_A1_JAKE_11443000_left.npz,"[""sensor_vqa/raw/egolife/imu/A1_JAKE/DAY3/DAY3_A1_JAKE_11443000/DAY3_A1_JAKE_11443000_left.npz"", ""sensor_vqa/raw/egolife/imu/A1_JAKE/DAY3/DAY3_A1_JAKE_11443000/DAY3_A1_JAKE_11443000_right.npz""]",,,,,0.0,,DAY3@11444716,"[""DAY2@15565106""]","[""imu"", ""rgb""]",true,true,true,ready
2.0,egolifeqa:egolifeqa-a1-jake-167,EgoLifeQA,benchmark,EgoLife,egolifeqa-a1-jake-167,EntityLog,Who put the water cup on the table?,"[""Lucia and Shure"", ""Shure and Violet"", ""I and Lucia"", ""I and Violet""]",3,I and Violet,public,"[""DAY3_A1_JAKE_11570000"", ""DAY3_A1_JAKE_11313000""]",egolifeqa:asset-31f8b14ee36f5333,"[""egolifeqa:asset-31f8b14ee36f5333"", ""egolifeqa:asset-4277f85a1c0c8823""]",2,2,sensor_vqa/raw/egolife/video/A1_JAKE/DAY3/DAY3_A1_JAKE_11570000.mp4,"",sensor_vqa/raw/egolife/imu/A1_JAKE/DAY3/DAY3_A1_JAKE_11570000/DAY3_A1_JAKE_11570000_left.npz,"[""sensor_vqa/raw/egolife/imu/A1_JAKE/DAY3/DAY3_A1_JAKE_11570000/DAY3_A1_JAKE_11570000_left.npz"", ""sensor_vqa/raw/egolife/imu/A1_JAKE/DAY3/DAY3_A1_JAKE_11570000/DAY3_A1_JAKE_11570000_right.npz""]",,,,,0.0,,DAY3@11570511,"[""DAY3@11315802""]","[""imu"", ""rgb""]",true,true,true,ready
2.0,egolifeqa:egolifeqa-a1-jake-168,EgoLifeQA,benchmark,EgoLife,egolifeqa-a1-jake-168,RelationMap,Who put the takeout in the microwave the night before last?,"[""Alice"", ""Me"", ""Tasha"", ""Lucia""]",1,Me,public,"[""DAY3_A1_JAKE_11580000"", ""DAY1_A1_JAKE_20313000""]",egolifeqa:asset-44b2cd75eaf62b20,"[""egolifeqa:asset-44b2cd75eaf62b20"", ""egolifeqa:asset-8f43340e86f60433""]",2,2,sensor_vqa/raw/egolife/video/A1_JAKE/DAY3/DAY3_A1_JAKE_11580000.mp4,"",sensor_vqa/raw/egolife/imu/A1_JAKE/DAY3/DAY3_A1_JAKE_11580000/DAY3_A1_JAKE_11580000_left.npz,"[""sensor_vqa/raw/egolife/imu/A1_JAKE/DAY3/DAY3_A1_JAKE_11580000/DAY3_A1_JAKE_11580000_left.npz"", ""sensor_vqa/raw/egolife/imu/A1_JAKE/DAY3/DAY3_A1_JAKE_11580000/DAY3_A1_JAKE_11580000_right.npz""]",,,,,0.0,,DAY3@11580956,"[""DAY1@20313411""]","[""imu"", ""rgb""]",true,true,true,ready
2.0,egolifeqa:egolifeqa-a1-jake-169,EgoLifeQA,benchmark,EgoLife,egolifeqa-a1-jake-169,RelationMap,Who handed me the gloves last time?,"[""Shure"", ""Tasha"", ""Lucia"", ""Alice""]",1,Tasha,public,"[""DAY3_A1_JAKE_12010000"", ""DAY1_A1_JAKE_19420000""]",egolifeqa:asset-95003c6c73cef022,"[""egolifeqa:asset-95003c6c73cef022"", ""egolifeqa:asset-cb86586bdeab61ea""]",2,2,sensor_vqa/raw/egolife/video/A1_JAKE/DAY3/DAY3_A1_JAKE_12010000.mp4,"",sensor_vqa/raw/egolife/imu/A1_JAKE/DAY3/DAY3_A1_JAKE_12010000/DAY3_A1_JAKE_12010000_left.npz,"[""sensor_vqa/raw/egolife/imu/A1_JAKE/DAY3/DAY3_A1_JAKE_12010000/DAY3_A1_JAKE_12010000_left.npz"", ""sensor_vqa/raw/egolife/imu/A1_JAKE/DAY3/DAY3_A1_JAKE_12010000/DAY3_A1_JAKE_12010000_right.npz""]",,,,,0.0,,DAY3@12012102,"[""DAY1@19422418""]","[""imu"", ""rgb""]",true,true,true,ready
2.0,egolifeqa:egolifeqa-a1-jake-170,EgoLifeQA,benchmark,EgoLife,egolifeqa-a1-jake-170,RelationMap,Who did I sit next to while eating last night?,"[""Tasha and Katrina"", ""Choiszt and Lucia"", ""Tasha and Choiszt"", ""Nicous and Choiszt""]",0,Tasha and Katrina,public,"[""DAY3_A1_JAKE_12063000"", ""DAY2_A1_JAKE_18370000""]",egolifeqa:asset-68bb19d7119e4da7,"[""egolifeqa:asset-68bb19d7119e4da7"", ""egolifeqa:asset-d816fc63e381f891""]",2,2,sensor_vqa/raw/egolife/video/A1_JAKE/DAY3/DAY3_A1_JAKE_12063000.mp4,"",sensor_vqa/raw/egolife/imu/A1_JAKE/DAY3/DAY3_A1_JAKE_12063000/DAY3_A1_JAKE_12063000_left.npz,"[""sensor_vqa/raw/egolife/imu/A1_JAKE/DAY3/DAY3_A1_JAKE_12063000/DAY3_A1_JAKE_12063000_left.npz"", ""sensor_vqa/raw/egolife/imu/A1_JAKE/DAY3/DAY3_A1_JAKE_12063000/DAY3_A1_JAKE_12063000_right.npz""]",,,,,0.0,,DAY3@12063116,"[""DAY2@18370600""]","[""imu"", ""rgb""]",true,true,true,ready
2.0,egolifeqa:egolifeqa-a1-jake-171,EgoLifeQA,benchmark,EgoLife,egolifeqa-a1-jake-171,EventRecall,What happened after the last time Tasha handed me something?,"[""Eating"", ""Washing dishes"", ""Sweeping the floor"", ""Shopping""]",1,Washing dishes,public,"[""DAY3_A1_JAKE_12083000"", ""DAY2_A1_JAKE_21030000""]",egolifeqa:asset-022001e187c105c8,"[""egolifeqa:asset-022001e187c105c8"", ""egolifeqa:asset-1f5230b435a2c45c""]",2,2,sensor_vqa/raw/egolife/video/A1_JAKE/DAY3/DAY3_A1_JAKE_12083000.mp4,"",sensor_vqa/raw/egolife/imu/A1_JAKE/DAY3/DAY3_A1_JAKE_12083000/DAY3_A1_JAKE_12083000_left.npz,"[""sensor_vqa/raw/egolife/imu/A1_JAKE/DAY3/DAY3_A1_JAKE_12083000/DAY3_A1_JAKE_12083000_left.npz"", ""sensor_vqa/raw/egolife/imu/A1_JAKE/DAY3/DAY3_A1_JAKE_12083000/DAY3_A1_JAKE_12083000_right.npz""]",,,,,0.0,,DAY3@12083500,"[""DAY2@21031900""]","[""imu"", ""rgb""]",true,true,true,ready
2.0,egolifeqa:egolifeqa-a1-jake-172,EgoLifeQA,benchmark,EgoLife,egolifeqa-a1-jake-172,TaskMaster,What activities do we have in the afternoon?,"[""Pick up a package"", ""Go outdoors for photography"", ""Play with puppies"", ""Swimming""]",1,Go outdoors for photography,public,"[""DAY3_A1_JAKE_12083000"", ""DAY2_A1_JAKE_21223000""]",egolifeqa:asset-022001e187c105c8,"[""egolifeqa:asset-022001e187c105c8"", ""egolifeqa:asset-3cc43e74b6674e45""]",2,2,sensor_vqa/raw/egolife/video/A1_JAKE/DAY3/DAY3_A1_JAKE_12083000.mp4,"",sensor_vqa/raw/egolife/imu/A1_JAKE/DAY3/DAY3_A1_JAKE_12083000/DAY3_A1_JAKE_12083000_left.npz,"[""sensor_vqa/raw/egolife/imu/A1_JAKE/DAY3/DAY3_A1_JAKE_12083000/DAY3_A1_JAKE_12083000_left.npz"", ""sensor_vqa/raw/egolife/imu/A1_JAKE/DAY3/DAY3_A1_JAKE_12083000/DAY3_A1_JAKE_12083000_right.npz""]",,,,,0.0,,DAY3@12085702,"[""DAY2@21225500""]","[""imu"", ""rgb""]",true,true,true,ready
2.0,egolifeqa:egolifeqa-a1-jake-173,EgoLifeQA,benchmark,EgoLife,egolifeqa-a1-jake-173,EntityLog,What drinks were these disposable paper cups used for before?,"[""Cola"", ""Mineral Water"", ""Orange Juice"", ""Sprite""]",1,Mineral Water,public,"[""DAY3_A1_JAKE_12150000"", ""DAY3_A1_JAKE_11233000""]",egolifeqa:asset-c3055cba31fc705d,"[""egolifeqa:asset-c3055cba31fc705d"", ""egolifeqa:asset-679b894b54f1df58""]",2,2,sensor_vqa/raw/egolife/video/A1_JAKE/DAY3/DAY3_A1_JAKE_12150000.mp4,"",sensor_vqa/raw/egolife/imu/A1_JAKE/DAY3/DAY3_A1_JAKE_12150000/DAY3_A1_JAKE_12150000_left.npz,"[""sensor_vqa/raw/egolife/imu/A1_JAKE/DAY3/DAY3_A1_JAKE_12150000/DAY3_A1_JAKE_12150000_left.npz"", ""sensor_vqa/raw/egolife/imu/A1_JAKE/DAY3/DAY3_A1_JAKE_12150000/DAY3_A1_JAKE_12150000_right.npz""]",,,,,0.0,,DAY3@12150207,"[""DAY3@11234202""]","[""imu"", ""rgb""]",true,true,true,ready
2.0,egolifeqa:egolifeqa-a1-jake-174,EgoLifeQA,benchmark,EgoLife,egolifeqa-a1-jake-174,EntityLog,What other styles were mentioned the last time we discussed decoration styles?,"[""Forest"", ""Sky"", ""Earth"", ""Ocean""]",3,Ocean,public,"[""DAY3_A1_JAKE_12203000"", ""DAY2_A1_JAKE_22540000""]",egolifeqa:asset-8e32c29b734b450b,"[""egolifeqa:asset-8e32c29b734b450b"", ""egolifeqa:asset-e0152f7c2face9a2""]",2,2,sensor_vqa/raw/egolife/video/A1_JAKE/DAY3/DAY3_A1_JAKE_12203000.mp4,"",sensor_vqa/raw/egolife/imu/A1_JAKE/DAY3/DAY3_A1_JAKE_12203000/DAY3_A1_JAKE_12203000_left.npz,"[""sensor_vqa/raw/egolife/imu/A1_JAKE/DAY3/DAY3_A1_JAKE_12203000/DAY3_A1_JAKE_12203000_left.npz"", ""sensor_vqa/raw/egolife/imu/A1_JAKE/DAY3/DAY3_A1_JAKE_12203000/DAY3_A1_JAKE_12203000_right.npz""]",,,,,0.0,,DAY3@12205419,"[""DAY2@22540616""]","[""imu"", ""rgb""]",true,true,true,ready
2.0,egolifeqa:egolifeqa-a1-jake-175,EgoLifeQA,benchmark,EgoLife,egolifeqa-a1-jake-175,TaskMaster,What are we planning to do outdoors?,"[""Find a restaurant outside to eat"", ""Dance and take photos"", ""Prepare to buy some fresh meat and vegetables to cook at home"", ""Prepare to go to Universal Studios""]",1,Dance and take photos,public,"[""DAY3_A1_JAKE_14500000"", ""DAY3_A1_JAKE_12350000""]",egolifeqa:asset-ad098ee9a87bdc14,"[""egolifeqa:asset-ad098ee9a87bdc14"", ""egolifeqa:asset-e264eb5ed497ae0c""]",2,2,sensor_vqa/raw/egolife/video/A1_JAKE/DAY3/DAY3_A1_JAKE_14500000.mp4,"",sensor_vqa/raw/egolife/imu/A1_JAKE/DAY3/DAY3_A1_JAKE_14500000/DAY3_A1_JAKE_14500000_left.npz,"[""sensor_vqa/raw/egolife/imu/A1_JAKE/DAY3/DAY3_A1_JAKE_14500000/DAY3_A1_JAKE_14500000_left.npz"", ""sensor_vqa/raw/egolife/imu/A1_JAKE/DAY3/DAY3_A1_JAKE_14500000/DAY3_A1_JAKE_14500000_right.npz""]",,,,,0.0,,DAY3@14501909,"[""DAY3@12350203""]","[""imu"", ""rgb""]",true,true,true,ready
2.0,egolifeqa:egolifeqa-a1-jake-176,EgoLifeQA,benchmark,EgoLife,egolifeqa-a1-jake-176,HabitInsight,What brand of mineral water does Shure not like to drink?,"[""Yibao"", ""Kangshifu"", ""Wahaha"", ""Nongfu Spring""]",3,Nongfu Spring,public,"[""DAY3_A1_JAKE_14520000"", ""DAY3_A1_JAKE_11413000""]",egolifeqa:asset-3005ad5083d18777,"[""egolifeqa:asset-3005ad5083d18777"", ""egolifeqa:asset-cb6011c3d73421b5""]",2,2,sensor_vqa/raw/egolife/video/A1_JAKE/DAY3/DAY3_A1_JAKE_14520000.mp4,"",sensor_vqa/raw/egolife/imu/A1_JAKE/DAY3/DAY3_A1_JAKE_14520000/DAY3_A1_JAKE_14520000_left.npz,"[""sensor_vqa/raw/egolife/imu/A1_JAKE/DAY3/DAY3_A1_JAKE_14520000/DAY3_A1_JAKE_14520000_left.npz"", ""sensor_vqa/raw/egolife/imu/A1_JAKE/DAY3/DAY3_A1_JAKE_14520000/DAY3_A1_JAKE_14520000_right.npz""]",,,,,0.0,,DAY3@14520101,"[""DAY3@11415107""]","[""imu"", ""rgb""]",true,true,true,ready
2.0,egolifeqa:egolifeqa-a1-jake-177,EgoLifeQA,benchmark,EgoLife,egolifeqa-a1-jake-177,RelationMap,"While walking earlier, who was I chatting with about dancing?","[""Alice Lucia"", ""Shure Katrina"", ""Tasha Lucia"", ""Shure Tasha""]",2,Tasha Lucia,public,"[""DAY3_A1_JAKE_14573000"", ""DAY3_A1_JAKE_14503000""]",egolifeqa:asset-59c98f81d7a6048c,"[""egolifeqa:asset-59c98f81d7a6048c"", ""egolifeqa:asset-14061f43ad7a114a""]",2,2,sensor_vqa/raw/egolife/video/A1_JAKE/DAY3/DAY3_A1_JAKE_14573000.mp4,"",sensor_vqa/raw/egolife/imu/A1_JAKE/DAY3/DAY3_A1_JAKE_14573000/DAY3_A1_JAKE_14573000_left.npz,"[""sensor_vqa/raw/egolife/imu/A1_JAKE/DAY3/DAY3_A1_JAKE_14573000/DAY3_A1_JAKE_14573000_left.npz"", ""sensor_vqa/raw/egolife/imu/A1_JAKE/DAY3/DAY3_A1_JAKE_14573000/DAY3_A1_JAKE_14573000_right.npz""]",,,,,0.0,,DAY3@14573516,"[""DAY3@14504218""]","[""imu"", ""rgb""]",true,true,true,ready
2.0,egolifeqa:egolifeqa-a1-jake-178,EgoLifeQA,benchmark,EgoLife,egolifeqa-a1-jake-178,EventRecall,"Alice mentioned whether AI can understand why we take this path, when was the AI topic mentioned before?","[""About 4 hours ago"", ""About 2 days ago"", ""About 8 hours ago"", ""About 1 day ago""]",3,About 1 day ago,public,"[""DAY3_A1_JAKE_15083000"", ""DAY2_A1_JAKE_21110000""]",egolifeqa:asset-f8aa9ee09861d18b,"[""egolifeqa:asset-f8aa9ee09861d18b"", ""egolifeqa:asset-1bb06d63b634b4c8""]",2,2,sensor_vqa/raw/egolife/video/A1_JAKE/DAY3/DAY3_A1_JAKE_15083000.mp4,"",sensor_vqa/raw/egolife/imu/A1_JAKE/DAY3/DAY3_A1_JAKE_15083000/DAY3_A1_JAKE_15083000_left.npz,"[""sensor_vqa/raw/egolife/imu/A1_JAKE/DAY3/DAY3_A1_JAKE_15083000/DAY3_A1_JAKE_15083000_left.npz"", ""sensor_vqa/raw/egolife/imu/A1_JAKE/DAY3/DAY3_A1_JAKE_15083000/DAY3_A1_JAKE_15083000_right.npz""]",,,,,0.0,,DAY3@15085205,"[""DAY2@21110700""]","[""imu"", ""rgb""]",true,true,true,ready
2.0,egolifeqa:egolifeqa-a1-jake-179,EgoLifeQA,benchmark,EgoLife,egolifeqa-a1-jake-179,TaskMaster,What should we do next?,"[""Go swimming"", ""Go to the arcade"", ""Go to the convenience store"", ""Go dancing""]",2,Go to the convenience store,public,"[""DAY3_A1_JAKE_15370000"", ""DAY3_A1_JAKE_15293000""]",egolifeqa:asset-f2a1e8899cc967a7,"[""egolifeqa:asset-f2a1e8899cc967a7"", ""egolifeqa:asset-d5fa822883079889""]",2,2,sensor_vqa/raw/egolife/video/A1_JAKE/DAY3/DAY3_A1_JAKE_15370000.mp4,"",sensor_vqa/raw/egolife/imu/A1_JAKE/DAY3/DAY3_A1_JAKE_15370000/DAY3_A1_JAKE_15370000_left.npz,"[""sensor_vqa/raw/egolife/imu/A1_JAKE/DAY3/DAY3_A1_JAKE_15370000/DAY3_A1_JAKE_15370000_left.npz"", ""sensor_vqa/raw/egolife/imu/A1_JAKE/DAY3/DAY3_A1_JAKE_15370000/DAY3_A1_JAKE_15370000_right.npz""]",,,,,0.0,,DAY3@15370702,"[""DAY3@15294712""]","[""imu"", ""rgb""]",true,true,true,ready
2.0,egolifeqa:egolifeqa-a1-jake-180,EgoLifeQA,benchmark,EgoLife,egolifeqa-a1-jake-180,EventRecall,Who borrowed the flower stick from the old man in the park?,"[""Shure, Katrina"", ""Alice, Shure"", ""Katrina, Tasha"", ""Alice, Tasha""]",1,"Alice, Shure",public,"[""DAY3_A1_JAKE_15540000"", ""DAY3_A1_JAKE_15020000""]",egolifeqa:asset-3727d1c44ee2e832,"[""egolifeqa:asset-3727d1c44ee2e832"", ""egolifeqa:asset-0c50bcc4e455bbe7""]",2,2,sensor_vqa/raw/egolife/video/A1_JAKE/DAY3/DAY3_A1_JAKE_15540000.mp4,"",sensor_vqa/raw/egolife/imu/A1_JAKE/DAY3/DAY3_A1_JAKE_15540000/DAY3_A1_JAKE_15540000_left.npz,"[""sensor_vqa/raw/egolife/imu/A1_JAKE/DAY3/DAY3_A1_JAKE_15540000/DAY3_A1_JAKE_15540000_left.npz"", ""sensor_vqa/raw/egolife/imu/A1_JAKE/DAY3/DAY3_A1_JAKE_15540000/DAY3_A1_JAKE_15540000_right.npz""]",,,,,0.0,,DAY3@15541811,"[""DAY3@15022911""]","[""imu"", ""rgb""]",true,true,true,ready
2.0,egolifeqa:egolifeqa-a1-jake-181,EgoLifeQA,benchmark,EgoLife,egolifeqa-a1-jake-181,EventRecall,Who wore a hat while walking in the park?,"[""Lucia, Shure"", ""Lucia, Katrina"", ""Lucia, Tasha"", ""Lucia, Alice""]",2,"Lucia, Tasha",public,"[""DAY3_A1_JAKE_15580000"", ""DAY3_A1_JAKE_14493000""]",egolifeqa:asset-a5df8196d470096b,"[""egolifeqa:asset-a5df8196d470096b"", ""egolifeqa:asset-ee67346312cecb9b""]",2,2,sensor_vqa/raw/egolife/video/A1_JAKE/DAY3/DAY3_A1_JAKE_15580000.mp4,"",sensor_vqa/raw/egolife/imu/A1_JAKE/DAY3/DAY3_A1_JAKE_15580000/DAY3_A1_JAKE_15580000_left.npz,"[""sensor_vqa/raw/egolife/imu/A1_JAKE/DAY3/DAY3_A1_JAKE_15580000/DAY3_A1_JAKE_15580000_left.npz"", ""sensor_vqa/raw/egolife/imu/A1_JAKE/DAY3/DAY3_A1_JAKE_15580000/DAY3_A1_JAKE_15580000_right.npz""]",,,,,0.0,,DAY3@15582407,"[""DAY3@14495101""]","[""imu"", ""rgb""]",true,true,true,ready
2.0,egolifeqa:egolifeqa-a1-jake-182,EgoLifeQA,benchmark,EgoLife,egolifeqa-a1-jake-182,RelationMap,Who was I watching Shure play the drums with just now?,"[""Alice, Tasha, Lucia"", ""Alice, Lucia, Tasha"", ""Alice, Lucia, Katrina"", ""Alice, Katrina, Violet""]",3,"Alice, Katrina, Violet",public,"[""DAY3_A1_JAKE_16010000"", ""DAY3_A1_JAKE_15543000""]",egolifeqa:asset-7a1fc15bf656eefd,"[""egolifeqa:asset-7a1fc15bf656eefd"", ""egolifeqa:asset-7411615dd1f74176""]",2,2,sensor_vqa/raw/egolife/video/A1_JAKE/DAY3/DAY3_A1_JAKE_16010000.mp4,"",sensor_vqa/raw/egolife/imu/A1_JAKE/DAY3/DAY3_A1_JAKE_16010000/DAY3_A1_JAKE_16010000_left.npz,"[""sensor_vqa/raw/egolife/imu/A1_JAKE/DAY3/DAY3_A1_JAKE_16010000/DAY3_A1_JAKE_16010000_left.npz"", ""sensor_vqa/raw/egolife/imu/A1_JAKE/DAY3/DAY3_A1_JAKE_16010000/DAY3_A1_JAKE_16010000_right.npz""]",,,,,0.0,,DAY3@16012707,"[""DAY3@15544507""]","[""imu"", ""rgb""]",true,true,true,ready
2.0,egolifeqa:egolifeqa-a1-jake-183,EgoLifeQA,benchmark,EgoLife,egolifeqa-a1-jake-183,EventRecall,"This time I returned to the claw machine, what happened the last time I was at the claw machine?","[""Grab a doll"", ""Play the drum set"", ""Distribute coins"", ""Play Street Fighter""]",2,Distribute coins,public,"[""DAY3_A1_JAKE_16133000"", ""DAY3_A1_JAKE_16030000""]",egolifeqa:asset-99b9540613d01c13,"[""egolifeqa:asset-99b9540613d01c13"", ""egolifeqa:asset-56f5e1846f3d6ea7""]",2,2,sensor_vqa/raw/egolife/video/A1_JAKE/DAY3/DAY3_A1_JAKE_16133000.mp4,"",sensor_vqa/raw/egolife/imu/A1_JAKE/DAY3/DAY3_A1_JAKE_16133000/DAY3_A1_JAKE_16133000_left.npz,"[""sensor_vqa/raw/egolife/imu/A1_JAKE/DAY3/DAY3_A1_JAKE_16133000/DAY3_A1_JAKE_16133000_left.npz"", ""sensor_vqa/raw/egolife/imu/A1_JAKE/DAY3/DAY3_A1_JAKE_16133000/DAY3_A1_JAKE_16133000_right.npz""]",,,,,0.0,,DAY3@16133517,"[""DAY3@16031510""]","[""imu"", ""rgb""]",true,true,true,ready
2.0,egolifeqa:egolifeqa-a1-jake-184,EgoLifeQA,benchmark,EgoLife,egolifeqa-a1-jake-184,EntityLog,When was the doll in Katrina's hand grabbed from the claw machine?,"[""About two hours ago"", ""About 20 minutes ago"", ""About eight hours ago"", ""About four hours ago""]",1,About 20 minutes ago,public,"[""DAY3_A1_JAKE_16150000"", ""DAY3_A1_JAKE_15570000""]",egolifeqa:asset-a8105a2025397399,"[""egolifeqa:asset-a8105a2025397399"", ""egolifeqa:asset-40bb52105bc09522""]",2,2,sensor_vqa/raw/egolife/video/A1_JAKE/DAY3/DAY3_A1_JAKE_16150000.mp4,"",sensor_vqa/raw/egolife/imu/A1_JAKE/DAY3/DAY3_A1_JAKE_16150000/DAY3_A1_JAKE_16150000_left.npz,"[""sensor_vqa/raw/egolife/imu/A1_JAKE/DAY3/DAY3_A1_JAKE_16150000/DAY3_A1_JAKE_16150000_left.npz"", ""sensor_vqa/raw/egolife/imu/A1_JAKE/DAY3/DAY3_A1_JAKE_16150000/DAY3_A1_JAKE_16150000_right.npz""]",,,,,0.0,,DAY3@16152902,"[""DAY3@15570010""]","[""imu"", ""rgb""]",true,true,true,ready
2.0,egolifeqa:egolifeqa-a1-jake-185,EgoLifeQA,benchmark,EgoLife,egolifeqa-a1-jake-185,EventRecall,"I put down the box and bottle in my hand, where did I get the bottle?","[""Home"", ""Convenience store"", ""In the car"", ""Mall""]",1,Convenience store,public,"[""DAY3_A1_JAKE_16170000"", ""DAY3_A1_JAKE_15400000""]",egolifeqa:asset-f44e4982be29323f,"[""egolifeqa:asset-f44e4982be29323f"", ""egolifeqa:asset-0aa52efb0cae6e37""]",2,2,sensor_vqa/raw/egolife/video/A1_JAKE/DAY3/DAY3_A1_JAKE_16170000.mp4,"",sensor_vqa/raw/egolife/imu/A1_JAKE/DAY3/DAY3_A1_JAKE_16170000/DAY3_A1_JAKE_16170000_left.npz,"[""sensor_vqa/raw/egolife/imu/A1_JAKE/DAY3/DAY3_A1_JAKE_16170000/DAY3_A1_JAKE_16170000_left.npz"", ""sensor_vqa/raw/egolife/imu/A1_JAKE/DAY3/DAY3_A1_JAKE_16170000/DAY3_A1_JAKE_16170000_right.npz""]",,,,,0.0,,DAY3@16170709,"[""DAY3@15401010""]","[""imu"", ""rgb""]",true,true,true,ready
2.0,egolifeqa:egolifeqa-a1-jake-186,EgoLifeQA,benchmark,EgoLife,egolifeqa-a1-jake-186,RelationMap,Who did I play games with today,"[""Katrina"", ""Shure"", ""Tasha"", ""Lucia""]",2,Tasha,public,"[""DAY3_A1_JAKE_16170000"", ""DAY3_A1_JAKE_15583000"", ""DAY3_A1_JAKE_16050000""]",egolifeqa:asset-f44e4982be29323f,"[""egolifeqa:asset-f44e4982be29323f"", ""egolifeqa:asset-892c7808ba260d70"", ""egolifeqa:asset-4f225ff1ab068f0a""]",3,3,sensor_vqa/raw/egolife/video/A1_JAKE/DAY3/DAY3_A1_JAKE_16170000.mp4,"",sensor_vqa/raw/egolife/imu/A1_JAKE/DAY3/DAY3_A1_JAKE_16170000/DAY3_A1_JAKE_16170000_left.npz,"[""sensor_vqa/raw/egolife/imu/A1_JAKE/DAY3/DAY3_A1_JAKE_16170000/DAY3_A1_JAKE_16170000_left.npz"", ""sensor_vqa/raw/egolife/imu/A1_JAKE/DAY3/DAY3_A1_JAKE_16170000/DAY3_A1_JAKE_16170000_right.npz""]",,,,,0.0,,DAY3@16172213,"[""DAY3@15584008"", ""DAY3@16052019""]","[""imu"", ""rgb""]",true,true,true,ready
2.0,egolifeqa:egolifeqa-a1-jake-187,EgoLifeQA,benchmark,EgoLife,egolifeqa-a1-jake-187,EventRecall,"Now Tasha and I are clapping hands in the arcade, what happened the last time we played games together?","[""The clothes were torn"", ""The bead bracelet was lost"", ""The package is lost."", ""The bracelet broke""]",3,The bracelet broke,public,"[""DAY3_A1_JAKE_16200000"", ""DAY3_A1_JAKE_16053000""]",egolifeqa:asset-124a927094c52550,"[""egolifeqa:asset-124a927094c52550"", ""egolifeqa:asset-6a0c8987b757a5ec""]",2,2,sensor_vqa/raw/egolife/video/A1_JAKE/DAY3/DAY3_A1_JAKE_16200000.mp4,"",sensor_vqa/raw/egolife/imu/A1_JAKE/DAY3/DAY3_A1_JAKE_16200000/DAY3_A1_JAKE_16200000_left.npz,"[""sensor_vqa/raw/egolife/imu/A1_JAKE/DAY3/DAY3_A1_JAKE_16200000/DAY3_A1_JAKE_16200000_left.npz"", ""sensor_vqa/raw/egolife/imu/A1_JAKE/DAY3/DAY3_A1_JAKE_16200000/DAY3_A1_JAKE_16200000_right.npz""]",,,,,0.0,,DAY3@16202750,"[""DAY3@16055810""]","[""imu"", ""rgb""]",true,true,true,ready
2.0,egolifeqa:egolifeqa-a1-jake-188,EgoLifeQA,benchmark,EgoLife,egolifeqa-a1-jake-188,RelationMap,Who was I playing bowling with last time?,"[""Lucia"", ""Alice"", ""Tasha"", ""Shure""]",2,Tasha,public,"[""DAY3_A1_JAKE_16263000"", ""DAY3_A1_JAKE_16203000""]",egolifeqa:asset-5e33ef0537a24b81,"[""egolifeqa:asset-5e33ef0537a24b81"", ""egolifeqa:asset-7ee782923374eacc""]",2,2,sensor_vqa/raw/egolife/video/A1_JAKE/DAY3/DAY3_A1_JAKE_16263000.mp4,"",sensor_vqa/raw/egolife/imu/A1_JAKE/DAY3/DAY3_A1_JAKE_16263000/DAY3_A1_JAKE_16263000_left.npz,"[""sensor_vqa/raw/egolife/imu/A1_JAKE/DAY3/DAY3_A1_JAKE_16263000/DAY3_A1_JAKE_16263000_left.npz"", ""sensor_vqa/raw/egolife/imu/A1_JAKE/DAY3/DAY3_A1_JAKE_16263000/DAY3_A1_JAKE_16263000_right.npz""]",,,,,0.0,,DAY3@16265010,"[""DAY3@16203810""]","[""imu"", ""rgb""]",true,true,true,ready
2.0,egolifeqa:egolifeqa-a1-jake-189,EgoLifeQA,benchmark,EgoLife,egolifeqa-a1-jake-189,EventRecall,How many types of games did I play in arcade?,"[""6 types"", ""4 types"", ""3 types"", ""5 types""]",2,3 types,public,"[""DAY3_A1_JAKE_16300000"", ""DAY3_A1_JAKE_15583000"", ""DAY3_A1_JAKE_16050000"", ""DAY3_A1_JAKE_16173000""]",egolifeqa:asset-04dd8210edec661c,"[""egolifeqa:asset-04dd8210edec661c"", ""egolifeqa:asset-892c7808ba260d70"", ""egolifeqa:asset-4f225ff1ab068f0a"", ""egolifeqa:asset-b3c8d3534596196e""]",4,4,sensor_vqa/raw/egolife/video/A1_JAKE/DAY3/DAY3_A1_JAKE_16300000.mp4,"",sensor_vqa/raw/egolife/imu/A1_JAKE/DAY3/DAY3_A1_JAKE_16300000/DAY3_A1_JAKE_16300000_left.npz,"[""sensor_vqa/raw/egolife/imu/A1_JAKE/DAY3/DAY3_A1_JAKE_16300000/DAY3_A1_JAKE_16300000_left.npz"", ""sensor_vqa/raw/egolife/imu/A1_JAKE/DAY3/DAY3_A1_JAKE_16300000/DAY3_A1_JAKE_16300000_right.npz""]",,,,,0.0,,DAY3@16300012,"[""DAY3@15583706"", ""DAY3@16051301"", ""DAY3@16174510""]","[""imu"", ""rgb""]",true,true,true,ready
2.0,egolifeqa:egolifeqa-a1-jake-190,EgoLifeQA,benchmark,EgoLife,egolifeqa-a1-jake-190,RelationMap,Who among us didn't play video bowling just now?,"[""Alice"", ""Tasha"", ""Katrina"", ""Lucia""]",0,Alice,public,"[""DAY3_A1_JAKE_16310000"", ""DAY3_A1_JAKE_16170000"", ""DAY3_A1_JAKE_16173000"", ""DAY3_A1_JAKE_16233000"", ""DAY3_A1_JAKE_16240000"", ""DAY3_A1_JAKE_16250000"", ""DAY3_A1_JAKE_16260000""]",egolifeqa:asset-e9a186d99f5a0720,"[""egolifeqa:asset-e9a186d99f5a0720"", ""egolifeqa:asset-f44e4982be29323f"", ""egolifeqa:asset-b3c8d3534596196e"", ""egolifeqa:asset-ac16c2a208d324c5"", ""egolifeqa:asset-6c8bd1564f45a632"", ""egolifeqa:asset-7286ccae62297089"", ""egolifeqa:asset-0dd1fa90bbdd3f9f""]",7,7,sensor_vqa/raw/egolife/video/A1_JAKE/DAY3/DAY3_A1_JAKE_16310000.mp4,"",sensor_vqa/raw/egolife/imu/A1_JAKE/DAY3/DAY3_A1_JAKE_16310000/DAY3_A1_JAKE_16310000_left.npz,"[""sensor_vqa/raw/egolife/imu/A1_JAKE/DAY3/DAY3_A1_JAKE_16310000/DAY3_A1_JAKE_16310000_left.npz"", ""sensor_vqa/raw/egolife/imu/A1_JAKE/DAY3/DAY3_A1_JAKE_16310000/DAY3_A1_JAKE_16310000_right.npz""]",,,,,0.0,,DAY3@16311619,"[""DAY3@16172214"", ""DAY3@16174704"", ""DAY3@16234801"", ""DAY3@16241400"", ""DAY3@16252606"", ""DAY3@16261302""]","[""imu"", ""rgb""]",true,true,true,ready
2.0,egolifeqa:egolifeqa-a1-jake-191,EgoLifeQA,benchmark,EgoLife,egolifeqa-a1-jake-191,TaskMaster,Where does Katrina plan to go when she arrives at the mall,"[""Hot Sale"", ""Arcade"", ""Hema Fresh"", ""Jewelry Store""]",2,Hema Fresh,public,"[""DAY3_A1_JAKE_16313000"", ""DAY3_A1_JAKE_15470000""]",egolifeqa:asset-bbb46d7c09681664,"[""egolifeqa:asset-bbb46d7c09681664"", ""egolifeqa:asset-6b70eaa5a9a3e9e1""]",2,2,sensor_vqa/raw/egolife/video/A1_JAKE/DAY3/DAY3_A1_JAKE_16313000.mp4,"",sensor_vqa/raw/egolife/imu/A1_JAKE/DAY3/DAY3_A1_JAKE_16313000/DAY3_A1_JAKE_16313000_left.npz,"[""sensor_vqa/raw/egolife/imu/A1_JAKE/DAY3/DAY3_A1_JAKE_16313000/DAY3_A1_JAKE_16313000_left.npz"", ""sensor_vqa/raw/egolife/imu/A1_JAKE/DAY3/DAY3_A1_JAKE_16313000/DAY3_A1_JAKE_16313000_right.npz""]",,,,,0.0,,DAY3@16314617,"[""DAY3@15471414""]","[""imu"", ""rgb""]",true,true,true,ready
2.0,egolifeqa:egolifeqa-a1-jake-192,EgoLifeQA,benchmark,EgoLife,egolifeqa-a1-jake-192,HabitInsight,Who usually pays when going out today?,"[""Shure"", ""Tasha"", ""Me"", ""Lucia""]",2,Me,public,"[""DAY3_A1_JAKE_16370000"", ""DAY3_A1_JAKE_15400000"", ""DAY3_A1_JAKE_15400000""]",egolifeqa:asset-9baae88eee07e23f,"[""egolifeqa:asset-9baae88eee07e23f"", ""egolifeqa:asset-0aa52efb0cae6e37""]",2,3,sensor_vqa/raw/egolife/video/A1_JAKE/DAY3/DAY3_A1_JAKE_16370000.mp4,"",sensor_vqa/raw/egolife/imu/A1_JAKE/DAY3/DAY3_A1_JAKE_16370000/DAY3_A1_JAKE_16370000_left.npz,"[""sensor_vqa/raw/egolife/imu/A1_JAKE/DAY3/DAY3_A1_JAKE_16370000/DAY3_A1_JAKE_16370000_left.npz"", ""sensor_vqa/raw/egolife/imu/A1_JAKE/DAY3/DAY3_A1_JAKE_16370000/DAY3_A1_JAKE_16370000_right.npz""]",,,,,0.0,,DAY3@16371300,"[""DAY3@15401712"", ""DAY3@15401712""]","[""imu"", ""rgb""]",true,true,true,ready
2.0,egolifeqa:egolifeqa-a1-jake-193,EgoLifeQA,benchmark,EgoLife,egolifeqa-a1-jake-193,EntityLog,When was the last time you stood on the escalator?,"[""The night before yesterday"", ""The day before yesterday at noon"", ""Yesterday afternoon"", ""Last night""]",0,The night before yesterday,public,"[""DAY3_A1_JAKE_16380000"", ""DAY1_A1_JAKE_18353000""]",egolifeqa:asset-7a24693df1474b12,"[""egolifeqa:asset-7a24693df1474b12"", ""egolifeqa:asset-f1d806372c5f69a1""]",2,2,sensor_vqa/raw/egolife/video/A1_JAKE/DAY3/DAY3_A1_JAKE_16380000.mp4,"",sensor_vqa/raw/egolife/imu/A1_JAKE/DAY3/DAY3_A1_JAKE_16380000/DAY3_A1_JAKE_16380000_left.npz,"[""sensor_vqa/raw/egolife/imu/A1_JAKE/DAY3/DAY3_A1_JAKE_16380000/DAY3_A1_JAKE_16380000_left.npz"", ""sensor_vqa/raw/egolife/imu/A1_JAKE/DAY3/DAY3_A1_JAKE_16380000/DAY3_A1_JAKE_16380000_right.npz""]",,,,,0.0,,DAY3@16381803,"[""DAY1@18353416""]","[""imu"", ""rgb""]",true,true,true,ready
2.0,egolifeqa:egolifeqa-a1-jake-194,EgoLifeQA,benchmark,EgoLife,egolifeqa-a1-jake-194,TaskMaster,Which tool was not purchased last time in this shopping plan?,"[""Vita Taro"", ""Tripe Onion"", ""Hole punch Clock"", ""Mint leaves Watermelon""]",2,Hole punch Clock,public,"[""DAY3_A1_JAKE_16383000"", ""DAY1_A1_JAKE_21390000""]",egolifeqa:asset-e67c408dc849a9eb,"[""egolifeqa:asset-e67c408dc849a9eb"", ""egolifeqa:asset-75dd72d6c2ee537c""]",2,2,sensor_vqa/raw/egolife/video/A1_JAKE/DAY3/DAY3_A1_JAKE_16383000.mp4,"",sensor_vqa/raw/egolife/imu/A1_JAKE/DAY3/DAY3_A1_JAKE_16383000/DAY3_A1_JAKE_16383000_left.npz,"[""sensor_vqa/raw/egolife/imu/A1_JAKE/DAY3/DAY3_A1_JAKE_16383000/DAY3_A1_JAKE_16383000_left.npz"", ""sensor_vqa/raw/egolife/imu/A1_JAKE/DAY3/DAY3_A1_JAKE_16383000/DAY3_A1_JAKE_16383000_right.npz""]",,,,,0.0,,DAY3@16384310,"[""DAY1@21391716""]","[""imu"", ""rgb""]",true,true,true,ready
2.0,egolifeqa:egolifeqa-a1-jake-195,EgoLifeQA,benchmark,EgoLife,egolifeqa-a1-jake-195,EventRecall,Where was I the last time I pushed a cart with a friend?,"[""Walmart"", ""Sam's Club"", ""Hema Supermarket"", ""Meitehao""]",2,Hema Supermarket,public,"[""DAY3_A1_JAKE_16383000"", ""DAY1_A1_JAKE_17190000""]",egolifeqa:asset-e67c408dc849a9eb,"[""egolifeqa:asset-e67c408dc849a9eb"", ""egolifeqa:asset-fc7c7e29dcd8c8e9""]",2,2,sensor_vqa/raw/egolife/video/A1_JAKE/DAY3/DAY3_A1_JAKE_16383000.mp4,"",sensor_vqa/raw/egolife/imu/A1_JAKE/DAY3/DAY3_A1_JAKE_16383000/DAY3_A1_JAKE_16383000_left.npz,"[""sensor_vqa/raw/egolife/imu/A1_JAKE/DAY3/DAY3_A1_JAKE_16383000/DAY3_A1_JAKE_16383000_left.npz"", ""sensor_vqa/raw/egolife/imu/A1_JAKE/DAY3/DAY3_A1_JAKE_16383000/DAY3_A1_JAKE_16383000_right.npz""]",,,,,0.0,,DAY3@16385009,"[""DAY1@17191001""]","[""imu"", ""rgb""]",true,true,true,ready
2.0,egolifeqa:egolifeqa-a1-jake-196,EgoLifeQA,benchmark,EgoLife,egolifeqa-a1-jake-196,TaskMaster,What ingredients do we need to buy?,"[""Barbecue Skewers"", ""Dumplings Cake"", ""Vita Taro"", ""Hot Pot Pizza""]",0,Barbecue Skewers,public,"[""DAY3_A1_JAKE_16393000"", ""DAY3_A1_JAKE_11193000""]",egolifeqa:asset-4905635b0d0d1343,"[""egolifeqa:asset-4905635b0d0d1343"", ""egolifeqa:asset-e5aa1f252b8b3e67""]",2,2,sensor_vqa/raw/egolife/video/A1_JAKE/DAY3/DAY3_A1_JAKE_16393000.mp4,"",sensor_vqa/raw/egolife/imu/A1_JAKE/DAY3/DAY3_A1_JAKE_16393000/DAY3_A1_JAKE_16393000_left.npz,"[""sensor_vqa/raw/egolife/imu/A1_JAKE/DAY3/DAY3_A1_JAKE_16393000/DAY3_A1_JAKE_16393000_left.npz"", ""sensor_vqa/raw/egolife/imu/A1_JAKE/DAY3/DAY3_A1_JAKE_16393000/DAY3_A1_JAKE_16393000_right.npz""]",,,,,0.0,,DAY3@16393510,"[""DAY3@11194202""]","[""imu"", ""rgb""]",true,true,true,ready
2.0,egolifeqa:egolifeqa-a1-jake-197,EgoLifeQA,benchmark,EgoLife,egolifeqa-a1-jake-197,RelationMap,Who was with me the last time I bought eggs?,"[""Choiszt Katrina"", ""Jack Lucia"", ""Nicous Shure"", ""Tasha Alice Shure""]",3,Tasha Alice Shure,public,"[""DAY3_A1_JAKE_16440000"", ""DAY1_A1_JAKE_17330000""]",egolifeqa:asset-1b3fae3ce789472f,"[""egolifeqa:asset-1b3fae3ce789472f"", ""egolifeqa:asset-209b99a4f4a05f04""]",2,2,sensor_vqa/raw/egolife/video/A1_JAKE/DAY3/DAY3_A1_JAKE_16440000.mp4,"",sensor_vqa/raw/egolife/imu/A1_JAKE/DAY3/DAY3_A1_JAKE_16440000/DAY3_A1_JAKE_16440000_left.npz,"[""sensor_vqa/raw/egolife/imu/A1_JAKE/DAY3/DAY3_A1_JAKE_16440000/DAY3_A1_JAKE_16440000_left.npz"", ""sensor_vqa/raw/egolife/imu/A1_JAKE/DAY3/DAY3_A1_JAKE_16440000/DAY3_A1_JAKE_16440000_right.npz""]",,,,,0.0,,DAY3@16441510,"[""DAY1@17330116""]","[""imu"", ""rgb""]",true,true,true,ready
2.0,egolifeqa:egolifeqa-a1-jake-198,EgoLifeQA,benchmark,EgoLife,egolifeqa-a1-jake-198,EntityLog,When was the last time eggs were bought?,"[""Three hours ago"", ""One day ago"", ""Half a day ago"", ""About two days ago""]",3,About two days ago,public,"[""DAY3_A1_JAKE_16440000"", ""DAY1_A1_JAKE_17363000""]",egolifeqa:asset-1b3fae3ce789472f,"[""egolifeqa:asset-1b3fae3ce789472f"", ""egolifeqa:asset-0b53ce0605f5c442""]",2,2,sensor_vqa/raw/egolife/video/A1_JAKE/DAY3/DAY3_A1_JAKE_16440000.mp4,"",sensor_vqa/raw/egolife/imu/A1_JAKE/DAY3/DAY3_A1_JAKE_16440000/DAY3_A1_JAKE_16440000_left.npz,"[""sensor_vqa/raw/egolife/imu/A1_JAKE/DAY3/DAY3_A1_JAKE_16440000/DAY3_A1_JAKE_16440000_left.npz"", ""sensor_vqa/raw/egolife/imu/A1_JAKE/DAY3/DAY3_A1_JAKE_16440000/DAY3_A1_JAKE_16440000_right.npz""]",,,,,0.0,,DAY3@16441707,"[""DAY1@17364516""]","[""imu"", ""rgb""]",true,true,true,ready
2.0,egolifeqa:egolifeqa-a1-jake-199,EgoLifeQA,benchmark,EgoLife,egolifeqa-a1-jake-199,RelationMap,Who was I with the last time I went to the supermarket to look at fruit?,"[""Tasha and Katrina"", ""Katrina and Lucia"", ""Tasha and Alice"", ""Lucia and Alice""]",2,Tasha and Alice,public,"[""DAY3_A1_JAKE_16493000"", ""DAY1_A1_JAKE_17223000""]",egolifeqa:asset-bce994a31e5bbe09,"[""egolifeqa:asset-bce994a31e5bbe09"", ""egolifeqa:asset-cc222d30ac37a629""]",2,2,sensor_vqa/raw/egolife/video/A1_JAKE/DAY3/DAY3_A1_JAKE_16493000.mp4,"",sensor_vqa/raw/egolife/imu/A1_JAKE/DAY3/DAY3_A1_JAKE_16493000/DAY3_A1_JAKE_16493000_left.npz,"[""sensor_vqa/raw/egolife/imu/A1_JAKE/DAY3/DAY3_A1_JAKE_16493000/DAY3_A1_JAKE_16493000_left.npz"", ""sensor_vqa/raw/egolife/imu/A1_JAKE/DAY3/DAY3_A1_JAKE_16493000/DAY3_A1_JAKE_16493000_right.npz""]",,,,,0.0,,DAY3@16495116,"[""DAY1@17223806""]","[""imu"", ""rgb""]",true,true,true,ready
2.0,egolifeqa:egolifeqa-a1-jake-200,EgoLifeQA,benchmark,EgoLife,egolifeqa-a1-jake-200,EntityLog,When was the last time I saw durian?,"[""Yesterday afternoon"", ""Last night"", ""The day before yesterday at noon"", ""The afternoon before yesterday""]",3,The afternoon before yesterday,public,"[""DAY3_A1_JAKE_16503000"", ""DAY1_A1_JAKE_17200000""]",egolifeqa:asset-28492ff72a0cc550,"[""egolifeqa:asset-28492ff72a0cc550"", ""egolifeqa:asset-45be7a384fe9e29d""]",2,2,sensor_vqa/raw/egolife/video/A1_JAKE/DAY3/DAY3_A1_JAKE_16503000.mp4,"",sensor_vqa/raw/egolife/imu/A1_JAKE/DAY3/DAY3_A1_JAKE_16503000/DAY3_A1_JAKE_16503000_left.npz,"[""sensor_vqa/raw/egolife/imu/A1_JAKE/DAY3/DAY3_A1_JAKE_16503000/DAY3_A1_JAKE_16503000_left.npz"", ""sensor_vqa/raw/egolife/imu/A1_JAKE/DAY3/DAY3_A1_JAKE_16503000/DAY3_A1_JAKE_16503000_right.npz""]",,,,,0.0,,DAY3@16504019,"[""DAY1@17200309""]","[""imu"", ""rgb""]",true,true,true,ready
2.0,egolifeqa:egolifeqa-a1-jake-201,EgoLifeQA,benchmark,EgoLife,egolifeqa-a1-jake-201,RelationMap,Who else was nearby when I was chatting with Tasha in the seafood section last time?,"[""Lucia and Alice"", ""Katrina and Nicous"", ""Lucia and Choiszt"", ""Shure and Violet""]",0,Lucia and Alice,public,"[""DAY3_A1_JAKE_16523000"", ""DAY1_A1_JAKE_17520000""]",egolifeqa:asset-5e6b614da8fd5d6c,"[""egolifeqa:asset-5e6b614da8fd5d6c"", ""egolifeqa:asset-5df5a130021f1f54""]",2,2,sensor_vqa/raw/egolife/video/A1_JAKE/DAY3/DAY3_A1_JAKE_16523000.mp4,"",sensor_vqa/raw/egolife/imu/A1_JAKE/DAY3/DAY3_A1_JAKE_16523000/DAY3_A1_JAKE_16523000_left.npz,"[""sensor_vqa/raw/egolife/imu/A1_JAKE/DAY3/DAY3_A1_JAKE_16523000/DAY3_A1_JAKE_16523000_left.npz"", ""sensor_vqa/raw/egolife/imu/A1_JAKE/DAY3/DAY3_A1_JAKE_16523000/DAY3_A1_JAKE_16523000_right.npz""]",,,,,0.0,,DAY3@16524710,"[""DAY1@17521416""]","[""imu"", ""rgb""]",true,true,true,ready
2.0,egolifeqa:egolifeqa-a1-jake-202,EgoLifeQA,benchmark,EgoLife,egolifeqa-a1-jake-202,RelationMap,Who was next to me the last time I was throwing away trash?,"[""Shure"", ""Choiszt"", ""Nicous"", ""Tasha""]",3,Tasha,public,"[""DAY3_A1_JAKE_17040000"", ""DAY3_A1_JAKE_14590000""]",egolifeqa:asset-b2f1d5085d0f25b9,"[""egolifeqa:asset-b2f1d5085d0f25b9"", ""egolifeqa:asset-5f941a8c09cd78ed""]",2,2,sensor_vqa/raw/egolife/video/A1_JAKE/DAY3/DAY3_A1_JAKE_17040000.mp4,"",sensor_vqa/raw/egolife/imu/A1_JAKE/DAY3/DAY3_A1_JAKE_17040000/DAY3_A1_JAKE_17040000_left.npz,"[""sensor_vqa/raw/egolife/imu/A1_JAKE/DAY3/DAY3_A1_JAKE_17040000/DAY3_A1_JAKE_17040000_left.npz"", ""sensor_vqa/raw/egolife/imu/A1_JAKE/DAY3/DAY3_A1_JAKE_17040000/DAY3_A1_JAKE_17040000_right.npz""]",,,,,0.0,,DAY3@17040010,"[""DAY3@14590510""]","[""imu"", ""rgb""]",true,true,true,ready
2.0,egolifeqa:egolifeqa-a1-jake-203,EgoLifeQA,benchmark,EgoLife,egolifeqa-a1-jake-203,EventRecall,"Now we stopped in front of the fruit stall, what did we buy the last time we stopped at the fruit stall?","[""Plum Mangostee"", ""Strawberries Blueberries"", ""Apple Mango"", ""Watermelon Pineapp""]",1,Strawberries Blueberries,public,"[""DAY3_A1_JAKE_17060000"", ""DAY1_A1_JAKE_17220000""]",egolifeqa:asset-52b47ff5e1e319a2,"[""egolifeqa:asset-52b47ff5e1e319a2"", ""egolifeqa:asset-cbb78ecd5ec155ad""]",2,2,sensor_vqa/raw/egolife/video/A1_JAKE/DAY3/DAY3_A1_JAKE_17060000.mp4,"",sensor_vqa/raw/egolife/imu/A1_JAKE/DAY3/DAY3_A1_JAKE_17060000/DAY3_A1_JAKE_17060000_left.npz,"[""sensor_vqa/raw/egolife/imu/A1_JAKE/DAY3/DAY3_A1_JAKE_17060000/DAY3_A1_JAKE_17060000_left.npz"", ""sensor_vqa/raw/egolife/imu/A1_JAKE/DAY3/DAY3_A1_JAKE_17060000/DAY3_A1_JAKE_17060000_right.npz""]",,,,,0.0,,DAY3@17060101,"[""DAY1@17221215""]","[""imu"", ""rgb""]",true,true,true,ready
2.0,egolifeqa:egolifeqa-a1-jake-204,EgoLifeQA,benchmark,EgoLife,egolifeqa-a1-jake-204,EventRecall,"Now we are standing in front of the supermarket checkout, what happened the last time we checked out at the supermarket?","[""Took a photo"", ""Something fell"", ""There was a donation"", ""Aligned the time""]",2,There was a donation,public,"[""DAY3_A1_JAKE_17080000"", ""DAY1_A1_JAKE_18163000""]",egolifeqa:asset-adf3991b7d0703ac,"[""egolifeqa:asset-adf3991b7d0703ac"", ""egolifeqa:asset-18b8a7a3d30627ce""]",2,2,sensor_vqa/raw/egolife/video/A1_JAKE/DAY3/DAY3_A1_JAKE_17080000.mp4,"",sensor_vqa/raw/egolife/imu/A1_JAKE/DAY3/DAY3_A1_JAKE_17080000/DAY3_A1_JAKE_17080000_left.npz,"[""sensor_vqa/raw/egolife/imu/A1_JAKE/DAY3/DAY3_A1_JAKE_17080000/DAY3_A1_JAKE_17080000_left.npz"", ""sensor_vqa/raw/egolife/imu/A1_JAKE/DAY3/DAY3_A1_JAKE_17080000/DAY3_A1_JAKE_17080000_right.npz""]",,,,,0.0,,DAY3@17080008,"[""DAY1@18164516""]","[""imu"", ""rgb""]",true,true,true,ready
2.0,egolifeqa:egolifeqa-a1-jake-205,EgoLifeQA,benchmark,EgoLife,egolifeqa-a1-jake-205,EventRecall,"Now Tasha and Katrina are using their phones to scan a code, what were we going to do the last time I used my phone to scan a code?","[""Order takeout"", ""Call a taxi"", ""Play games"", ""Shopping""]",2,Play games,public,"[""DAY3_A1_JAKE_17080000"", ""DAY3_A1_JAKE_15500000""]",egolifeqa:asset-adf3991b7d0703ac,"[""egolifeqa:asset-adf3991b7d0703ac"", ""egolifeqa:asset-647fb740cd4a0fa0""]",2,2,sensor_vqa/raw/egolife/video/A1_JAKE/DAY3/DAY3_A1_JAKE_17080000.mp4,"",sensor_vqa/raw/egolife/imu/A1_JAKE/DAY3/DAY3_A1_JAKE_17080000/DAY3_A1_JAKE_17080000_left.npz,"[""sensor_vqa/raw/egolife/imu/A1_JAKE/DAY3/DAY3_A1_JAKE_17080000/DAY3_A1_JAKE_17080000_left.npz"", ""sensor_vqa/raw/egolife/imu/A1_JAKE/DAY3/DAY3_A1_JAKE_17080000/DAY3_A1_JAKE_17080000_right.npz""]",,,,,0.0,,DAY3@17081711,"[""DAY3@15501910""]","[""imu"", ""rgb""]",true,true,true,ready
2.0,egolifeqa:egolifeqa-a1-jake-206,EgoLifeQA,benchmark,EgoLife,egolifeqa-a1-jake-206,HabitInsight,Why did Tasha check out both times at the supermarket,"[""Tasha said she borrowed a membership for discounts"", ""I didn't have enough balance, so Tasha helped to check out"", ""Tasha is in charge of accounting"", ""Because most of the things are used by Tasha""]",0,Tasha said she borrowed a membership for discounts,public,"[""DAY3_A1_JAKE_17113000"", ""DAY1_A1_JAKE_18123000""]",egolifeqa:asset-862557bb9f2d8260,"[""egolifeqa:asset-862557bb9f2d8260"", ""egolifeqa:asset-b03058a793155efd""]",2,2,sensor_vqa/raw/egolife/video/A1_JAKE/DAY3/DAY3_A1_JAKE_17113000.mp4,"",sensor_vqa/raw/egolife/imu/A1_JAKE/DAY3/DAY3_A1_JAKE_17113000/DAY3_A1_JAKE_17113000_left.npz,"[""sensor_vqa/raw/egolife/imu/A1_JAKE/DAY3/DAY3_A1_JAKE_17113000/DAY3_A1_JAKE_17113000_left.npz"", ""sensor_vqa/raw/egolife/imu/A1_JAKE/DAY3/DAY3_A1_JAKE_17113000/DAY3_A1_JAKE_17113000_right.npz""]",,,,,0.0,,DAY3@17113302,"[""DAY1@18123000""]","[""imu"", ""rgb""]",true,true,true,ready
2.0,egolifeqa:egolifeqa-a1-jake-207,EgoLifeQA,benchmark,EgoLife,egolifeqa-a1-jake-207,EventRecall,"The last time I walked in the mall hallway with Lucia and Alice, what were we discussing?","[""Find a shopping cart"", ""Play for a while first"", ""Take a taxi first"", ""What to buy""]",1,Play for a while first,public,"[""DAY3_A1_JAKE_17160000"", ""DAY3_A1_JAKE_15470000""]",egolifeqa:asset-dacb56876555c40a,"[""egolifeqa:asset-dacb56876555c40a"", ""egolifeqa:asset-6b70eaa5a9a3e9e1""]",2,2,sensor_vqa/raw/egolife/video/A1_JAKE/DAY3/DAY3_A1_JAKE_17160000.mp4,"",sensor_vqa/raw/egolife/imu/A1_JAKE/DAY3/DAY3_A1_JAKE_17160000/DAY3_A1_JAKE_17160000_left.npz,"[""sensor_vqa/raw/egolife/imu/A1_JAKE/DAY3/DAY3_A1_JAKE_17160000/DAY3_A1_JAKE_17160000_left.npz"", ""sensor_vqa/raw/egolife/imu/A1_JAKE/DAY3/DAY3_A1_JAKE_17160000/DAY3_A1_JAKE_17160000_right.npz""]",,,,,0.0,,DAY3@17160811,"[""DAY3@15470210""]","[""imu"", ""rgb""]",true,true,true,ready
2.0,egolifeqa:egolifeqa-a1-jake-208,EgoLifeQA,benchmark,EgoLife,egolifeqa-a1-jake-208,EntityLog,Who bought the egg we are looking for?,"[""Shure"", ""Tasha"", ""Lucia"", ""Me""]",1,Tasha,public,"[""DAY3_A1_JAKE_17270000"", ""DAY3_A1_JAKE_16440000""]",egolifeqa:asset-f7e9412248076b0c,"[""egolifeqa:asset-f7e9412248076b0c"", ""egolifeqa:asset-1b3fae3ce789472f""]",2,2,sensor_vqa/raw/egolife/video/A1_JAKE/DAY3/DAY3_A1_JAKE_17270000.mp4,"",sensor_vqa/raw/egolife/imu/A1_JAKE/DAY3/DAY3_A1_JAKE_17270000/DAY3_A1_JAKE_17270000_left.npz,"[""sensor_vqa/raw/egolife/imu/A1_JAKE/DAY3/DAY3_A1_JAKE_17270000/DAY3_A1_JAKE_17270000_left.npz"", ""sensor_vqa/raw/egolife/imu/A1_JAKE/DAY3/DAY3_A1_JAKE_17270000/DAY3_A1_JAKE_17270000_right.npz""]",,,,,0.0,,DAY3@17272609,"[""DAY3@16441610""]","[""imu"", ""rgb""]",true,true,true,ready
2.0,egolifeqa:egolifeqa-a1-jake-209,EgoLifeQA,benchmark,EgoLife,egolifeqa-a1-jake-209,EntityLog,Where did the plastic bag in Katrina's hand come from?,"[""Liquor section"", ""Seafood section"", ""Vegetable section"", ""Fruit section""]",0,Liquor section,public,"[""DAY3_A1_JAKE_18053000"", ""DAY3_A1_JAKE_16370000""]",egolifeqa:asset-42662fdf18f218d4,"[""egolifeqa:asset-42662fdf18f218d4"", ""egolifeqa:asset-9baae88eee07e23f""]",2,2,sensor_vqa/raw/egolife/video/A1_JAKE/DAY3/DAY3_A1_JAKE_18053000.mp4,"",sensor_vqa/raw/egolife/imu/A1_JAKE/DAY3/DAY3_A1_JAKE_18053000/DAY3_A1_JAKE_18053000_left.npz,"[""sensor_vqa/raw/egolife/imu/A1_JAKE/DAY3/DAY3_A1_JAKE_18053000/DAY3_A1_JAKE_18053000_left.npz"", ""sensor_vqa/raw/egolife/imu/A1_JAKE/DAY3/DAY3_A1_JAKE_18053000/DAY3_A1_JAKE_18053000_right.npz""]",,,,,0.0,,DAY3@18054408,"[""DAY3@16372410""]","[""imu"", ""rgb""]",true,true,true,ready
2.0,egolifeqa:egolifeqa-a1-jake-210,EgoLifeQA,benchmark,EgoLife,egolifeqa-a1-jake-210,RelationMap,Who joined us on the way home from shopping this time compared to last time?,"[""Tasha"", ""Shure"", ""Katrina"", ""Alice""]",1,Shure,public,"[""DAY3_A1_JAKE_18063000"", ""DAY1_A1_JAKE_19080000""]",egolifeqa:asset-7bd119b370dfc97d,"[""egolifeqa:asset-7bd119b370dfc97d"", ""egolifeqa:asset-b71f14436767ec87""]",2,2,sensor_vqa/raw/egolife/video/A1_JAKE/DAY3/DAY3_A1_JAKE_18063000.mp4,"",sensor_vqa/raw/egolife/imu/A1_JAKE/DAY3/DAY3_A1_JAKE_18063000/DAY3_A1_JAKE_18063000_left.npz,"[""sensor_vqa/raw/egolife/imu/A1_JAKE/DAY3/DAY3_A1_JAKE_18063000/DAY3_A1_JAKE_18063000_left.npz"", ""sensor_vqa/raw/egolife/imu/A1_JAKE/DAY3/DAY3_A1_JAKE_18063000/DAY3_A1_JAKE_18063000_right.npz""]",,,,,0.0,,DAY3@18064710,"[""DAY1@19082918""]","[""imu"", ""rgb""]",true,true,true,ready
2.0,egolifeqa:egolifeqa-a1-jake-211,EgoLifeQA,benchmark,EgoLife,egolifeqa-a1-jake-211,RelationMap,Who entered the password at the door last time?,"[""Alice"", ""Tasha"", ""Shure"", ""Lucia""]",3,Lucia,public,"[""DAY3_A1_JAKE_18070000"", ""DAY1_A1_JAKE_19083000""]",egolifeqa:asset-cdc5329404781f7d,"[""egolifeqa:asset-cdc5329404781f7d"", ""egolifeqa:asset-4d66d25407499f84""]",2,2,sensor_vqa/raw/egolife/video/A1_JAKE/DAY3/DAY3_A1_JAKE_18070000.mp4,"",sensor_vqa/raw/egolife/imu/A1_JAKE/DAY3/DAY3_A1_JAKE_18070000/DAY3_A1_JAKE_18070000_left.npz,"[""sensor_vqa/raw/egolife/imu/A1_JAKE/DAY3/DAY3_A1_JAKE_18070000/DAY3_A1_JAKE_18070000_left.npz"", ""sensor_vqa/raw/egolife/imu/A1_JAKE/DAY3/DAY3_A1_JAKE_18070000/DAY3_A1_JAKE_18070000_right.npz""]",,,,,0.0,,DAY3@18072210,"[""DAY1@19084618""]","[""imu"", ""rgb""]",true,true,true,ready
2.0,egolifeqa:egolifeqa-a1-jake-212,EgoLifeQA,benchmark,EgoLife,egolifeqa-a1-jake-212,TaskMaster,What should I do after we finish packing?,"[""I'm in charge of the barbecue"", ""I want to make dessert"", ""I need to transfer data"", ""I want to rest for a while""]",2,I need to transfer data,public,"[""DAY3_A1_JAKE_18073000"", ""DAY3_A1_JAKE_16480000""]",egolifeqa:asset-26904407e4850c2d,"[""egolifeqa:asset-26904407e4850c2d"", ""egolifeqa:asset-d9411fdcf64b78f6""]",2,2,sensor_vqa/raw/egolife/video/A1_JAKE/DAY3/DAY3_A1_JAKE_18073000.mp4,"",sensor_vqa/raw/egolife/imu/A1_JAKE/DAY3/DAY3_A1_JAKE_18073000/DAY3_A1_JAKE_18073000_left.npz,"[""sensor_vqa/raw/egolife/imu/A1_JAKE/DAY3/DAY3_A1_JAKE_18073000/DAY3_A1_JAKE_18073000_left.npz"", ""sensor_vqa/raw/egolife/imu/A1_JAKE/DAY3/DAY3_A1_JAKE_18073000/DAY3_A1_JAKE_18073000_right.npz""]",,,,,0.0,,DAY3@18074713,"[""DAY3@16480102""]","[""imu"", ""rgb""]",true,true,true,ready
2.0,egolifeqa:egolifeqa-a1-jake-213,EgoLifeQA,benchmark,EgoLife,egolifeqa-a1-jake-213,TaskMaster,We went shopping at the supermarket after Violet left. When does she plan to return?,"[""She'll be back the next day"", ""Violet will return for the gathering this Sunday"", ""She's not coming back"", ""She'll be back the day after tomorrow""]",1,Violet will return for the gathering this Sunday,public,"[""DAY3_A1_JAKE_18090000"", ""DAY3_A1_JAKE_16553000""]",egolifeqa:asset-2810e1b750fe1f21,"[""egolifeqa:asset-2810e1b750fe1f21"", ""egolifeqa:asset-056f6d87c2b27616""]",2,2,sensor_vqa/raw/egolife/video/A1_JAKE/DAY3/DAY3_A1_JAKE_18090000.mp4,"",sensor_vqa/raw/egolife/imu/A1_JAKE/DAY3/DAY3_A1_JAKE_18090000/DAY3_A1_JAKE_18090000_left.npz,"[""sensor_vqa/raw/egolife/imu/A1_JAKE/DAY3/DAY3_A1_JAKE_18090000/DAY3_A1_JAKE_18090000_left.npz"", ""sensor_vqa/raw/egolife/imu/A1_JAKE/DAY3/DAY3_A1_JAKE_18090000/DAY3_A1_JAKE_18090000_right.npz""]",,,,,0.0,,DAY3@18092617,"[""DAY3@16553230""]","[""imu"", ""rgb""]",true,true,true,ready
2.0,egolifeqa:egolifeqa-a1-jake-214,EgoLifeQA,benchmark,EgoLife,egolifeqa-a1-jake-214,RelationMap,Who was working with me in the room last time,"[""Choiszt Shure"", ""Shure Nicous"", ""Choiszt Jack"", ""Choiszt Nicous""]",3,Choiszt Nicous,public,"[""DAY3_A1_JAKE_18193000"", ""DAY2_A1_JAKE_18150000""]",egolifeqa:asset-03bfb6f2e15e10af,"[""egolifeqa:asset-03bfb6f2e15e10af"", ""egolifeqa:asset-1dc984ec045a0759""]",2,2,sensor_vqa/raw/egolife/video/A1_JAKE/DAY3/DAY3_A1_JAKE_18193000.mp4,"",sensor_vqa/raw/egolife/imu/A1_JAKE/DAY3/DAY3_A1_JAKE_18193000/DAY3_A1_JAKE_18193000_left.npz,"[""sensor_vqa/raw/egolife/imu/A1_JAKE/DAY3/DAY3_A1_JAKE_18193000/DAY3_A1_JAKE_18193000_left.npz"", ""sensor_vqa/raw/egolife/imu/A1_JAKE/DAY3/DAY3_A1_JAKE_18193000/DAY3_A1_JAKE_18193000_right.npz""]",,,,,0.0,,DAY3@18194009,"[""DAY2@18150100""]","[""imu"", ""rgb""]",true,true,true,ready
2.0,egolifeqa:egolifeqa-a1-jake-215,EgoLifeQA,benchmark,EgoLife,egolifeqa-a1-jake-215,TaskMaster,What is Shure going to do tonight?,"[""Play chess"", ""Wash dishes"", ""Grill meat"", ""Assemble shelves""]",2,Grill meat,public,"[""DAY3_A1_JAKE_19360000"", ""DAY3_A1_JAKE_18100000""]",egolifeqa:asset-22a0887ead1dbd12,"[""egolifeqa:asset-22a0887ead1dbd12"", ""egolifeqa:asset-235e006b02e4ab40""]",2,2,sensor_vqa/raw/egolife/video/A1_JAKE/DAY3/DAY3_A1_JAKE_19360000.mp4,"",sensor_vqa/raw/egolife/imu/A1_JAKE/DAY3/DAY3_A1_JAKE_19360000/DAY3_A1_JAKE_19360000_left.npz,"[""sensor_vqa/raw/egolife/imu/A1_JAKE/DAY3/DAY3_A1_JAKE_19360000/DAY3_A1_JAKE_19360000_left.npz"", ""sensor_vqa/raw/egolife/imu/A1_JAKE/DAY3/DAY3_A1_JAKE_19360000/DAY3_A1_JAKE_19360000_right.npz""]",,,,,0.0,,DAY3@19362202,"[""DAY3@18101110""]","[""imu"", ""rgb""]",true,true,true,ready
2.0,egolifeqa:egolifeqa-a1-jake-216,EgoLifeQA,benchmark,EgoLife,egolifeqa-a1-jake-216,EventRecall,"Now that I am sitting on the sofa, what was I doing the last time I sat on this sofa?","[""Operate the computer."", ""Play on the phone"", ""Make a call"", ""Eat pizza""]",0,Operate the computer.,public,"[""DAY3_A1_JAKE_19510000"", ""DAY3_A1_JAKE_19453000""]",egolifeqa:asset-a19386e382adcaf3,"[""egolifeqa:asset-a19386e382adcaf3"", ""egolifeqa:asset-72871cda561d117b""]",2,2,sensor_vqa/raw/egolife/video/A1_JAKE/DAY3/DAY3_A1_JAKE_19510000.mp4,"",sensor_vqa/raw/egolife/imu/A1_JAKE/DAY3/DAY3_A1_JAKE_19510000/DAY3_A1_JAKE_19510000_left.npz,"[""sensor_vqa/raw/egolife/imu/A1_JAKE/DAY3/DAY3_A1_JAKE_19510000/DAY3_A1_JAKE_19510000_left.npz"", ""sensor_vqa/raw/egolife/imu/A1_JAKE/DAY3/DAY3_A1_JAKE_19510000/DAY3_A1_JAKE_19510000_right.npz""]",,,,,0.0,,DAY3@19511807,"[""DAY3@19454602""]","[""imu"", ""rgb""]",true,true,true,ready
2.0,egolifeqa:egolifeqa-a1-jake-217,EgoLifeQA,benchmark,EgoLife,egolifeqa-a1-jake-217,TaskMaster,What task does Tasha have tonight?,"[""Make dessert"", ""Install hard drive"", ""Flower arrangement"", ""Bake bread""]",0,Make dessert,public,"[""DAY3_A1_JAKE_19580000"", ""DAY3_A1_JAKE_18100000""]",egolifeqa:asset-849f7e5b04c20fa1,"[""egolifeqa:asset-849f7e5b04c20fa1"", ""egolifeqa:asset-235e006b02e4ab40""]",2,2,sensor_vqa/raw/egolife/video/A1_JAKE/DAY3/DAY3_A1_JAKE_19580000.mp4,"",sensor_vqa/raw/egolife/imu/A1_JAKE/DAY3/DAY3_A1_JAKE_19580000/DAY3_A1_JAKE_19580000_left.npz,"[""sensor_vqa/raw/egolife/imu/A1_JAKE/DAY3/DAY3_A1_JAKE_19580000/DAY3_A1_JAKE_19580000_left.npz"", ""sensor_vqa/raw/egolife/imu/A1_JAKE/DAY3/DAY3_A1_JAKE_19580000/DAY3_A1_JAKE_19580000_right.npz""]",,,,,0.0,,DAY3@19582402,"[""DAY3@18101510""]","[""imu"", ""rgb""]",true,true,true,ready
2.0,egolifeqa:egolifeqa-a1-jake-218,EgoLifeQA,benchmark,EgoLife,egolifeqa-a1-jake-218,EntityLog,"Who bought the vegetables on the table, and when were they bought?","[""Shure"", ""Tasha"", ""Alice"", ""Me""]",2,Alice,public,"[""DAY3_A1_JAKE_20203000"", ""DAY3_A1_JAKE_16473000""]",egolifeqa:asset-476151eea6780665,"[""egolifeqa:asset-476151eea6780665"", ""egolifeqa:asset-1424b66a0892795c""]",2,2,sensor_vqa/raw/egolife/video/A1_JAKE/DAY3/DAY3_A1_JAKE_20203000.mp4,"",sensor_vqa/raw/egolife/imu/A1_JAKE/DAY3/DAY3_A1_JAKE_20203000/DAY3_A1_JAKE_20203000_left.npz,"[""sensor_vqa/raw/egolife/imu/A1_JAKE/DAY3/DAY3_A1_JAKE_20203000/DAY3_A1_JAKE_20203000_left.npz"", ""sensor_vqa/raw/egolife/imu/A1_JAKE/DAY3/DAY3_A1_JAKE_20203000/DAY3_A1_JAKE_20203000_right.npz""]",,,,,0.0,,DAY3@20203705,"[""DAY3@16474910""]","[""imu"", ""rgb""]",true,true,true,ready
2.0,egolifeqa:egolifeqa-a1-jake-219,EgoLifeQA,benchmark,EgoLife,egolifeqa-a1-jake-219,RelationMap,"Compared to yesterday, who hasn't participated in making desserts today?","[""Katrina and Shure"", ""Alice and Shure"", ""Katrina and Alice"", ""Violet and Alice""]",2,Katrina and Alice,public,"[""DAY3_A1_JAKE_20253000"", ""DAY1_A1_JAKE_21433000""]",egolifeqa:asset-af8e26fd6dfb5ce4,"[""egolifeqa:asset-af8e26fd6dfb5ce4"", ""egolifeqa:asset-bd256502aebed390""]",2,2,sensor_vqa/raw/egolife/video/A1_JAKE/DAY3/DAY3_A1_JAKE_20253000.mp4,"",sensor_vqa/raw/egolife/imu/A1_JAKE/DAY3/DAY3_A1_JAKE_20253000/DAY3_A1_JAKE_20253000_left.npz,"[""sensor_vqa/raw/egolife/imu/A1_JAKE/DAY3/DAY3_A1_JAKE_20253000/DAY3_A1_JAKE_20253000_left.npz"", ""sensor_vqa/raw/egolife/imu/A1_JAKE/DAY3/DAY3_A1_JAKE_20253000/DAY3_A1_JAKE_20253000_right.npz""]",,,,,0.0,,DAY3@20254607,"[""DAY1@21435709""]","[""imu"", ""rgb""]",true,true,true,ready
2.0,egolifeqa:egolifeqa-a1-jake-220,EgoLifeQA,benchmark,EgoLife,egolifeqa-a1-jake-220,EntityLog,When was the sugar on the table used before?,"[""Yesterday at noon"", ""Yesterday afternoon"", ""Last night"", ""Yesterday morning""]",0,Yesterday at noon,public,"[""DAY3_A1_JAKE_20260000"", ""DAY2_A1_JAKE_11200000""]",egolifeqa:asset-3395c124b4cf0f37,"[""egolifeqa:asset-3395c124b4cf0f37"", ""egolifeqa:asset-dab93b8e55e44920""]",2,2,sensor_vqa/raw/egolife/video/A1_JAKE/DAY3/DAY3_A1_JAKE_20260000.mp4,"",sensor_vqa/raw/egolife/imu/A1_JAKE/DAY3/DAY3_A1_JAKE_20260000/DAY3_A1_JAKE_20260000_left.npz,"[""sensor_vqa/raw/egolife/imu/A1_JAKE/DAY3/DAY3_A1_JAKE_20260000/DAY3_A1_JAKE_20260000_left.npz"", ""sensor_vqa/raw/egolife/imu/A1_JAKE/DAY3/DAY3_A1_JAKE_20260000/DAY3_A1_JAKE_20260000_right.npz""]",,,,,0.0,,DAY3@20262014,"[""DAY2@11200006""]","[""imu"", ""rgb""]",true,true,true,ready
2.0,egolifeqa:egolifeqa-a1-jake-221,EgoLifeQA,benchmark,EgoLife,egolifeqa-a1-jake-221,HabitInsight,What mineral water does Shure like to drink?,"[""Nongfu Spring"", ""Yibao"", ""Baisui Mountain"", ""Binglu""]",1,Yibao,public,"[""DAY3_A1_JAKE_20263000"", ""DAY3_A1_JAKE_11413000""]",egolifeqa:asset-18d02c7a099cc481,"[""egolifeqa:asset-18d02c7a099cc481"", ""egolifeqa:asset-cb6011c3d73421b5""]",2,2,sensor_vqa/raw/egolife/video/A1_JAKE/DAY3/DAY3_A1_JAKE_20263000.mp4,"",sensor_vqa/raw/egolife/imu/A1_JAKE/DAY3/DAY3_A1_JAKE_20263000/DAY3_A1_JAKE_20263000_left.npz,"[""sensor_vqa/raw/egolife/imu/A1_JAKE/DAY3/DAY3_A1_JAKE_20263000/DAY3_A1_JAKE_20263000_left.npz"", ""sensor_vqa/raw/egolife/imu/A1_JAKE/DAY3/DAY3_A1_JAKE_20263000/DAY3_A1_JAKE_20263000_right.npz""]",,,,,0.0,,DAY3@20264321,"[""DAY3@11415700""]","[""imu"", ""rgb""]",true,true,true,ready
2.0,egolifeqa:egolifeqa-a1-jake-222,EgoLifeQA,benchmark,EgoLife,egolifeqa-a1-jake-222,HabitInsight,What does Alice not like to eat?,"[""Fries"", ""Honey"", ""Beef"", ""Bread""]",1,Honey,public,"[""DAY3_A1_JAKE_20350000"", ""DAY3_A1_JAKE_20013000""]",egolifeqa:asset-2a1b627790b2cd3f,"[""egolifeqa:asset-2a1b627790b2cd3f"", ""egolifeqa:asset-4bb7dcaae75d8f29""]",2,2,sensor_vqa/raw/egolife/video/A1_JAKE/DAY3/DAY3_A1_JAKE_20350000.mp4,"",sensor_vqa/raw/egolife/imu/A1_JAKE/DAY3/DAY3_A1_JAKE_20350000/DAY3_A1_JAKE_20350000_left.npz,"[""sensor_vqa/raw/egolife/imu/A1_JAKE/DAY3/DAY3_A1_JAKE_20350000/DAY3_A1_JAKE_20350000_left.npz"", ""sensor_vqa/raw/egolife/imu/A1_JAKE/DAY3/DAY3_A1_JAKE_20350000/DAY3_A1_JAKE_20350000_right.npz""]",,,,,0.0,,DAY3@20352804,"[""DAY3@20015517""]","[""imu"", ""rgb""]",true,true,true,ready
2.0,egolifeqa:egolifeqa-a1-jake-223,EgoLifeQA,benchmark,EgoLife,egolifeqa-a1-jake-223,EntityLog,Who placed these baking utensils on the table?,"[""Me"", ""Shure"", ""Tasha"", ""Violet""]",2,Tasha,public,"[""DAY3_A1_JAKE_20473000"", ""DAY3_A1_JAKE_20243000""]",egolifeqa:asset-b0efdf651d553b20,"[""egolifeqa:asset-b0efdf651d553b20"", ""egolifeqa:asset-6ba203e5c741ef9c""]",2,2,sensor_vqa/raw/egolife/video/A1_JAKE/DAY3/DAY3_A1_JAKE_20473000.mp4,"",sensor_vqa/raw/egolife/imu/A1_JAKE/DAY3/DAY3_A1_JAKE_20473000/DAY3_A1_JAKE_20473000_left.npz,"[""sensor_vqa/raw/egolife/imu/A1_JAKE/DAY3/DAY3_A1_JAKE_20473000/DAY3_A1_JAKE_20473000_left.npz"", ""sensor_vqa/raw/egolife/imu/A1_JAKE/DAY3/DAY3_A1_JAKE_20473000/DAY3_A1_JAKE_20473000_right.npz""]",,,,,0.0,,DAY3@20474007,"[""DAY3@20245802""]","[""imu"", ""rgb""]",true,true,true,ready
2.0,egolifeqa:egolifeqa-a1-jake-224,EgoLifeQA,benchmark,EgoLife,egolifeqa-a1-jake-224,RelationMap,Who helped Shure last time he lit the fire?,"[""Lucia"", ""Me"", ""Tasha"", ""Alice""]",1,Me,public,"[""DAY3_A1_JAKE_20490000"", ""DAY3_A1_JAKE_20133000""]",egolifeqa:asset-cdc7275bf02acde5,"[""egolifeqa:asset-cdc7275bf02acde5"", ""egolifeqa:asset-3e387fd6b8432470""]",2,2,sensor_vqa/raw/egolife/video/A1_JAKE/DAY3/DAY3_A1_JAKE_20490000.mp4,"",sensor_vqa/raw/egolife/imu/A1_JAKE/DAY3/DAY3_A1_JAKE_20490000/DAY3_A1_JAKE_20490000_left.npz,"[""sensor_vqa/raw/egolife/imu/A1_JAKE/DAY3/DAY3_A1_JAKE_20490000/DAY3_A1_JAKE_20490000_left.npz"", ""sensor_vqa/raw/egolife/imu/A1_JAKE/DAY3/DAY3_A1_JAKE_20490000/DAY3_A1_JAKE_20490000_right.npz""]",,,,,0.0,,DAY3@20490702,"[""DAY3@20133902""]","[""imu"", ""rgb""]",true,true,true,ready
2.0,egolifeqa:egolifeqa-a1-jake-225,EgoLifeQA,benchmark,EgoLife,egolifeqa-a1-jake-225,TaskMaster,What do we plan to do with the mangoes,"[""Make dessert"", ""Make dried mango"", ""Make mango juice"", ""Eat directly""]",0,Make dessert,public,"[""DAY3_A1_JAKE_21010000"", ""DAY1_A1_JAKE_19123000""]",egolifeqa:asset-5ae155dc814db413,"[""egolifeqa:asset-5ae155dc814db413"", ""egolifeqa:asset-8f5f4efb7d10b0e9""]",2,2,sensor_vqa/raw/egolife/video/A1_JAKE/DAY3/DAY3_A1_JAKE_21010000.mp4,"",sensor_vqa/raw/egolife/imu/A1_JAKE/DAY3/DAY3_A1_JAKE_21010000/DAY3_A1_JAKE_21010000_left.npz,"[""sensor_vqa/raw/egolife/imu/A1_JAKE/DAY3/DAY3_A1_JAKE_21010000/DAY3_A1_JAKE_21010000_left.npz"", ""sensor_vqa/raw/egolife/imu/A1_JAKE/DAY3/DAY3_A1_JAKE_21010000/DAY3_A1_JAKE_21010000_right.npz""]",,,,,0.0,,DAY3@21012656,"[""DAY1@19123311""]","[""imu"", ""rgb""]",true,true,true,ready
2.0,egolifeqa:egolifeqa-a1-jake-226,EgoLifeQA,benchmark,EgoLife,egolifeqa-a1-jake-226,EntityLog,Who used the knife last before me?,"[""Alice"", ""Me"", ""Shure"", ""Tasha""]",1,Me,public,"[""DAY3_A1_JAKE_21033000"", ""DAY3_A1_JAKE_20413000""]",egolifeqa:asset-7b8ce28ac96fe916,"[""egolifeqa:asset-7b8ce28ac96fe916"", ""egolifeqa:asset-4dedb7e72a9b9e8b""]",2,2,sensor_vqa/raw/egolife/video/A1_JAKE/DAY3/DAY3_A1_JAKE_21033000.mp4,"",sensor_vqa/raw/egolife/imu/A1_JAKE/DAY3/DAY3_A1_JAKE_21033000/DAY3_A1_JAKE_21033000_left.npz,"[""sensor_vqa/raw/egolife/imu/A1_JAKE/DAY3/DAY3_A1_JAKE_21033000/DAY3_A1_JAKE_21033000_left.npz"", ""sensor_vqa/raw/egolife/imu/A1_JAKE/DAY3/DAY3_A1_JAKE_21033000/DAY3_A1_JAKE_21033000_right.npz""]",,,,,0.0,,DAY3@21035119,"[""DAY3@20414602""]","[""imu"", ""rgb""]",true,true,true,ready
2.0,egolifeqa:egolifeqa-a1-jake-227,EgoLifeQA,benchmark,EgoLife,egolifeqa-a1-jake-227,EntityLog,Who was the last person to use the small white microwave on the first floor?,"[""Tasha"", ""Alice"", ""Lucia"", ""Me""]",2,Lucia,public,"[""DAY3_A1_JAKE_21040000"", ""DAY2_A1_JAKE_22380000""]",egolifeqa:asset-15c60d66527dbc81,"[""egolifeqa:asset-15c60d66527dbc81"", ""egolifeqa:asset-5454e9a5e053009a""]",2,2,sensor_vqa/raw/egolife/video/A1_JAKE/DAY3/DAY3_A1_JAKE_21040000.mp4,"",sensor_vqa/raw/egolife/imu/A1_JAKE/DAY3/DAY3_A1_JAKE_21040000/DAY3_A1_JAKE_21040000_left.npz,"[""sensor_vqa/raw/egolife/imu/A1_JAKE/DAY3/DAY3_A1_JAKE_21040000/DAY3_A1_JAKE_21040000_left.npz"", ""sensor_vqa/raw/egolife/imu/A1_JAKE/DAY3/DAY3_A1_JAKE_21040000/DAY3_A1_JAKE_21040000_right.npz""]",,,,,0.0,,DAY3@21042203,"[""DAY2@22381816""]","[""imu"", ""rgb""]",true,true,true,ready
2.0,egolifeqa:egolifeqa-a1-jake-228,EgoLifeQA,benchmark,EgoLife,egolifeqa-a1-jake-228,HabitInsight,What does Shure usually do when mentioning prices?,"[""Convert to JPY"", ""Convert to EUR"", ""Convert to USD"", ""Convert to SGD""]",3,Convert to SGD,public,"[""DAY3_A1_JAKE_21040000"", ""DAY3_A1_JAKE_16353000""]",egolifeqa:asset-15c60d66527dbc81,"[""egolifeqa:asset-15c60d66527dbc81"", ""egolifeqa:asset-5749e328d84b6bf2""]",2,2,sensor_vqa/raw/egolife/video/A1_JAKE/DAY3/DAY3_A1_JAKE_21040000.mp4,"",sensor_vqa/raw/egolife/imu/A1_JAKE/DAY3/DAY3_A1_JAKE_21040000/DAY3_A1_JAKE_21040000_left.npz,"[""sensor_vqa/raw/egolife/imu/A1_JAKE/DAY3/DAY3_A1_JAKE_21040000/DAY3_A1_JAKE_21040000_left.npz"", ""sensor_vqa/raw/egolife/imu/A1_JAKE/DAY3/DAY3_A1_JAKE_21040000/DAY3_A1_JAKE_21040000_right.npz""]",,,,,0.0,,DAY3@21042903,"[""DAY3@16354913DAY3_16401700""]","[""imu"", ""rgb""]",true,true,true,ready
2.0,egolifeqa:egolifeqa-a1-jake-229,EgoLifeQA,benchmark,EgoLife,egolifeqa-a1-jake-229,TaskMaster,What drink combination can we try at this gathering?,"[""Tequila and Yakult"", ""Tequila and Cola"", ""Orange Juice and Tequila"", ""Rum and Sprite""]",2,Orange Juice and Tequila,public,"[""DAY3_A1_JAKE_21223000"", ""DAY2_A1_JAKE_22410000""]",egolifeqa:asset-4bfef9aaf9e2d91a,"[""egolifeqa:asset-4bfef9aaf9e2d91a"", ""egolifeqa:asset-a5acf45bcf6d7a1f""]",2,2,sensor_vqa/raw/egolife/video/A1_JAKE/DAY3/DAY3_A1_JAKE_21223000.mp4,"",sensor_vqa/raw/egolife/imu/A1_JAKE/DAY3/DAY3_A1_JAKE_21223000/DAY3_A1_JAKE_21223000_left.npz,"[""sensor_vqa/raw/egolife/imu/A1_JAKE/DAY3/DAY3_A1_JAKE_21223000/DAY3_A1_JAKE_21223000_left.npz"", ""sensor_vqa/raw/egolife/imu/A1_JAKE/DAY3/DAY3_A1_JAKE_21223000/DAY3_A1_JAKE_21223000_right.npz""]",,,,,0.0,,DAY3@21223302,"[""DAY2@22411216""]","[""imu"", ""rgb""]",true,true,true,ready
2.0,egolifeqa:egolifeqa-a1-jake-230,EgoLifeQA,benchmark,EgoLife,egolifeqa-a1-jake-230,EventRecall,"Now I'm taking a picture of Alice, who was the last person I photographed with my phone?","[""Alice"", ""A group photo of six people"", ""Katrina"", ""Tasha""]",1,A group photo of six people,public,"[""DAY3_A1_JAKE_21253000"", ""DAY3_A1_JAKE_17200000""]",egolifeqa:asset-733b1f138a08909d,"[""egolifeqa:asset-733b1f138a08909d"", ""egolifeqa:asset-33d2c4530cc3fc38""]",2,2,sensor_vqa/raw/egolife/video/A1_JAKE/DAY3/DAY3_A1_JAKE_21253000.mp4,"",sensor_vqa/raw/egolife/imu/A1_JAKE/DAY3/DAY3_A1_JAKE_21253000/DAY3_A1_JAKE_21253000_left.npz,"[""sensor_vqa/raw/egolife/imu/A1_JAKE/DAY3/DAY3_A1_JAKE_21253000/DAY3_A1_JAKE_21253000_left.npz"", ""sensor_vqa/raw/egolife/imu/A1_JAKE/DAY3/DAY3_A1_JAKE_21253000/DAY3_A1_JAKE_21253000_right.npz""]",,,,,0.0,,DAY3@21253614,"[""DAY3@17202407""]","[""imu"", ""rgb""]",true,true,true,ready
2.0,egolifeqa:egolifeqa-a1-jake-231,EgoLifeQA,benchmark,EgoLife,egolifeqa-a1-jake-231,EventRecall,What other ingredients did I prepare the last time I was chopping vegetables in the kitchen?,"[""Mango"", ""Konjac"", ""Cabbage"", ""Potato""]",0,Mango,public,"[""DAY3_A1_JAKE_21363000"", ""DAY3_A1_JAKE_21033000""]",egolifeqa:asset-eafbeb61c17a202d,"[""egolifeqa:asset-eafbeb61c17a202d"", ""egolifeqa:asset-7b8ce28ac96fe916""]",2,2,sensor_vqa/raw/egolife/video/A1_JAKE/DAY3/DAY3_A1_JAKE_21363000.mp4,"",sensor_vqa/raw/egolife/imu/A1_JAKE/DAY3/DAY3_A1_JAKE_21363000/DAY3_A1_JAKE_21363000_left.npz,"[""sensor_vqa/raw/egolife/imu/A1_JAKE/DAY3/DAY3_A1_JAKE_21363000/DAY3_A1_JAKE_21363000_left.npz"", ""sensor_vqa/raw/egolife/imu/A1_JAKE/DAY3/DAY3_A1_JAKE_21363000/DAY3_A1_JAKE_21363000_right.npz""]",,,,,0.0,,DAY3@21363410,"[""DAY3@21035302""]","[""imu"", ""rgb""]",true,true,true,ready
2.0,egolifeqa:egolifeqa-a1-jake-232,EgoLifeQA,benchmark,EgoLife,egolifeqa-a1-jake-232,EventRecall,"Now I am cutting fruit in the kitchen, what did I do after the last time I cut fruit in the kitchen?","[""Wash dishes"", ""Eat mango"", ""Beat eggs"", ""Bake bread""]",1,Eat mango,public,"[""DAY3_A1_JAKE_21423000"", ""DAY3_A1_JAKE_21143000""]",egolifeqa:asset-c5b9143068928016,"[""egolifeqa:asset-c5b9143068928016"", ""egolifeqa:asset-956218872fe83e65""]",2,2,sensor_vqa/raw/egolife/video/A1_JAKE/DAY3/DAY3_A1_JAKE_21423000.mp4,"",sensor_vqa/raw/egolife/imu/A1_JAKE/DAY3/DAY3_A1_JAKE_21423000/DAY3_A1_JAKE_21423000_left.npz,"[""sensor_vqa/raw/egolife/imu/A1_JAKE/DAY3/DAY3_A1_JAKE_21423000/DAY3_A1_JAKE_21423000_left.npz"", ""sensor_vqa/raw/egolife/imu/A1_JAKE/DAY3/DAY3_A1_JAKE_21423000/DAY3_A1_JAKE_21423000_right.npz""]",,,,,0.0,,DAY3@21423811,"[""DAY3@21145008""]","[""imu"", ""rgb""]",true,true,true,ready
2.0,egolifeqa:egolifeqa-a1-jake-233,EgoLifeQA,benchmark,EgoLife,egolifeqa-a1-jake-233,EntityLog,When was the piping bag last used?,"[""The afternoon before yesterday"", ""The night before yesterday"", ""Yesterday afternoon"", ""Last night""]",1,The night before yesterday,public,"[""DAY3_A1_JAKE_21460000"", ""DAY1_A1_JAKE_21410000""]",egolifeqa:asset-77fd11e7fc7781d7,"[""egolifeqa:asset-77fd11e7fc7781d7"", ""egolifeqa:asset-fc7e8973ae215a0e""]",2,2,sensor_vqa/raw/egolife/video/A1_JAKE/DAY3/DAY3_A1_JAKE_21460000.mp4,"",sensor_vqa/raw/egolife/imu/A1_JAKE/DAY3/DAY3_A1_JAKE_21460000/DAY3_A1_JAKE_21460000_left.npz,"[""sensor_vqa/raw/egolife/imu/A1_JAKE/DAY3/DAY3_A1_JAKE_21460000/DAY3_A1_JAKE_21460000_left.npz"", ""sensor_vqa/raw/egolife/imu/A1_JAKE/DAY3/DAY3_A1_JAKE_21460000/DAY3_A1_JAKE_21460000_right.npz""]",,,,,0.0,,DAY3@21461302,"[""DAY1@21410516""]","[""imu"", ""rgb""]",true,true,true,ready
2.0,egolifeqa:egolifeqa-a1-jake-234,EgoLifeQA,benchmark,EgoLife,egolifeqa-a1-jake-234,RelationMap,"When in the arcade, who watched Lucia play the rhythm game","[""Katrina, Shure"", ""Me, Violet"", ""Me, Alice"", ""Shure, Alice""]",2,"Me, Alice",public,"[""DAY3_A1_JAKE_21583000"", ""DAY3_A1_JAKE_16123000""]",egolifeqa:asset-228f6517e52d6500,"[""egolifeqa:asset-228f6517e52d6500"", ""egolifeqa:asset-cf61f97aa5f0a023""]",2,2,sensor_vqa/raw/egolife/video/A1_JAKE/DAY3/DAY3_A1_JAKE_21583000.mp4,"",sensor_vqa/raw/egolife/imu/A1_JAKE/DAY3/DAY3_A1_JAKE_21583000/DAY3_A1_JAKE_21583000_left.npz,"[""sensor_vqa/raw/egolife/imu/A1_JAKE/DAY3/DAY3_A1_JAKE_21583000/DAY3_A1_JAKE_21583000_left.npz"", ""sensor_vqa/raw/egolife/imu/A1_JAKE/DAY3/DAY3_A1_JAKE_21583000/DAY3_A1_JAKE_21583000_right.npz""]",,,,,0.0,,DAY3@21584204,"[""DAY3@16123705""]","[""imu"", ""rgb""]",true,true,true,ready
2.0,egolifeqa:egolifeqa-a1-jake-235,EgoLifeQA,benchmark,EgoLife,egolifeqa-a1-jake-235,EventRecall,Who was responsible for making the cake on the evening,"[""Alice, Shure, Katrina"", ""Me, Tasha, Lucia"", ""Katrina, Tasha, Lucia"", ""Katrina, Alice, Shure""]",1,"Me, Tasha, Lucia",public,"[""DAY3_A1_JAKE_21583000"", ""DAY3_A1_JAKE_21123000""]",egolifeqa:asset-228f6517e52d6500,"[""egolifeqa:asset-228f6517e52d6500"", ""egolifeqa:asset-f380b1b763e82d03""]",2,2,sensor_vqa/raw/egolife/video/A1_JAKE/DAY3/DAY3_A1_JAKE_21583000.mp4,"",sensor_vqa/raw/egolife/imu/A1_JAKE/DAY3/DAY3_A1_JAKE_21583000/DAY3_A1_JAKE_21583000_left.npz,"[""sensor_vqa/raw/egolife/imu/A1_JAKE/DAY3/DAY3_A1_JAKE_21583000/DAY3_A1_JAKE_21583000_left.npz"", ""sensor_vqa/raw/egolife/imu/A1_JAKE/DAY3/DAY3_A1_JAKE_21583000/DAY3_A1_JAKE_21583000_right.npz""]",,,,,0.0,,DAY3@21584204,"[""DAY3@21124602""]","[""imu"", ""rgb""]",true,true,true,ready
2.0,egolifeqa:egolifeqa-a1-jake-236,EgoLifeQA,benchmark,EgoLife,egolifeqa-a1-jake-236,RelationMap,"On the evening, we are going to have a barbecue in the yard. Who did Lucia ask to help with the lighting?","[""Shure"", ""Nicous"", ""Alice"", ""Me""]",3,Me,public,"[""DAY3_A1_JAKE_21583000"", ""DAY3_A1_JAKE_20010000""]",egolifeqa:asset-228f6517e52d6500,"[""egolifeqa:asset-228f6517e52d6500"", ""egolifeqa:asset-074b8059a629213d""]",2,2,sensor_vqa/raw/egolife/video/A1_JAKE/DAY3/DAY3_A1_JAKE_21583000.mp4,"",sensor_vqa/raw/egolife/imu/A1_JAKE/DAY3/DAY3_A1_JAKE_21583000/DAY3_A1_JAKE_21583000_left.npz,"[""sensor_vqa/raw/egolife/imu/A1_JAKE/DAY3/DAY3_A1_JAKE_21583000/DAY3_A1_JAKE_21583000_left.npz"", ""sensor_vqa/raw/egolife/imu/A1_JAKE/DAY3/DAY3_A1_JAKE_21583000/DAY3_A1_JAKE_21583000_right.npz""]",,,,,0.0,,DAY3@21584204,"[""DAY3@20012418""]","[""imu"", ""rgb""]",true,true,true,ready
2.0,egolifeqa:egolifeqa-a1-jake-237,EgoLifeQA,benchmark,EgoLife,egolifeqa-a1-jake-237,RelationMap,Who helped Tasha and Lucia beat the eggs,"[""Me"", ""Nicous"", ""Alice"", ""Shure""]",0,Me,public,"[""DAY3_A1_JAKE_21583000"", ""DAY3_A1_JAKE_20100000""]",egolifeqa:asset-228f6517e52d6500,"[""egolifeqa:asset-228f6517e52d6500"", ""egolifeqa:asset-caf8192111762a33""]",2,2,sensor_vqa/raw/egolife/video/A1_JAKE/DAY3/DAY3_A1_JAKE_21583000.mp4,"",sensor_vqa/raw/egolife/imu/A1_JAKE/DAY3/DAY3_A1_JAKE_21583000/DAY3_A1_JAKE_21583000_left.npz,"[""sensor_vqa/raw/egolife/imu/A1_JAKE/DAY3/DAY3_A1_JAKE_21583000/DAY3_A1_JAKE_21583000_left.npz"", ""sensor_vqa/raw/egolife/imu/A1_JAKE/DAY3/DAY3_A1_JAKE_21583000/DAY3_A1_JAKE_21583000_right.npz""]",,,,,0.0,,DAY3@21584204,"[""DAY3@20100812""]","[""imu"", ""rgb""]",true,true,true,ready
2.0,egolifeqa:egolifeqa-a1-jake-238,EgoLifeQA,benchmark,EgoLife,egolifeqa-a1-jake-238,RelationMap,Who gave us the disposable gloves when we were eating pizza on day3,"[""Katrina"", ""Violet"", ""Shure"", ""Tasha""]",1,Violet,public,"[""DAY3_A1_JAKE_21583000"", ""DAY3_A1_JAKE_12013000""]",egolifeqa:asset-228f6517e52d6500,"[""egolifeqa:asset-228f6517e52d6500"", ""egolifeqa:asset-c5154882a35e13dd""]",2,2,sensor_vqa/raw/egolife/video/A1_JAKE/DAY3/DAY3_A1_JAKE_21583000.mp4,"",sensor_vqa/raw/egolife/imu/A1_JAKE/DAY3/DAY3_A1_JAKE_21583000/DAY3_A1_JAKE_21583000_left.npz,"[""sensor_vqa/raw/egolife/imu/A1_JAKE/DAY3/DAY3_A1_JAKE_21583000/DAY3_A1_JAKE_21583000_left.npz"", ""sensor_vqa/raw/egolife/imu/A1_JAKE/DAY3/DAY3_A1_JAKE_21583000/DAY3_A1_JAKE_21583000_right.npz""]",,,,,0.0,,DAY3@21584204,"[""DAY3@12013515""]","[""imu"", ""rgb""]",true,true,true,ready
2.0,egolifeqa:egolifeqa-a1-jake-239,EgoLifeQA,benchmark,EgoLife,egolifeqa-a1-jake-239,EntityLog,Who placed the plate of strawberries next to the table?,"[""Tasha"", ""Me"", ""Alice"", ""Shure""]",1,Me,public,"[""DAY3_A1_JAKE_22013000"", ""DAY3_A1_JAKE_21483000""]",egolifeqa:asset-7b49191ca6097a20,"[""egolifeqa:asset-7b49191ca6097a20"", ""egolifeqa:asset-c06188f88995813d""]",2,2,sensor_vqa/raw/egolife/video/A1_JAKE/DAY3/DAY3_A1_JAKE_22013000.mp4,"",sensor_vqa/raw/egolife/imu/A1_JAKE/DAY3/DAY3_A1_JAKE_22013000/DAY3_A1_JAKE_22013000_left.npz,"[""sensor_vqa/raw/egolife/imu/A1_JAKE/DAY3/DAY3_A1_JAKE_22013000/DAY3_A1_JAKE_22013000_left.npz"", ""sensor_vqa/raw/egolife/imu/A1_JAKE/DAY3/DAY3_A1_JAKE_22013000/DAY3_A1_JAKE_22013000_right.npz""]",,,,,0.0,,DAY3@22014017,"[""DAY3@21484802""]","[""imu"", ""rgb""]",true,true,true,ready
2.0,egolifeqa:egolifeqa-a1-jake-240,EgoLifeQA,benchmark,EgoLife,egolifeqa-a1-jake-240,EventRecall,"Now I am walking towards the kitchen with a plate of fruit, what was the reason I went to the kitchen last time?","[""Bake egg tarts"", ""Wash dishes"", ""Wash hands"", ""Cut mangoes""]",3,Cut mangoes,public,"[""DAY3_A1_JAKE_22140000"", ""DAY3_A1_JAKE_21420000""]",egolifeqa:asset-d1cd16efbee613e1,"[""egolifeqa:asset-d1cd16efbee613e1"", ""egolifeqa:asset-781c22b0bef11971""]",2,2,sensor_vqa/raw/egolife/video/A1_JAKE/DAY3/DAY3_A1_JAKE_22140000.mp4,"",sensor_vqa/raw/egolife/imu/A1_JAKE/DAY3/DAY3_A1_JAKE_22140000/DAY3_A1_JAKE_22140000_left.npz,"[""sensor_vqa/raw/egolife/imu/A1_JAKE/DAY3/DAY3_A1_JAKE_22140000/DAY3_A1_JAKE_22140000_left.npz"", ""sensor_vqa/raw/egolife/imu/A1_JAKE/DAY3/DAY3_A1_JAKE_22140000/DAY3_A1_JAKE_22140000_right.npz""]",,,,,0.0,,DAY3@22141804,"[""DAY3@21421802""]","[""imu"", ""rgb""]",true,true,true,ready
2.0,egolifeqa:egolifeqa-a1-jake-241,EgoLifeQA,benchmark,EgoLife,egolifeqa-a1-jake-241,EntityLog,When did these foods start baking?,"[""About an hour ago"", ""About an hour and a half ago."", ""About two hours ago"", ""About half an hour ago""]",0,About an hour ago,public,"[""DAY3_A1_JAKE_22230000"", ""DAY3_A1_JAKE_21230000""]",egolifeqa:asset-bfbd8abff250b782,"[""egolifeqa:asset-bfbd8abff250b782"", ""egolifeqa:asset-2482df9dd7f9e73e""]",2,2,sensor_vqa/raw/egolife/video/A1_JAKE/DAY3/DAY3_A1_JAKE_22230000.mp4,"",sensor_vqa/raw/egolife/imu/A1_JAKE/DAY3/DAY3_A1_JAKE_22230000/DAY3_A1_JAKE_22230000_left.npz,"[""sensor_vqa/raw/egolife/imu/A1_JAKE/DAY3/DAY3_A1_JAKE_22230000/DAY3_A1_JAKE_22230000_left.npz"", ""sensor_vqa/raw/egolife/imu/A1_JAKE/DAY3/DAY3_A1_JAKE_22230000/DAY3_A1_JAKE_22230000_right.npz""]",,,,,0.0,,DAY3@22232118,"[""DAY3@21232613""]","[""imu"", ""rgb""]",true,true,true,ready
2.0,egolifeqa:egolifeqa-a1-jake-242,EgoLifeQA,benchmark,EgoLife,egolifeqa-a1-jake-242,EventRecall,"The last time I laughed so hard, what was it about?","[""Watched a previously recorded video"", ""Tasha said she wanted a craft class"", ""Shure told a joke"", ""Dancing""]",1,Tasha said she wanted a craft class,public,"[""DAY3_A1_JAKE_22333000"", ""DAY3_A1_JAKE_21560000""]",egolifeqa:asset-a168f76766a310ba,"[""egolifeqa:asset-a168f76766a310ba"", ""egolifeqa:asset-78607bb549c5d0e7""]",2,2,sensor_vqa/raw/egolife/video/A1_JAKE/DAY3/DAY3_A1_JAKE_22333000.mp4,"",sensor_vqa/raw/egolife/imu/A1_JAKE/DAY3/DAY3_A1_JAKE_22333000/DAY3_A1_JAKE_22333000_left.npz,"[""sensor_vqa/raw/egolife/imu/A1_JAKE/DAY3/DAY3_A1_JAKE_22333000/DAY3_A1_JAKE_22333000_left.npz"", ""sensor_vqa/raw/egolife/imu/A1_JAKE/DAY3/DAY3_A1_JAKE_22333000/DAY3_A1_JAKE_22333000_right.npz""]",,,,,0.0,,DAY3@22334815,"[""DAY3@21561610""]","[""imu"", ""rgb""]",true,true,true,ready
2.0,egolifeqa:egolifeqa-a1-jake-243,EgoLifeQA,benchmark,EgoLife,egolifeqa-a1-jake-243,EntityLog,What was I washing with the faucet last time?,"[""Mango"", ""Chopsticks"", ""Knife"", ""Strawberry""]",2,Knife,public,"[""DAY3_A1_JAKE_22363000"", ""DAY3_A1_JAKE_22300000""]",egolifeqa:asset-123fdf1eba1b78fb,"[""egolifeqa:asset-123fdf1eba1b78fb"", ""egolifeqa:asset-2e719cf9bfc4bf78""]",2,2,sensor_vqa/raw/egolife/video/A1_JAKE/DAY3/DAY3_A1_JAKE_22363000.mp4,"",sensor_vqa/raw/egolife/imu/A1_JAKE/DAY3/DAY3_A1_JAKE_22363000/DAY3_A1_JAKE_22363000_left.npz,"[""sensor_vqa/raw/egolife/imu/A1_JAKE/DAY3/DAY3_A1_JAKE_22363000/DAY3_A1_JAKE_22363000_left.npz"", ""sensor_vqa/raw/egolife/imu/A1_JAKE/DAY3/DAY3_A1_JAKE_22363000/DAY3_A1_JAKE_22363000_right.npz""]",,,,,0.0,,DAY3@22364211,"[""DAY3@22301302""]","[""imu"", ""rgb""]",true,true,true,ready
2.0,egolifeqa:egolifeqa-a1-jake-244,EgoLifeQA,benchmark,EgoLife,egolifeqa-a1-jake-244,RelationMap,"Last time when Tasha, Lucia and I made a cake, who else joined?","[""Alice Katrina"", ""Shure Alice"", ""Choiszt Katrina"", ""Alice Violet""]",0,Alice Katrina,public,"[""DAY3_A1_JAKE_22410000"", ""DAY1_A1_JAKE_21423000""]",egolifeqa:asset-251351013fb37d40,"[""egolifeqa:asset-251351013fb37d40"", ""egolifeqa:asset-fcee0880edb5cb95""]",2,2,sensor_vqa/raw/egolife/video/A1_JAKE/DAY3/DAY3_A1_JAKE_22410000.mp4,"",sensor_vqa/raw/egolife/imu/A1_JAKE/DAY3/DAY3_A1_JAKE_22410000/DAY3_A1_JAKE_22410000_left.npz,"[""sensor_vqa/raw/egolife/imu/A1_JAKE/DAY3/DAY3_A1_JAKE_22410000/DAY3_A1_JAKE_22410000_left.npz"", ""sensor_vqa/raw/egolife/imu/A1_JAKE/DAY3/DAY3_A1_JAKE_22410000/DAY3_A1_JAKE_22410000_right.npz""]",,,,,0.0,,DAY3@22412702,"[""DAY1@21423316""]","[""imu"", ""rgb""]",true,true,true,ready
2.0,egolifeqa:egolifeqa-a1-jake-245,EgoLifeQA,benchmark,EgoLife,egolifeqa-a1-jake-245,EntityLog,How many times did I protect the fire seed?,"[""6 times"", ""3 times"", ""5 times"", ""4 times""]",1,3 times,public,"[""DAY3_A1_JAKE_22483000"", ""DAY3_A1_JAKE_20113000"", ""DAY3_A1_JAKE_20100000""]",egolifeqa:asset-b32f94792e037cc5,"[""egolifeqa:asset-b32f94792e037cc5"", ""egolifeqa:asset-4d874f20fab65e29"", ""egolifeqa:asset-caf8192111762a33""]",3,3,sensor_vqa/raw/egolife/video/A1_JAKE/DAY3/DAY3_A1_JAKE_22483000.mp4,"",sensor_vqa/raw/egolife/imu/A1_JAKE/DAY3/DAY3_A1_JAKE_22483000/DAY3_A1_JAKE_22483000_left.npz,"[""sensor_vqa/raw/egolife/imu/A1_JAKE/DAY3/DAY3_A1_JAKE_22483000/DAY3_A1_JAKE_22483000_left.npz"", ""sensor_vqa/raw/egolife/imu/A1_JAKE/DAY3/DAY3_A1_JAKE_22483000/DAY3_A1_JAKE_22483000_right.npz""]",,,,,0.0,,DAY3@22483306,"[""DAY3@20114702"", ""DAY3@20100602""]","[""imu"", ""rgb""]",true,true,true,ready
2.0,egolifeqa:egolifeqa-a1-jake-246,EgoLifeQA,benchmark,EgoLife,egolifeqa-a1-jake-246,EventRecall,Who is missing from tonight's dinner compared to the morning's game activity?,"[""Violet"", ""Choiszt"", ""Shure"", ""Nicous""]",0,Violet,public,"[""DAY3_A1_JAKE_22490000"", ""DAY3_A1_JAKE_12063000""]",egolifeqa:asset-f00e8f6482b128b8,"[""egolifeqa:asset-f00e8f6482b128b8"", ""egolifeqa:asset-68bb19d7119e4da7""]",2,2,sensor_vqa/raw/egolife/video/A1_JAKE/DAY3/DAY3_A1_JAKE_22490000.mp4,"",sensor_vqa/raw/egolife/imu/A1_JAKE/DAY3/DAY3_A1_JAKE_22490000/DAY3_A1_JAKE_22490000_left.npz,"[""sensor_vqa/raw/egolife/imu/A1_JAKE/DAY3/DAY3_A1_JAKE_22490000/DAY3_A1_JAKE_22490000_left.npz"", ""sensor_vqa/raw/egolife/imu/A1_JAKE/DAY3/DAY3_A1_JAKE_22490000/DAY3_A1_JAKE_22490000_right.npz""]",,,,,0.0,,DAY3@22491419,"[""DAY3@12063116""]","[""imu"", ""rgb""]",true,true,true,ready
2.0,egolifeqa:egolifeqa-a1-jake-247,EgoLifeQA,benchmark,EgoLife,egolifeqa-a1-jake-247,EventRecall,"Now that I have opened the door, what was I going to do the last time I opened this door?","[""Go to the park to play."", ""Go shopping."", ""Pick up takeout"", ""Pick up a package""]",2,Pick up takeout,public,"[""DAY4_A1_JAKE_10510000"", ""DAY3_A1_JAKE_20423000""]",egolifeqa:asset-6a79a645477454e9,"[""egolifeqa:asset-6a79a645477454e9"", ""egolifeqa:asset-84e2afc1ec14179b""]",2,2,sensor_vqa/raw/egolife/video/A1_JAKE/DAY4/DAY4_A1_JAKE_10510000.mp4,"",sensor_vqa/raw/egolife/imu/A1_JAKE/DAY4/DAY4_A1_JAKE_10510000/DAY4_A1_JAKE_10510000_left.npz,"[""sensor_vqa/raw/egolife/imu/A1_JAKE/DAY4/DAY4_A1_JAKE_10510000/DAY4_A1_JAKE_10510000_left.npz"", ""sensor_vqa/raw/egolife/imu/A1_JAKE/DAY4/DAY4_A1_JAKE_10510000/DAY4_A1_JAKE_10510000_right.npz""]",,,,,0.0,,DAY4@10512005,"[""DAY3@20425202""]","[""imu"", ""rgb""]",true,true,true,ready
2.0,egolifeqa:egolifeqa-a1-jake-248,EgoLifeQA,benchmark,EgoLife,egolifeqa-a1-jake-248,EntityLog,When was the last time I received a delivery?,"[""Last night"", ""Yesterday at noon"", ""This morning"", ""Yesterday afternoon""]",0,Last night,public,"[""DAY4_A1_JAKE_10513000"", ""DAY3_A1_JAKE_20423000""]",egolifeqa:asset-2ff8196bae92ed73,"[""egolifeqa:asset-2ff8196bae92ed73"", ""egolifeqa:asset-84e2afc1ec14179b""]",2,2,sensor_vqa/raw/egolife/video/A1_JAKE/DAY4/DAY4_A1_JAKE_10513000.mp4,"",sensor_vqa/raw/egolife/imu/A1_JAKE/DAY4/DAY4_A1_JAKE_10513000/DAY4_A1_JAKE_10513000_left.npz,"[""sensor_vqa/raw/egolife/imu/A1_JAKE/DAY4/DAY4_A1_JAKE_10513000/DAY4_A1_JAKE_10513000_left.npz"", ""sensor_vqa/raw/egolife/imu/A1_JAKE/DAY4/DAY4_A1_JAKE_10513000/DAY4_A1_JAKE_10513000_right.npz""]",,,,,0.0,,DAY4@10515812,"[""DAY3@20424202""]","[""imu"", ""rgb""]",true,true,true,ready
2.0,egolifeqa:egolifeqa-a1-jake-249,EgoLifeQA,benchmark,EgoLife,egolifeqa-a1-jake-249,HabitInsight,What app do I usually use to shop,"[""Taobao"", ""Ele.me"", ""JD.com"", ""Meituan""]",3,Meituan,public,"[""DAY4_A1_JAKE_10520000"", ""DAY1_A1_JAKE_13443000""]",egolifeqa:asset-0adf31678856c39d,"[""egolifeqa:asset-0adf31678856c39d"", ""egolifeqa:asset-03c24493a8021d3a""]",2,2,sensor_vqa/raw/egolife/video/A1_JAKE/DAY4/DAY4_A1_JAKE_10520000.mp4,"",sensor_vqa/raw/egolife/imu/A1_JAKE/DAY4/DAY4_A1_JAKE_10520000/DAY4_A1_JAKE_10520000_left.npz,"[""sensor_vqa/raw/egolife/imu/A1_JAKE/DAY4/DAY4_A1_JAKE_10520000/DAY4_A1_JAKE_10520000_left.npz"", ""sensor_vqa/raw/egolife/imu/A1_JAKE/DAY4/DAY4_A1_JAKE_10520000/DAY4_A1_JAKE_10520000_right.npz""]",,,,,0.0,,DAY4@10520014,"[""DAY1@13444813DAY3_20222516""]","[""imu"", ""rgb""]",true,true,true,ready
2.0,egolifeqa:egolifeqa-a1-jake-250,EgoLifeQA,benchmark,EgoLife,egolifeqa-a1-jake-250,HabitInsight,What app do I usually use to shop,"[""Meituan"", ""Taobao"", ""Ele.me"", ""JD.com""]",0,Meituan,public,"[""DAY4_A1_JAKE_10520000"", ""DAY1_A1_JAKE_13443000""]",egolifeqa:asset-0adf31678856c39d,"[""egolifeqa:asset-0adf31678856c39d"", ""egolifeqa:asset-03c24493a8021d3a""]",2,2,sensor_vqa/raw/egolife/video/A1_JAKE/DAY4/DAY4_A1_JAKE_10520000.mp4,"",sensor_vqa/raw/egolife/imu/A1_JAKE/DAY4/DAY4_A1_JAKE_10520000/DAY4_A1_JAKE_10520000_left.npz,"[""sensor_vqa/raw/egolife/imu/A1_JAKE/DAY4/DAY4_A1_JAKE_10520000/DAY4_A1_JAKE_10520000_left.npz"", ""sensor_vqa/raw/egolife/imu/A1_JAKE/DAY4/DAY4_A1_JAKE_10520000/DAY4_A1_JAKE_10520000_right.npz""]",,,,,0.0,,DAY4@10520014,"[""DAY1@13444813DAY3_20222516""]","[""imu"", ""rgb""]",true,true,true,ready
2.0,egolifeqa:egolifeqa-a1-jake-251,EgoLifeQA,benchmark,EgoLife,egolifeqa-a1-jake-251,TaskMaster,What is Katrina's room decoration plan?,"[""Roller Painting Small Table"", ""Flowers Night Light"", ""Carpet Little Dolls"", ""Wall Painting Tablecloth""]",2,Carpet Little Dolls,public,"[""DAY4_A1_JAKE_11013000"", ""DAY2_A1_JAKE_22510000""]",egolifeqa:asset-8426b0d086363dfa,"[""egolifeqa:asset-8426b0d086363dfa"", ""egolifeqa:asset-00cc1bd47a484c08""]",2,2,sensor_vqa/raw/egolife/video/A1_JAKE/DAY4/DAY4_A1_JAKE_11013000.mp4,"",sensor_vqa/raw/egolife/imu/A1_JAKE/DAY4/DAY4_A1_JAKE_11013000/DAY4_A1_JAKE_11013000_left.npz,"[""sensor_vqa/raw/egolife/imu/A1_JAKE/DAY4/DAY4_A1_JAKE_11013000/DAY4_A1_JAKE_11013000_left.npz"", ""sensor_vqa/raw/egolife/imu/A1_JAKE/DAY4/DAY4_A1_JAKE_11013000/DAY4_A1_JAKE_11013000_right.npz""]",,,,,0.0,,DAY4@11014017,"[""DAY2@22511116""]","[""imu"", ""rgb""]",true,true,true,ready
2.0,egolifeqa:egolifeqa-a1-jake-252,EgoLifeQA,benchmark,EgoLife,egolifeqa-a1-jake-252,TaskMaster,What are Katrina's plans for today?,"[""Shopping"", ""Dance"", ""Play with the puppy"", ""Bake a cake""]",1,Dance,public,"[""DAY4_A1_JAKE_11020000"", ""DAY3_A1_JAKE_20203000""]",egolifeqa:asset-43d10f5586439838,"[""egolifeqa:asset-43d10f5586439838"", ""egolifeqa:asset-476151eea6780665""]",2,2,sensor_vqa/raw/egolife/video/A1_JAKE/DAY4/DAY4_A1_JAKE_11020000.mp4,"",sensor_vqa/raw/egolife/imu/A1_JAKE/DAY4/DAY4_A1_JAKE_11020000/DAY4_A1_JAKE_11020000_left.npz,"[""sensor_vqa/raw/egolife/imu/A1_JAKE/DAY4/DAY4_A1_JAKE_11020000/DAY4_A1_JAKE_11020000_left.npz"", ""sensor_vqa/raw/egolife/imu/A1_JAKE/DAY4/DAY4_A1_JAKE_11020000/DAY4_A1_JAKE_11020000_right.npz""]",,,,,0.0,,DAY4@11021100,"[""DAY3@20204014""]","[""imu"", ""rgb""]",true,true,true,ready
2.0,egolifeqa:egolifeqa-a1-jake-253,EgoLifeQA,benchmark,EgoLife,egolifeqa-a1-jake-253,TaskMaster,What activities are there this morning?,"[""Shopping"", ""Make breakfast"", ""Install hard drive"", ""Play with the puppy""]",1,Make breakfast,public,"[""DAY4_A1_JAKE_11060000"", ""DAY3_A1_JAKE_16543000""]",egolifeqa:asset-737498d7aae0f519,"[""egolifeqa:asset-737498d7aae0f519"", ""egolifeqa:asset-84d7303373ad841d""]",2,2,sensor_vqa/raw/egolife/video/A1_JAKE/DAY4/DAY4_A1_JAKE_11060000.mp4,"",sensor_vqa/raw/egolife/imu/A1_JAKE/DAY4/DAY4_A1_JAKE_11060000/DAY4_A1_JAKE_11060000_left.npz,"[""sensor_vqa/raw/egolife/imu/A1_JAKE/DAY4/DAY4_A1_JAKE_11060000/DAY4_A1_JAKE_11060000_left.npz"", ""sensor_vqa/raw/egolife/imu/A1_JAKE/DAY4/DAY4_A1_JAKE_11060000/DAY4_A1_JAKE_11060000_right.npz""]",,,,,0.0,,DAY4@11061500,"[""DAY3@16543210""]","[""imu"", ""rgb""]",true,true,true,ready
2.0,egolifeqa:egolifeqa-a1-jake-254,EgoLifeQA,benchmark,EgoLife,egolifeqa-a1-jake-254,TaskMaster,What does Tasha need to buy to decorate the room?,"[""Seaweed Balls, Aromatherapy"", ""Bed Sheets, Throw Pillows"", ""Postcards, Fishing Net"", ""Carpet, Decorative Painting""]",3,"Carpet, Decorative Painting",public,"[""DAY4_A1_JAKE_11143000"", ""DAY2_A1_JAKE_22520000""]",egolifeqa:asset-8588d909543ca8e4,"[""egolifeqa:asset-8588d909543ca8e4"", ""egolifeqa:asset-698dddcf6716b921""]",2,2,sensor_vqa/raw/egolife/video/A1_JAKE/DAY4/DAY4_A1_JAKE_11143000.mp4,"",sensor_vqa/raw/egolife/imu/A1_JAKE/DAY4/DAY4_A1_JAKE_11143000/DAY4_A1_JAKE_11143000_left.npz,"[""sensor_vqa/raw/egolife/imu/A1_JAKE/DAY4/DAY4_A1_JAKE_11143000/DAY4_A1_JAKE_11143000_left.npz"", ""sensor_vqa/raw/egolife/imu/A1_JAKE/DAY4/DAY4_A1_JAKE_11143000/DAY4_A1_JAKE_11143000_right.npz""]",,,,,0.0,,DAY4@11145407,"[""DAY2@22522516""]","[""imu"", ""rgb""]",true,true,true,ready
2.0,egolifeqa:egolifeqa-a1-jake-255,EgoLifeQA,benchmark,EgoLife,egolifeqa-a1-jake-255,TaskMaster,What is Katrina planning to buy tomorrow,"[""milk tea"", ""flowers"", ""coffee"", ""masking tape""]",3,masking tape,public,"[""DAY4_A1_JAKE_11240000"", ""DAY3_A1_JAKE_20203000""]",egolifeqa:asset-b6485c59ee406bc1,"[""egolifeqa:asset-b6485c59ee406bc1"", ""egolifeqa:asset-476151eea6780665""]",2,2,sensor_vqa/raw/egolife/video/A1_JAKE/DAY4/DAY4_A1_JAKE_11240000.mp4,"",sensor_vqa/raw/egolife/imu/A1_JAKE/DAY4/DAY4_A1_JAKE_11240000/DAY4_A1_JAKE_11240000_left.npz,"[""sensor_vqa/raw/egolife/imu/A1_JAKE/DAY4/DAY4_A1_JAKE_11240000/DAY4_A1_JAKE_11240000_left.npz"", ""sensor_vqa/raw/egolife/imu/A1_JAKE/DAY4/DAY4_A1_JAKE_11240000/DAY4_A1_JAKE_11240000_right.npz""]",,,,,0.0,,DAY4@11240015,"[""DAY3@20204907""]","[""imu"", ""rgb""]",true,true,true,ready
2.0,egolifeqa:egolifeqa-a1-jake-256,EgoLifeQA,benchmark,EgoLife,egolifeqa-a1-jake-256,RelationMap,"On the first day, who did Tasha ask to bring her a cup?","[""Katrina"", ""Me"", ""Lucia"", ""Alice""]",3,Alice,public,"[""DAY4_A1_JAKE_11270000"", ""DAY1_A1_JAKE_20483000""]",egolifeqa:asset-c6217507cde59fa3,"[""egolifeqa:asset-c6217507cde59fa3"", ""egolifeqa:asset-4506c5bf3c3287b8""]",2,2,sensor_vqa/raw/egolife/video/A1_JAKE/DAY4/DAY4_A1_JAKE_11270000.mp4,"",sensor_vqa/raw/egolife/imu/A1_JAKE/DAY4/DAY4_A1_JAKE_11270000/DAY4_A1_JAKE_11270000_left.npz,"[""sensor_vqa/raw/egolife/imu/A1_JAKE/DAY4/DAY4_A1_JAKE_11270000/DAY4_A1_JAKE_11270000_left.npz"", ""sensor_vqa/raw/egolife/imu/A1_JAKE/DAY4/DAY4_A1_JAKE_11270000/DAY4_A1_JAKE_11270000_right.npz""]",,,,,0.0,,DAY4@11270750,"[""DAY1@20483412""]","[""imu"", ""rgb""]",true,true,true,ready
2.0,egolifeqa:egolifeqa-a1-jake-257,EgoLifeQA,benchmark,EgoLife,egolifeqa-a1-jake-257,EntityLog,Who placed the cup on the table before Tasha picked it up?,"[""Shure"", ""Alice"", ""Me"", ""Tasha""]",3,Tasha,public,"[""DAY4_A1_JAKE_11333000"", ""DAY4_A1_JAKE_11280000""]",egolifeqa:asset-696984ca7dd57da0,"[""egolifeqa:asset-696984ca7dd57da0"", ""egolifeqa:asset-ec1d92bb3492ae8f""]",2,2,sensor_vqa/raw/egolife/video/A1_JAKE/DAY4/DAY4_A1_JAKE_11333000.mp4,"",sensor_vqa/raw/egolife/imu/A1_JAKE/DAY4/DAY4_A1_JAKE_11333000/DAY4_A1_JAKE_11333000_left.npz,"[""sensor_vqa/raw/egolife/imu/A1_JAKE/DAY4/DAY4_A1_JAKE_11333000/DAY4_A1_JAKE_11333000_left.npz"", ""sensor_vqa/raw/egolife/imu/A1_JAKE/DAY4/DAY4_A1_JAKE_11333000/DAY4_A1_JAKE_11333000_right.npz""]",,,,,0.0,,DAY4@11334014,"[""DAY4@11282800""]","[""imu"", ""rgb""]",true,true,true,ready
2.0,egolifeqa:egolifeqa-a1-jake-258,EgoLifeQA,benchmark,EgoLife,egolifeqa-a1-jake-258,EventRecall,When were the oysters bought?,"[""Last night"", ""This morning"", ""Yesterday afternoon"", ""Yesterday at noon""]",2,Yesterday afternoon,public,"[""DAY4_A1_JAKE_11343000"", ""DAY3_A1_JAKE_17010000""]",egolifeqa:asset-997e9c722819aa70,"[""egolifeqa:asset-997e9c722819aa70"", ""egolifeqa:asset-6dfc6f00d8d37144""]",2,2,sensor_vqa/raw/egolife/video/A1_JAKE/DAY4/DAY4_A1_JAKE_11343000.mp4,"",sensor_vqa/raw/egolife/imu/A1_JAKE/DAY4/DAY4_A1_JAKE_11343000/DAY4_A1_JAKE_11343000_left.npz,"[""sensor_vqa/raw/egolife/imu/A1_JAKE/DAY4/DAY4_A1_JAKE_11343000/DAY4_A1_JAKE_11343000_left.npz"", ""sensor_vqa/raw/egolife/imu/A1_JAKE/DAY4/DAY4_A1_JAKE_11343000/DAY4_A1_JAKE_11343000_right.npz""]",,,,,0.0,,DAY4@11345902,"[""DAY3@17012317""]","[""imu"", ""rgb""]",true,true,true,ready
2.0,egolifeqa:egolifeqa-a1-jake-259,EgoLifeQA,benchmark,EgoLife,egolifeqa-a1-jake-259,RelationMap,Who else joined when Tasha and I had breakfast last time?,"[""Violet"", ""Shure"", ""Lucia"", ""Choiszt""]",2,Lucia,public,"[""DAY4_A1_JAKE_11353000"", ""DAY2_A1_JAKE_11240000""]",egolifeqa:asset-4ccc2f4db3310256,"[""egolifeqa:asset-4ccc2f4db3310256"", ""egolifeqa:asset-bae531d9ceb057ea""]",2,2,sensor_vqa/raw/egolife/video/A1_JAKE/DAY4/DAY4_A1_JAKE_11353000.mp4,"",sensor_vqa/raw/egolife/imu/A1_JAKE/DAY4/DAY4_A1_JAKE_11353000/DAY4_A1_JAKE_11353000_left.npz,"[""sensor_vqa/raw/egolife/imu/A1_JAKE/DAY4/DAY4_A1_JAKE_11353000/DAY4_A1_JAKE_11353000_left.npz"", ""sensor_vqa/raw/egolife/imu/A1_JAKE/DAY4/DAY4_A1_JAKE_11353000/DAY4_A1_JAKE_11353000_right.npz""]",,,,,0.0,,DAY4@11355317,"[""DAY2@11241306""]","[""imu"", ""rgb""]",true,true,true,ready
2.0,egolifeqa:egolifeqa-a1-jake-260,EgoLifeQA,benchmark,EgoLife,egolifeqa-a1-jake-260,EventRecall,What did I take out the last time I opened the fridge?,"[""Fruits"", ""Drinks"", ""Vegetables"", ""Ice cream""]",2,Vegetables,public,"[""DAY4_A1_JAKE_11363000"", ""DAY1_A1_JAKE_19120000""]",egolifeqa:asset-91fc078e8fd5298e,"[""egolifeqa:asset-91fc078e8fd5298e"", ""egolifeqa:asset-6af8cc33c0895fe9""]",2,2,sensor_vqa/raw/egolife/video/A1_JAKE/DAY4/DAY4_A1_JAKE_11363000.mp4,"",sensor_vqa/raw/egolife/imu/A1_JAKE/DAY4/DAY4_A1_JAKE_11363000/DAY4_A1_JAKE_11363000_left.npz,"[""sensor_vqa/raw/egolife/imu/A1_JAKE/DAY4/DAY4_A1_JAKE_11363000/DAY4_A1_JAKE_11363000_left.npz"", ""sensor_vqa/raw/egolife/imu/A1_JAKE/DAY4/DAY4_A1_JAKE_11363000/DAY4_A1_JAKE_11363000_right.npz""]",,,,,0.0,,DAY4@11365009,"[""DAY1@19121118""]","[""imu"", ""rgb""]",true,true,true,ready
2.0,egolifeqa:egolifeqa-a1-jake-261,EgoLifeQA,benchmark,EgoLife,egolifeqa-a1-jake-261,EntityLog,When were the boiled eggs on the dining table bought?,"[""Yesterday at noon"", ""This morning"", ""Yesterday afternoon"", ""Last night""]",2,Yesterday afternoon,public,"[""DAY4_A1_JAKE_11380000"", ""DAY3_A1_JAKE_16440000""]",egolifeqa:asset-d736ceab9c397ef8,"[""egolifeqa:asset-d736ceab9c397ef8"", ""egolifeqa:asset-1b3fae3ce789472f""]",2,2,sensor_vqa/raw/egolife/video/A1_JAKE/DAY4/DAY4_A1_JAKE_11380000.mp4,"",sensor_vqa/raw/egolife/imu/A1_JAKE/DAY4/DAY4_A1_JAKE_11380000/DAY4_A1_JAKE_11380000_left.npz,"[""sensor_vqa/raw/egolife/imu/A1_JAKE/DAY4/DAY4_A1_JAKE_11380000/DAY4_A1_JAKE_11380000_left.npz"", ""sensor_vqa/raw/egolife/imu/A1_JAKE/DAY4/DAY4_A1_JAKE_11380000/DAY4_A1_JAKE_11380000_right.npz""]",,,,,0.0,,DAY4@11380802,"[""DAY3@16441610""]","[""imu"", ""rgb""]",true,true,true,ready
2.0,egolifeqa:egolifeqa-a1-jake-262,EgoLifeQA,benchmark,EgoLife,egolifeqa-a1-jake-262,EventRecall,What were my friends doing around me the last time I took food from the dining table?,"[""Barbecue Party"", ""Washing dishes"", ""Baking a Cake"", ""Playing on their phones""]",0,Barbecue Party,public,"[""DAY4_A1_JAKE_11380000"", ""DAY3_A1_JAKE_22493000""]",egolifeqa:asset-d736ceab9c397ef8,"[""egolifeqa:asset-d736ceab9c397ef8"", ""egolifeqa:asset-320dd8fbc9250bf7""]",2,2,sensor_vqa/raw/egolife/video/A1_JAKE/DAY4/DAY4_A1_JAKE_11380000.mp4,"",sensor_vqa/raw/egolife/imu/A1_JAKE/DAY4/DAY4_A1_JAKE_11380000/DAY4_A1_JAKE_11380000_left.npz,"[""sensor_vqa/raw/egolife/imu/A1_JAKE/DAY4/DAY4_A1_JAKE_11380000/DAY4_A1_JAKE_11380000_left.npz"", ""sensor_vqa/raw/egolife/imu/A1_JAKE/DAY4/DAY4_A1_JAKE_11380000/DAY4_A1_JAKE_11380000_right.npz""]",,,,,0.0,,DAY4@11380802,"[""DAY3@22494806""]","[""imu"", ""rgb""]",true,true,true,ready
2.0,egolifeqa:egolifeqa-a1-jake-263,EgoLifeQA,benchmark,EgoLife,egolifeqa-a1-jake-263,RelationMap,Who navigated and led us all to Hema Fresh?,"[""Shure"", ""Tasha"", ""Katrina"", ""Lucia""]",2,Katrina,public,"[""DAY4_A1_JAKE_11380000"", ""DAY3_A1_JAKE_15420000""]",egolifeqa:asset-d736ceab9c397ef8,"[""egolifeqa:asset-d736ceab9c397ef8"", ""egolifeqa:asset-1f24dbda9ae761af""]",2,2,sensor_vqa/raw/egolife/video/A1_JAKE/DAY4/DAY4_A1_JAKE_11380000.mp4,"",sensor_vqa/raw/egolife/imu/A1_JAKE/DAY4/DAY4_A1_JAKE_11380000/DAY4_A1_JAKE_11380000_left.npz,"[""sensor_vqa/raw/egolife/imu/A1_JAKE/DAY4/DAY4_A1_JAKE_11380000/DAY4_A1_JAKE_11380000_left.npz"", ""sensor_vqa/raw/egolife/imu/A1_JAKE/DAY4/DAY4_A1_JAKE_11380000/DAY4_A1_JAKE_11380000_right.npz""]",,,,,0.0,,DAY4@11381500,"[""DAY3@15421212""]","[""imu"", ""rgb""]",true,true,true,ready
2.0,egolifeqa:egolifeqa-a1-jake-264,EgoLifeQA,benchmark,EgoLife,egolifeqa-a1-jake-264,EventRecall,"The last time I discussed weekend plans with Katrina, what else did we talk about?","[""Plans for the Next Few Days"", ""Shopping"", ""Dance Schedule"", ""Snatching tickets""]",0,Plans for the Next Few Days,public,"[""DAY4_A1_JAKE_11503000"", ""DAY3_A1_JAKE_20210000""]",egolifeqa:asset-6dc42391cac59279,"[""egolifeqa:asset-6dc42391cac59279"", ""egolifeqa:asset-c901a47123fdcb4e""]",2,2,sensor_vqa/raw/egolife/video/A1_JAKE/DAY4/DAY4_A1_JAKE_11503000.mp4,"",sensor_vqa/raw/egolife/imu/A1_JAKE/DAY4/DAY4_A1_JAKE_11503000/DAY4_A1_JAKE_11503000_left.npz,"[""sensor_vqa/raw/egolife/imu/A1_JAKE/DAY4/DAY4_A1_JAKE_11503000/DAY4_A1_JAKE_11503000_left.npz"", ""sensor_vqa/raw/egolife/imu/A1_JAKE/DAY4/DAY4_A1_JAKE_11503000/DAY4_A1_JAKE_11503000_right.npz""]",,,,,0.0,,DAY4@11505616,"[""DAY3@20210204""]","[""imu"", ""rgb""]",true,true,true,ready
2.0,egolifeqa:egolifeqa-a1-jake-265,EgoLifeQA,benchmark,EgoLife,egolifeqa-a1-jake-265,RelationMap,Who joined Tasha and me when we were cleaning up the trash?,"[""Katrina"", ""Alice"", ""Shure"", ""Lucia""]",2,Shure,public,"[""DAY4_A1_JAKE_11513000"", ""DAY4_A1_JAKE_11463000""]",egolifeqa:asset-1cc7c65e03be07c4,"[""egolifeqa:asset-1cc7c65e03be07c4"", ""egolifeqa:asset-1fbfbd749ed2eccf""]",2,2,sensor_vqa/raw/egolife/video/A1_JAKE/DAY4/DAY4_A1_JAKE_11513000.mp4,"",sensor_vqa/raw/egolife/imu/A1_JAKE/DAY4/DAY4_A1_JAKE_11513000/DAY4_A1_JAKE_11513000_left.npz,"[""sensor_vqa/raw/egolife/imu/A1_JAKE/DAY4/DAY4_A1_JAKE_11513000/DAY4_A1_JAKE_11513000_left.npz"", ""sensor_vqa/raw/egolife/imu/A1_JAKE/DAY4/DAY4_A1_JAKE_11513000/DAY4_A1_JAKE_11513000_right.npz""]",,,,,0.0,,DAY4@11515607,"[""DAY4@11465500""]","[""imu"", ""rgb""]",true,true,true,ready
2.0,egolifeqa:egolifeqa-a1-jake-266,EgoLifeQA,benchmark,EgoLife,egolifeqa-a1-jake-266,HabitInsight,What do I often check on my phone in the morning?,"[""Chat"", ""Check the camera"", ""Read novels"", ""Play games""]",1,Check the camera,public,"[""DAY4_A1_JAKE_11543000"", ""DAY1_A1_JAKE_11360000""]",egolifeqa:asset-a356b2dcea8d93f5,"[""egolifeqa:asset-a356b2dcea8d93f5"", ""egolifeqa:asset-a17e828f0b46e796""]",2,2,sensor_vqa/raw/egolife/video/A1_JAKE/DAY4/DAY4_A1_JAKE_11543000.mp4,"",sensor_vqa/raw/egolife/imu/A1_JAKE/DAY4/DAY4_A1_JAKE_11543000/DAY4_A1_JAKE_11543000_left.npz,"[""sensor_vqa/raw/egolife/imu/A1_JAKE/DAY4/DAY4_A1_JAKE_11543000/DAY4_A1_JAKE_11543000_left.npz"", ""sensor_vqa/raw/egolife/imu/A1_JAKE/DAY4/DAY4_A1_JAKE_11543000/DAY4_A1_JAKE_11543000_right.npz""]",,,,,0.0,,DAY4@11544814,"[""DAY1@11360904DAY2_10453312DAY3_11235811""]","[""imu"", ""rgb""]",true,true,true,ready
2.0,egolifeqa:egolifeqa-a1-jake-267,EgoLifeQA,benchmark,EgoLife,egolifeqa-a1-jake-267,TaskMaster,What activities can we hold in Shure's room?,"[""Pillow fight"", ""Cat's cradle"", ""Play games"", ""Tea party""]",0,Pillow fight,public,"[""DAY4_A1_JAKE_11580000"", ""DAY2_A1_JAKE_22563000""]",egolifeqa:asset-adbbd599d27bc4cc,"[""egolifeqa:asset-adbbd599d27bc4cc"", ""egolifeqa:asset-becf629d2fb847c5""]",2,2,sensor_vqa/raw/egolife/video/A1_JAKE/DAY4/DAY4_A1_JAKE_11580000.mp4,"",sensor_vqa/raw/egolife/imu/A1_JAKE/DAY4/DAY4_A1_JAKE_11580000/DAY4_A1_JAKE_11580000_left.npz,"[""sensor_vqa/raw/egolife/imu/A1_JAKE/DAY4/DAY4_A1_JAKE_11580000/DAY4_A1_JAKE_11580000_left.npz"", ""sensor_vqa/raw/egolife/imu/A1_JAKE/DAY4/DAY4_A1_JAKE_11580000/DAY4_A1_JAKE_11580000_right.npz""]",,,,,0.0,,DAY4@11581510,"[""DAY2@22565113""]","[""imu"", ""rgb""]",true,true,true,ready
2.0,egolifeqa:egolifeqa-a1-jake-268,EgoLifeQA,benchmark,EgoLife,egolifeqa-a1-jake-268,TaskMaster,What are we planning to eat for lunch today?,"[""Dumplings"", ""Hot Pot"", ""Toast"", ""Pizza""]",0,Dumplings,public,"[""DAY4_A1_JAKE_12110000"", ""DAY4_A1_JAKE_12010000""]",egolifeqa:asset-e1f04157a5c8c195,"[""egolifeqa:asset-e1f04157a5c8c195"", ""egolifeqa:asset-e6030450b850f7e4""]",2,2,sensor_vqa/raw/egolife/video/A1_JAKE/DAY4/DAY4_A1_JAKE_12110000.mp4,"",sensor_vqa/raw/egolife/imu/A1_JAKE/DAY4/DAY4_A1_JAKE_12110000/DAY4_A1_JAKE_12110000_left.npz,"[""sensor_vqa/raw/egolife/imu/A1_JAKE/DAY4/DAY4_A1_JAKE_12110000/DAY4_A1_JAKE_12110000_left.npz"", ""sensor_vqa/raw/egolife/imu/A1_JAKE/DAY4/DAY4_A1_JAKE_12110000/DAY4_A1_JAKE_12110000_right.npz""]",,,,,0.0,,DAY4@12111410,"[""DAY4@12011213""]","[""imu"", ""rgb""]",true,true,true,ready
2.0,egolifeqa:egolifeqa-a1-jake-269,EgoLifeQA,benchmark,EgoLife,egolifeqa-a1-jake-269,RelationMap,Who was with me the last time I assembled something?,"[""Lucia Shure"", ""Katrina Nicous"", ""Shure Katrina"", ""Lucia Choiszt""]",2,Shure Katrina,public,"[""DAY4_A1_JAKE_12253000"", ""DAY1_A1_JAKE_13013000""]",egolifeqa:asset-a017e3e33ddaf8b2,"[""egolifeqa:asset-a017e3e33ddaf8b2"", ""egolifeqa:asset-401516b71c79043d""]",2,2,sensor_vqa/raw/egolife/video/A1_JAKE/DAY4/DAY4_A1_JAKE_12253000.mp4,"",sensor_vqa/raw/egolife/imu/A1_JAKE/DAY4/DAY4_A1_JAKE_12253000/DAY4_A1_JAKE_12253000_left.npz,"[""sensor_vqa/raw/egolife/imu/A1_JAKE/DAY4/DAY4_A1_JAKE_12253000/DAY4_A1_JAKE_12253000_left.npz"", ""sensor_vqa/raw/egolife/imu/A1_JAKE/DAY4/DAY4_A1_JAKE_12253000/DAY4_A1_JAKE_12253000_right.npz""]",,,,,0.0,,DAY4@12255300,"[""DAY1@13013708""]","[""imu"", ""rgb""]",true,true,true,ready
2.0,egolifeqa:egolifeqa-a1-jake-270,EgoLifeQA,benchmark,EgoLife,egolifeqa-a1-jake-270,RelationMap,Who am I with when cleaning up food waste,"[""Shure, Katrina"", ""Tasha, Alice"", ""Alice, Shure"", ""Shure, Tasha""]",2,"Alice, Shure",public,"[""DAY4_A1_JAKE_12270000"", ""DAY4_A1_JAKE_11463000""]",egolifeqa:asset-034376127b97060e,"[""egolifeqa:asset-034376127b97060e"", ""egolifeqa:asset-1fbfbd749ed2eccf""]",2,2,sensor_vqa/raw/egolife/video/A1_JAKE/DAY4/DAY4_A1_JAKE_12270000.mp4,"",sensor_vqa/raw/egolife/imu/A1_JAKE/DAY4/DAY4_A1_JAKE_12270000/DAY4_A1_JAKE_12270000_left.npz,"[""sensor_vqa/raw/egolife/imu/A1_JAKE/DAY4/DAY4_A1_JAKE_12270000/DAY4_A1_JAKE_12270000_left.npz"", ""sensor_vqa/raw/egolife/imu/A1_JAKE/DAY4/DAY4_A1_JAKE_12270000/DAY4_A1_JAKE_12270000_right.npz""]",,,,,0.0,,DAY4@12271312,"[""DAY4@11465706""]","[""imu"", ""rgb""]",true,true,true,ready
2.0,egolifeqa:egolifeqa-a1-jake-271,EgoLifeQA,benchmark,EgoLife,egolifeqa-a1-jake-271,EventRecall,What task were we doing the last time screws were mentioned?,"[""Shopping"", ""Assembling a shelf"", ""Installing a hard drive"", ""Barbecue""]",1,Assembling a shelf,public,"[""DAY4_A1_JAKE_12283000"", ""DAY1_A1_JAKE_12543000""]",egolifeqa:asset-7a6ff197aad64829,"[""egolifeqa:asset-7a6ff197aad64829"", ""egolifeqa:asset-7e0a24b4159af3cd""]",2,2,sensor_vqa/raw/egolife/video/A1_JAKE/DAY4/DAY4_A1_JAKE_12283000.mp4,"",sensor_vqa/raw/egolife/imu/A1_JAKE/DAY4/DAY4_A1_JAKE_12283000/DAY4_A1_JAKE_12283000_left.npz,"[""sensor_vqa/raw/egolife/imu/A1_JAKE/DAY4/DAY4_A1_JAKE_12283000/DAY4_A1_JAKE_12283000_left.npz"", ""sensor_vqa/raw/egolife/imu/A1_JAKE/DAY4/DAY4_A1_JAKE_12283000/DAY4_A1_JAKE_12283000_right.npz""]",,,,,0.0,,DAY4@12283911,"[""DAY1@12544208""]","[""imu"", ""rgb""]",true,true,true,ready
2.0,egolifeqa:egolifeqa-a1-jake-272,EgoLifeQA,benchmark,EgoLife,egolifeqa-a1-jake-272,EntityLog,Where did I get the screwdriver in my hand?,"[""On the chair"", ""On the shelf"", ""On the table"", ""In my room""]",1,On the shelf,public,"[""DAY4_A1_JAKE_12343000"", ""DAY4_A1_JAKE_12250000""]",egolifeqa:asset-ee91a65f9f40c016,"[""egolifeqa:asset-ee91a65f9f40c016"", ""egolifeqa:asset-41332baf20225edc""]",2,2,sensor_vqa/raw/egolife/video/A1_JAKE/DAY4/DAY4_A1_JAKE_12343000.mp4,"",sensor_vqa/raw/egolife/imu/A1_JAKE/DAY4/DAY4_A1_JAKE_12343000/DAY4_A1_JAKE_12343000_left.npz,"[""sensor_vqa/raw/egolife/imu/A1_JAKE/DAY4/DAY4_A1_JAKE_12343000/DAY4_A1_JAKE_12343000_left.npz"", ""sensor_vqa/raw/egolife/imu/A1_JAKE/DAY4/DAY4_A1_JAKE_12343000/DAY4_A1_JAKE_12343000_right.npz""]",,,,,0.0,,DAY4@12344100,"[""DAY4@12250200""]","[""imu"", ""rgb""]",true,true,true,ready
2.0,egolifeqa:egolifeqa-a1-jake-273,EgoLifeQA,benchmark,EgoLife,egolifeqa-a1-jake-273,TaskMaster,What do I plan to do this afternoon?,"[""Dance"", ""Sing"", ""Eat"", ""Go to the supermarket""]",0,Dance,public,"[""DAY4_A1_JAKE_12380000"", ""DAY4_A1_JAKE_11523000""]",egolifeqa:asset-21d795259924841e,"[""egolifeqa:asset-21d795259924841e"", ""egolifeqa:asset-ea88f3594fc322df""]",2,2,sensor_vqa/raw/egolife/video/A1_JAKE/DAY4/DAY4_A1_JAKE_12380000.mp4,"",sensor_vqa/raw/egolife/imu/A1_JAKE/DAY4/DAY4_A1_JAKE_12380000/DAY4_A1_JAKE_12380000_left.npz,"[""sensor_vqa/raw/egolife/imu/A1_JAKE/DAY4/DAY4_A1_JAKE_12380000/DAY4_A1_JAKE_12380000_left.npz"", ""sensor_vqa/raw/egolife/imu/A1_JAKE/DAY4/DAY4_A1_JAKE_12380000/DAY4_A1_JAKE_12380000_right.npz""]",,,,,0.0,,DAY4@12381107,"[""DAY4@11524602""]","[""imu"", ""rgb""]",true,true,true,ready
2.0,egolifeqa:egolifeqa-a1-jake-274,EgoLifeQA,benchmark,EgoLife,egolifeqa-a1-jake-274,EntityLog,When was the last time I used a power bank?,"[""Last night"", ""Yesterday at noon"", ""Yesterday afternoon"", ""This morning""]",0,Last night,public,"[""DAY4_A1_JAKE_12433000"", ""DAY3_A1_JAKE_19473000""]",egolifeqa:asset-909ff8d8013d8771,"[""egolifeqa:asset-909ff8d8013d8771"", ""egolifeqa:asset-0a4b55082427a172""]",2,2,sensor_vqa/raw/egolife/video/A1_JAKE/DAY4/DAY4_A1_JAKE_12433000.mp4,"",sensor_vqa/raw/egolife/imu/A1_JAKE/DAY4/DAY4_A1_JAKE_12433000/DAY4_A1_JAKE_12433000_left.npz,"[""sensor_vqa/raw/egolife/imu/A1_JAKE/DAY4/DAY4_A1_JAKE_12433000/DAY4_A1_JAKE_12433000_left.npz"", ""sensor_vqa/raw/egolife/imu/A1_JAKE/DAY4/DAY4_A1_JAKE_12433000/DAY4_A1_JAKE_12433000_right.npz""]",,,,,0.0,,DAY4@12434309,"[""DAY3@19475002""]","[""imu"", ""rgb""]",true,true,true,ready
2.0,egolifeqa:egolifeqa-a1-jake-275,EgoLifeQA,benchmark,EgoLife,egolifeqa-a1-jake-275,RelationMap,Who was next to me the last time I made coffee?,"[""Alice and Shure"", ""Lucia and Nicous"", ""Choiszt and Violet"", ""Tasha and Lucia""]",3,Tasha and Lucia,public,"[""DAY4_A1_JAKE_12433000"", ""DAY2_A1_JAKE_11290000""]",egolifeqa:asset-909ff8d8013d8771,"[""egolifeqa:asset-909ff8d8013d8771"", ""egolifeqa:asset-6f72002e5d47b1a4""]",2,2,sensor_vqa/raw/egolife/video/A1_JAKE/DAY4/DAY4_A1_JAKE_12433000.mp4,"",sensor_vqa/raw/egolife/imu/A1_JAKE/DAY4/DAY4_A1_JAKE_12433000/DAY4_A1_JAKE_12433000_left.npz,"[""sensor_vqa/raw/egolife/imu/A1_JAKE/DAY4/DAY4_A1_JAKE_12433000/DAY4_A1_JAKE_12433000_left.npz"", ""sensor_vqa/raw/egolife/imu/A1_JAKE/DAY4/DAY4_A1_JAKE_12433000/DAY4_A1_JAKE_12433000_right.npz""]",,,,,0.0,,DAY4@12435200,"[""DAY2@11290615""]","[""imu"", ""rgb""]",true,true,true,ready
2.0,egolifeqa:egolifeqa-a1-jake-276,EgoLifeQA,benchmark,EgoLife,egolifeqa-a1-jake-276,HabitInsight,Who was next to me the last time I made coffee?,"[""Tasha and Lucia"", ""Alice and Shure"", ""Choiszt and Violet"", ""Lucia and Nicous""]",0,Tasha and Lucia,public,"[""DAY4_A1_JAKE_12433000"", ""DAY2_A1_JAKE_11290000""]",egolifeqa:asset-909ff8d8013d8771,"[""egolifeqa:asset-909ff8d8013d8771"", ""egolifeqa:asset-6f72002e5d47b1a4""]",2,2,sensor_vqa/raw/egolife/video/A1_JAKE/DAY4/DAY4_A1_JAKE_12433000.mp4,"",sensor_vqa/raw/egolife/imu/A1_JAKE/DAY4/DAY4_A1_JAKE_12433000/DAY4_A1_JAKE_12433000_left.npz,"[""sensor_vqa/raw/egolife/imu/A1_JAKE/DAY4/DAY4_A1_JAKE_12433000/DAY4_A1_JAKE_12433000_left.npz"", ""sensor_vqa/raw/egolife/imu/A1_JAKE/DAY4/DAY4_A1_JAKE_12433000/DAY4_A1_JAKE_12433000_right.npz""]",,,,,0.0,,DAY4@12435200,"[""DAY2@11290615""]","[""imu"", ""rgb""]",true,true,true,ready
2.0,egolifeqa:egolifeqa-a1-jake-277,EgoLifeQA,benchmark,EgoLife,egolifeqa-a1-jake-277,EventRecall,"Now that I received a call, what happened the last time I answered the phone?","[""Ate pizza"", ""Got lost"", ""The door wouldn't open"", ""Broke a cup""]",2,The door wouldn't open,public,"[""DAY4_A1_JAKE_12470000"", ""DAY4_A1_JAKE_10500000""]",egolifeqa:asset-b86748d8cea4b609,"[""egolifeqa:asset-b86748d8cea4b609"", ""egolifeqa:asset-41dc8d147466a8fa""]",2,2,sensor_vqa/raw/egolife/video/A1_JAKE/DAY4/DAY4_A1_JAKE_12470000.mp4,"",sensor_vqa/raw/egolife/imu/A1_JAKE/DAY4/DAY4_A1_JAKE_12470000/DAY4_A1_JAKE_12470000_left.npz,"[""sensor_vqa/raw/egolife/imu/A1_JAKE/DAY4/DAY4_A1_JAKE_12470000/DAY4_A1_JAKE_12470000_left.npz"", ""sensor_vqa/raw/egolife/imu/A1_JAKE/DAY4/DAY4_A1_JAKE_12470000/DAY4_A1_JAKE_12470000_right.npz""]",,,,,0.0,,DAY4@12470801,"[""DAY4@10500810""]","[""imu"", ""rgb""]",true,true,true,ready
2.0,egolifeqa:egolifeqa-a1-jake-278,EgoLifeQA,benchmark,EgoLife,egolifeqa-a1-jake-278,EventRecall,"Now that I walk into the alley, what was I doing the last time I walked into the alley?","[""Carrying shopping bags"", ""Playing on the phone"", ""Pick up a package"", ""Pick up takeout""]",3,Pick up takeout,public,"[""DAY4_A1_JAKE_12473000"", ""DAY4_A1_JAKE_10513000""]",egolifeqa:asset-9c685337c207a0ad,"[""egolifeqa:asset-9c685337c207a0ad"", ""egolifeqa:asset-2ff8196bae92ed73""]",2,2,sensor_vqa/raw/egolife/video/A1_JAKE/DAY4/DAY4_A1_JAKE_12473000.mp4,"",sensor_vqa/raw/egolife/imu/A1_JAKE/DAY4/DAY4_A1_JAKE_12473000/DAY4_A1_JAKE_12473000_left.npz,"[""sensor_vqa/raw/egolife/imu/A1_JAKE/DAY4/DAY4_A1_JAKE_12473000/DAY4_A1_JAKE_12473000_left.npz"", ""sensor_vqa/raw/egolife/imu/A1_JAKE/DAY4/DAY4_A1_JAKE_12473000/DAY4_A1_JAKE_12473000_right.npz""]",,,,,0.0,,DAY4@12475108,"[""DAY4@10514216""]","[""imu"", ""rgb""]",true,true,true,ready
2.0,egolifeqa:egolifeqa-a1-jake-279,EgoLifeQA,benchmark,EgoLife,egolifeqa-a1-jake-279,HabitInsight,What do I usually do when ordering takeout?,"[""Based on sales volume"", ""Ask for others' opinions"", ""Order by myself"", ""Based on positive reviews""]",1,Ask for others' opinions,public,"[""DAY4_A1_JAKE_12480000"", ""DAY1_A1_JAKE_13443000""]",egolifeqa:asset-a3eac48dbcbac01a,"[""egolifeqa:asset-a3eac48dbcbac01a"", ""egolifeqa:asset-03c24493a8021d3a""]",2,2,sensor_vqa/raw/egolife/video/A1_JAKE/DAY4/DAY4_A1_JAKE_12480000.mp4,"",sensor_vqa/raw/egolife/imu/A1_JAKE/DAY4/DAY4_A1_JAKE_12480000/DAY4_A1_JAKE_12480000_left.npz,"[""sensor_vqa/raw/egolife/imu/A1_JAKE/DAY4/DAY4_A1_JAKE_12480000/DAY4_A1_JAKE_12480000_left.npz"", ""sensor_vqa/raw/egolife/imu/A1_JAKE/DAY4/DAY4_A1_JAKE_12480000/DAY4_A1_JAKE_12480000_right.npz""]",,,,,0.0,,DAY4@12481103,"[""DAY1@13444813DAY4_12135315""]","[""imu"", ""rgb""]",true,true,true,ready
2.0,egolifeqa:egolifeqa-a1-jake-280,EgoLifeQA,benchmark,EgoLife,egolifeqa-a1-jake-280,RelationMap,Who was I chatting with in the yard just now,"[""Alice and Lucia"", ""Tasha and Katrina"", ""Katrina and Shure"", ""Katrina and Alice""]",0,Alice and Lucia,public,"[""DAY4_A1_JAKE_12543000"", ""DAY1_A1_JAKE_12353000""]",egolifeqa:asset-b8402918349d23c9,"[""egolifeqa:asset-b8402918349d23c9"", ""egolifeqa:asset-7db421f7e2c89d12""]",2,2,sensor_vqa/raw/egolife/video/A1_JAKE/DAY4/DAY4_A1_JAKE_12543000.mp4,"",sensor_vqa/raw/egolife/imu/A1_JAKE/DAY4/DAY4_A1_JAKE_12543000/DAY4_A1_JAKE_12543000_left.npz,"[""sensor_vqa/raw/egolife/imu/A1_JAKE/DAY4/DAY4_A1_JAKE_12543000/DAY4_A1_JAKE_12543000_left.npz"", ""sensor_vqa/raw/egolife/imu/A1_JAKE/DAY4/DAY4_A1_JAKE_12543000/DAY4_A1_JAKE_12543000_right.npz""]",,,,,0.0,,DAY4@12543614,"[""DAY1@12355409""]","[""imu"", ""rgb""]",true,true,true,ready
2.0,egolifeqa:egolifeqa-a1-jake-281,EgoLifeQA,benchmark,EgoLife,egolifeqa-a1-jake-281,EventRecall,When was the last time I used the calibration board?,"[""The night before yesterday"", ""Last night"", ""The afternoon before yesterday"", ""Yesterday afternoon""]",2,The afternoon before yesterday,public,"[""DAY4_A1_JAKE_13060000"", ""DAY2_A1_JAKE_17390000""]",egolifeqa:asset-a404940130cecd50,"[""egolifeqa:asset-a404940130cecd50"", ""egolifeqa:asset-834e7af0c448a47b""]",2,2,sensor_vqa/raw/egolife/video/A1_JAKE/DAY4/DAY4_A1_JAKE_13060000.mp4,"",sensor_vqa/raw/egolife/imu/A1_JAKE/DAY4/DAY4_A1_JAKE_13060000/DAY4_A1_JAKE_13060000_left.npz,"[""sensor_vqa/raw/egolife/imu/A1_JAKE/DAY4/DAY4_A1_JAKE_13060000/DAY4_A1_JAKE_13060000_left.npz"", ""sensor_vqa/raw/egolife/imu/A1_JAKE/DAY4/DAY4_A1_JAKE_13060000/DAY4_A1_JAKE_13060000_right.npz""]",,,,,0.0,,DAY4@13061108,"[""DAY2@17390112""]","[""imu"", ""rgb""]",true,true,true,ready
2.0,egolifeqa:egolifeqa-a1-jake-282,EgoLifeQA,benchmark,EgoLife,egolifeqa-a1-jake-282,RelationMap,Who did I sit next to the last time I ate on the second floor,"[""Katrina and Lucia"", ""Tasha and Shure"", ""Tasha and Lucia"", ""Shure and Lucia""]",2,Tasha and Lucia,public,"[""DAY4_A1_JAKE_13193000"", ""DAY3_A1_JAKE_12073000""]",egolifeqa:asset-97edf6a06783f540,"[""egolifeqa:asset-97edf6a06783f540"", ""egolifeqa:asset-138b8ac357aa2b27""]",2,2,sensor_vqa/raw/egolife/video/A1_JAKE/DAY4/DAY4_A1_JAKE_13193000.mp4,"",sensor_vqa/raw/egolife/imu/A1_JAKE/DAY4/DAY4_A1_JAKE_13193000/DAY4_A1_JAKE_13193000_left.npz,"[""sensor_vqa/raw/egolife/imu/A1_JAKE/DAY4/DAY4_A1_JAKE_13193000/DAY4_A1_JAKE_13193000_left.npz"", ""sensor_vqa/raw/egolife/imu/A1_JAKE/DAY4/DAY4_A1_JAKE_13193000/DAY4_A1_JAKE_13193000_right.npz""]",,,,,0.0,,DAY4@13195112,"[""DAY3@12075118""]","[""imu"", ""rgb""]",true,true,true,ready
2.0,egolifeqa:egolifeqa-a1-jake-283,EgoLifeQA,benchmark,EgoLife,egolifeqa-a1-jake-283,EntityLog,Where was the bread found?,"[""Kitchen"", ""Shopping bag"", ""Refrigerator"", ""On the table""]",2,Refrigerator,public,"[""DAY4_A1_JAKE_13240000"", ""DAY4_A1_JAKE_11373000""]",egolifeqa:asset-0b9ab2a9188f88fa,"[""egolifeqa:asset-0b9ab2a9188f88fa"", ""egolifeqa:asset-81f203ec3c0944ed""]",2,2,sensor_vqa/raw/egolife/video/A1_JAKE/DAY4/DAY4_A1_JAKE_13240000.mp4,"",sensor_vqa/raw/egolife/imu/A1_JAKE/DAY4/DAY4_A1_JAKE_13240000/DAY4_A1_JAKE_13240000_left.npz,"[""sensor_vqa/raw/egolife/imu/A1_JAKE/DAY4/DAY4_A1_JAKE_13240000/DAY4_A1_JAKE_13240000_left.npz"", ""sensor_vqa/raw/egolife/imu/A1_JAKE/DAY4/DAY4_A1_JAKE_13240000/DAY4_A1_JAKE_13240000_right.npz""]",,,,,0.0,,DAY4@13240213,"[""DAY4@11374611""]","[""imu"", ""rgb""]",true,true,true,ready
2.0,egolifeqa:egolifeqa-a1-jake-284,EgoLifeQA,benchmark,EgoLife,egolifeqa-a1-jake-284,EventRecall,"We clearly bought two bags of bread, why do we only see one bag?","[""Because I secretly ate it"", ""On the way back from shopping, I accidentally lost something."", ""Lucia said she put it in the refrigerator downstairs."", ""Turned into a cake as raw material.""]",2,Lucia said she put it in the refrigerator downstairs.,public,"[""DAY4_A1_JAKE_13240000"", ""DAY4_A1_JAKE_11373000""]",egolifeqa:asset-0b9ab2a9188f88fa,"[""egolifeqa:asset-0b9ab2a9188f88fa"", ""egolifeqa:asset-81f203ec3c0944ed""]",2,2,sensor_vqa/raw/egolife/video/A1_JAKE/DAY4/DAY4_A1_JAKE_13240000.mp4,"",sensor_vqa/raw/egolife/imu/A1_JAKE/DAY4/DAY4_A1_JAKE_13240000/DAY4_A1_JAKE_13240000_left.npz,"[""sensor_vqa/raw/egolife/imu/A1_JAKE/DAY4/DAY4_A1_JAKE_13240000/DAY4_A1_JAKE_13240000_left.npz"", ""sensor_vqa/raw/egolife/imu/A1_JAKE/DAY4/DAY4_A1_JAKE_13240000/DAY4_A1_JAKE_13240000_right.npz""]",,,,,0.0,,DAY4@13240213,"[""DAY4@11374713""]","[""imu"", ""rgb""]",true,true,true,ready
2.0,egolifeqa:egolifeqa-a1-jake-285,EgoLifeQA,benchmark,EgoLife,egolifeqa-a1-jake-285,EntityLog,When was the last time a movie was shown?,"[""Last night"", ""The afternoon before yesterday"", ""Yesterday afternoon"", ""The night before yesterday""]",3,The night before yesterday,public,"[""DAY4_A1_JAKE_13270000"", ""DAY2_A1_JAKE_18353000""]",egolifeqa:asset-90519330c2a53292,"[""egolifeqa:asset-90519330c2a53292"", ""egolifeqa:asset-9601151e2a45514a""]",2,2,sensor_vqa/raw/egolife/video/A1_JAKE/DAY4/DAY4_A1_JAKE_13270000.mp4,"",sensor_vqa/raw/egolife/imu/A1_JAKE/DAY4/DAY4_A1_JAKE_13270000/DAY4_A1_JAKE_13270000_left.npz,"[""sensor_vqa/raw/egolife/imu/A1_JAKE/DAY4/DAY4_A1_JAKE_13270000/DAY4_A1_JAKE_13270000_left.npz"", ""sensor_vqa/raw/egolife/imu/A1_JAKE/DAY4/DAY4_A1_JAKE_13270000/DAY4_A1_JAKE_13270000_right.npz""]",,,,,0.0,,DAY4@13272812,"[""DAY2@18354912""]","[""imu"", ""rgb""]",true,true,true,ready
2.0,egolifeqa:egolifeqa-a1-jake-286,EgoLifeQA,benchmark,EgoLife,egolifeqa-a1-jake-286,RelationMap,Who do I usually sit with during meals?,"[""Lucia and Shure"", ""Tasha and Alice"", ""Tasha and Lucia"", ""Alice and Katrina""]",2,Tasha and Lucia,public,"[""DAY4_A1_JAKE_13283000"", ""DAY2_A1_JAKE_13393000""]",egolifeqa:asset-749d3f6148390021,"[""egolifeqa:asset-749d3f6148390021"", ""egolifeqa:asset-4b95fcdaf1720546""]",2,2,sensor_vqa/raw/egolife/video/A1_JAKE/DAY4/DAY4_A1_JAKE_13283000.mp4,"",sensor_vqa/raw/egolife/imu/A1_JAKE/DAY4/DAY4_A1_JAKE_13283000/DAY4_A1_JAKE_13283000_left.npz,"[""sensor_vqa/raw/egolife/imu/A1_JAKE/DAY4/DAY4_A1_JAKE_13283000/DAY4_A1_JAKE_13283000_left.npz"", ""sensor_vqa/raw/egolife/imu/A1_JAKE/DAY4/DAY4_A1_JAKE_13283000/DAY4_A1_JAKE_13283000_right.npz""]",,,,,0.0,,DAY4@13285000,"[""DAY2@13395118""]","[""imu"", ""rgb""]",true,true,true,ready
2.0,egolifeqa:egolifeqa-a1-jake-287,EgoLifeQA,benchmark,EgoLife,egolifeqa-a1-jake-287,HabitInsight,What doesn't Shure eat?,"[""Laba garlic"", ""Pizza"", ""Braised pork"", ""Baked wheat cake""]",0,Laba garlic,public,"[""DAY4_A1_JAKE_13333000"", ""DAY4_A1_JAKE_13260000""]",egolifeqa:asset-284dcd4216cca08c,"[""egolifeqa:asset-284dcd4216cca08c"", ""egolifeqa:asset-8900e36ec2a47aa2""]",2,2,sensor_vqa/raw/egolife/video/A1_JAKE/DAY4/DAY4_A1_JAKE_13333000.mp4,"",sensor_vqa/raw/egolife/imu/A1_JAKE/DAY4/DAY4_A1_JAKE_13333000/DAY4_A1_JAKE_13333000_left.npz,"[""sensor_vqa/raw/egolife/imu/A1_JAKE/DAY4/DAY4_A1_JAKE_13333000/DAY4_A1_JAKE_13333000_left.npz"", ""sensor_vqa/raw/egolife/imu/A1_JAKE/DAY4/DAY4_A1_JAKE_13333000/DAY4_A1_JAKE_13333000_right.npz""]",,,,,0.0,,DAY4@13334400,"[""DAY4@13262406""]","[""imu"", ""rgb""]",true,true,true,ready
2.0,egolifeqa:egolifeqa-a1-jake-288,EgoLifeQA,benchmark,EgoLife,egolifeqa-a1-jake-288,HabitInsight,Who eats dumplings without dipping in vinegar?,"[""Katrina"", ""Lucia"", ""Alice"", ""Shure""]",2,Alice,public,"[""DAY4_A1_JAKE_13370000"", ""DAY4_A1_JAKE_13193000"", ""DAY4_A1_JAKE_13190000""]",egolifeqa:asset-c21f9547d25a1cda,"[""egolifeqa:asset-c21f9547d25a1cda"", ""egolifeqa:asset-97edf6a06783f540"", ""egolifeqa:asset-66e17c5a9b796dc7""]",3,3,sensor_vqa/raw/egolife/video/A1_JAKE/DAY4/DAY4_A1_JAKE_13370000.mp4,"",sensor_vqa/raw/egolife/imu/A1_JAKE/DAY4/DAY4_A1_JAKE_13370000/DAY4_A1_JAKE_13370000_left.npz,"[""sensor_vqa/raw/egolife/imu/A1_JAKE/DAY4/DAY4_A1_JAKE_13370000/DAY4_A1_JAKE_13370000_left.npz"", ""sensor_vqa/raw/egolife/imu/A1_JAKE/DAY4/DAY4_A1_JAKE_13370000/DAY4_A1_JAKE_13370000_right.npz""]",,,,,0.0,,DAY4@13370700,"[""DAY4@13194500"", ""DAY4@13191300""]","[""imu"", ""rgb""]",true,true,true,ready
2.0,egolifeqa:egolifeqa-a1-jake-289,EgoLifeQA,benchmark,EgoLife,egolifeqa-a1-jake-289,TaskMaster,How do I plan to acquire clothes?,"[""Buy new online"", ""Rent or second-hand"", ""Buy new in-store"", ""Borrow from friends""]",1,Rent or second-hand,public,"[""DAY4_A1_JAKE_13403000"", ""DAY4_A1_JAKE_12513000""]",egolifeqa:asset-24bc209c010ac5dc,"[""egolifeqa:asset-24bc209c010ac5dc"", ""egolifeqa:asset-e05b281faed3da1b""]",2,2,sensor_vqa/raw/egolife/video/A1_JAKE/DAY4/DAY4_A1_JAKE_13403000.mp4,"",sensor_vqa/raw/egolife/imu/A1_JAKE/DAY4/DAY4_A1_JAKE_13403000/DAY4_A1_JAKE_13403000_left.npz,"[""sensor_vqa/raw/egolife/imu/A1_JAKE/DAY4/DAY4_A1_JAKE_13403000/DAY4_A1_JAKE_13403000_left.npz"", ""sensor_vqa/raw/egolife/imu/A1_JAKE/DAY4/DAY4_A1_JAKE_13403000/DAY4_A1_JAKE_13403000_right.npz""]",,,,,0.0,,DAY4@14242219,"[""DAY4@12514402""]","[""imu"", ""rgb""]",true,true,true,ready
2.0,egolifeqa:egolifeqa-a1-jake-290,EgoLifeQA,benchmark,EgoLife,egolifeqa-a1-jake-290,RelationMap,Who was eating durian with me last time?,"[""Jack"", ""Nicous"", ""Tasha"", ""Choiszt""]",2,Tasha,public,"[""DAY4_A1_JAKE_15303000"", ""DAY3_A1_JAKE_12083000""]",egolifeqa:asset-c8f9683ff1677e0f,"[""egolifeqa:asset-c8f9683ff1677e0f"", ""egolifeqa:asset-022001e187c105c8""]",2,2,sensor_vqa/raw/egolife/video/A1_JAKE/DAY4/DAY4_A1_JAKE_15303000.mp4,"",sensor_vqa/raw/egolife/imu/A1_JAKE/DAY4/DAY4_A1_JAKE_15303000/DAY4_A1_JAKE_15303000_left.npz,"[""sensor_vqa/raw/egolife/imu/A1_JAKE/DAY4/DAY4_A1_JAKE_15303000/DAY4_A1_JAKE_15303000_left.npz"", ""sensor_vqa/raw/egolife/imu/A1_JAKE/DAY4/DAY4_A1_JAKE_15303000/DAY4_A1_JAKE_15303000_right.npz""]",,,,,0.0,,DAY4@15305818,"[""DAY3@12084302""]","[""imu"", ""rgb""]",true,true,true,ready
2.0,egolifeqa:egolifeqa-a1-jake-291,EgoLifeQA,benchmark,EgoLife,egolifeqa-a1-jake-291,RelationMap,Who played the game with Tasha last time?,"[""Lucia"", ""Shure"", ""Choiszt"", ""Me""]",3,Me,public,"[""DAY4_A1_JAKE_15473000"", ""DAY4_A1_JAKE_11173000""]",egolifeqa:asset-db7025120e6c00b8,"[""egolifeqa:asset-db7025120e6c00b8"", ""egolifeqa:asset-5298b1a15c44c5cd""]",2,2,sensor_vqa/raw/egolife/video/A1_JAKE/DAY4/DAY4_A1_JAKE_15473000.mp4,"",sensor_vqa/raw/egolife/imu/A1_JAKE/DAY4/DAY4_A1_JAKE_15473000/DAY4_A1_JAKE_15473000_left.npz,"[""sensor_vqa/raw/egolife/imu/A1_JAKE/DAY4/DAY4_A1_JAKE_15473000/DAY4_A1_JAKE_15473000_left.npz"", ""sensor_vqa/raw/egolife/imu/A1_JAKE/DAY4/DAY4_A1_JAKE_15473000/DAY4_A1_JAKE_15473000_right.npz""]",,,,,0.0,,DAY4@15473315,"[""DAY4@11173800""]","[""imu"", ""rgb""]",true,true,true,ready
2.0,egolifeqa:egolifeqa-a1-jake-292,EgoLifeQA,benchmark,EgoLife,egolifeqa-a1-jake-292,RelationMap,"Now we are preparing to move the table, who helped me move it last time?","[""Lucia"", ""Shure"", ""Nicous"", ""Choiszt""]",1,Shure,public,"[""DAY4_A1_JAKE_15500000"", ""DAY2_A1_JAKE_17493000""]",egolifeqa:asset-3a262aa865297f2c,"[""egolifeqa:asset-3a262aa865297f2c"", ""egolifeqa:asset-3b18399645ea8145""]",2,2,sensor_vqa/raw/egolife/video/A1_JAKE/DAY4/DAY4_A1_JAKE_15500000.mp4,"",sensor_vqa/raw/egolife/imu/A1_JAKE/DAY4/DAY4_A1_JAKE_15500000/DAY4_A1_JAKE_15500000_left.npz,"[""sensor_vqa/raw/egolife/imu/A1_JAKE/DAY4/DAY4_A1_JAKE_15500000/DAY4_A1_JAKE_15500000_left.npz"", ""sensor_vqa/raw/egolife/imu/A1_JAKE/DAY4/DAY4_A1_JAKE_15500000/DAY4_A1_JAKE_15500000_right.npz""]",,,,,0.0,,DAY4@15501405,"[""DAY2@17493912""]","[""imu"", ""rgb""]",true,true,true,ready
2.0,egolifeqa:egolifeqa-a1-jake-293,EgoLifeQA,benchmark,EgoLife,egolifeqa-a1-jake-293,EntityLog,What is the first ingredient in the shopping cart yesterday?,"[""Egg"", ""Durian"", ""Meat"", ""Strawberry""]",2,Meat,public,"[""DAY4_A1_JAKE_16130000"", ""DAY3_A1_JAKE_16393000""]",egolifeqa:asset-0017ab4ddebde4e3,"[""egolifeqa:asset-0017ab4ddebde4e3"", ""egolifeqa:asset-4905635b0d0d1343""]",2,2,sensor_vqa/raw/egolife/video/A1_JAKE/DAY4/DAY4_A1_JAKE_16130000.mp4,"",sensor_vqa/raw/egolife/imu/A1_JAKE/DAY4/DAY4_A1_JAKE_16130000/DAY4_A1_JAKE_16130000_left.npz,"[""sensor_vqa/raw/egolife/imu/A1_JAKE/DAY4/DAY4_A1_JAKE_16130000/DAY4_A1_JAKE_16130000_left.npz"", ""sensor_vqa/raw/egolife/imu/A1_JAKE/DAY4/DAY4_A1_JAKE_16130000/DAY4_A1_JAKE_16130000_right.npz""]",,,,,0.0,,DAY4@16132300,"[""DAY3@16395710""]","[""imu"", ""rgb""]",true,true,true,ready
2.0,egolifeqa:egolifeqa-a1-jake-294,EgoLifeQA,benchmark,EgoLife,egolifeqa-a1-jake-294,EntityLog,When was the last time Lucia took a picture?,"[""About 2 hours ago"", ""About 19 hours ago"", ""Two days ago"", ""Three days ago""]",2,Two days ago,public,"[""DAY4_A1_JAKE_16463000"", ""DAY3_A1_JAKE_22070000""]",egolifeqa:asset-1816723da1015eea,"[""egolifeqa:asset-1816723da1015eea"", ""egolifeqa:asset-94cdbf0e473a294e""]",2,2,sensor_vqa/raw/egolife/video/A1_JAKE/DAY4/DAY4_A1_JAKE_16463000.mp4,"",sensor_vqa/raw/egolife/imu/A1_JAKE/DAY4/DAY4_A1_JAKE_16463000/DAY4_A1_JAKE_16463000_left.npz,"[""sensor_vqa/raw/egolife/imu/A1_JAKE/DAY4/DAY4_A1_JAKE_16463000/DAY4_A1_JAKE_16463000_left.npz"", ""sensor_vqa/raw/egolife/imu/A1_JAKE/DAY4/DAY4_A1_JAKE_16463000/DAY4_A1_JAKE_16463000_right.npz""]",,,,,0.0,,DAY4@16465813,"[""DAY3@22072402""]","[""imu"", ""rgb""]",true,true,true,ready
2.0,egolifeqa:egolifeqa-a1-jake-295,EgoLifeQA,benchmark,EgoLife,egolifeqa-a1-jake-295,EventRecall,Where were we the last time we discussed what to eat?,"[""Bedroom"", ""Courtyard"", ""Living Room"", ""Kitchen""]",2,Living Room,public,"[""DAY4_A1_JAKE_16503000"", ""DAY4_A1_JAKE_12063000""]",egolifeqa:asset-e8dd81bf45c10234,"[""egolifeqa:asset-e8dd81bf45c10234"", ""egolifeqa:asset-4a48c9e9f32d23a7""]",2,2,sensor_vqa/raw/egolife/video/A1_JAKE/DAY4/DAY4_A1_JAKE_16503000.mp4,"",sensor_vqa/raw/egolife/imu/A1_JAKE/DAY4/DAY4_A1_JAKE_16503000/DAY4_A1_JAKE_16503000_left.npz,"[""sensor_vqa/raw/egolife/imu/A1_JAKE/DAY4/DAY4_A1_JAKE_16503000/DAY4_A1_JAKE_16503000_left.npz"", ""sensor_vqa/raw/egolife/imu/A1_JAKE/DAY4/DAY4_A1_JAKE_16503000/DAY4_A1_JAKE_16503000_right.npz""]",,,,,0.0,,DAY4@16505918,"[""DAY4@12064303""]","[""imu"", ""rgb""]",true,true,true,ready
2.0,egolifeqa:egolifeqa-a1-jake-296,EgoLifeQA,benchmark,EgoLife,egolifeqa-a1-jake-296,EventRecall,"Now Shure is playing the guitar, what was the environment like the last time I saw him playing the guitar?","[""Noon"", ""Afternoon"", ""Morning"", ""Evening""]",3,Evening,public,"[""DAY4_A1_JAKE_17043000"", ""DAY3_A1_JAKE_22480000""]",egolifeqa:asset-e04aca0c8f7bac21,"[""egolifeqa:asset-e04aca0c8f7bac21"", ""egolifeqa:asset-dcabc003f19202cb""]",2,2,sensor_vqa/raw/egolife/video/A1_JAKE/DAY4/DAY4_A1_JAKE_17043000.mp4,"",sensor_vqa/raw/egolife/imu/A1_JAKE/DAY4/DAY4_A1_JAKE_17043000/DAY4_A1_JAKE_17043000_left.npz,"[""sensor_vqa/raw/egolife/imu/A1_JAKE/DAY4/DAY4_A1_JAKE_17043000/DAY4_A1_JAKE_17043000_left.npz"", ""sensor_vqa/raw/egolife/imu/A1_JAKE/DAY4/DAY4_A1_JAKE_17043000/DAY4_A1_JAKE_17043000_right.npz""]",,,,,0.0,,DAY4@17045506,"[""DAY3@22481402""]","[""imu"", ""rgb""]",true,true,true,ready
2.0,egolifeqa:egolifeqa-a1-jake-297,EgoLifeQA,benchmark,EgoLife,egolifeqa-a1-jake-297,HabitInsight,What type of music does Katrina like?,"[""Rock"", ""Western pop"", ""K-pop"", ""Mandarin R&B""]",3,Mandarin R&B,public,"[""DAY4_A1_JAKE_17100000"", ""DAY1_A1_JAKE_11183000""]",egolifeqa:asset-648e416132c768f9,"[""egolifeqa:asset-648e416132c768f9"", ""egolifeqa:asset-6b55b0b65dddd43d""]",2,2,sensor_vqa/raw/egolife/video/A1_JAKE/DAY4/DAY4_A1_JAKE_17100000.mp4,"",sensor_vqa/raw/egolife/imu/A1_JAKE/DAY4/DAY4_A1_JAKE_17100000/DAY4_A1_JAKE_17100000_left.npz,"[""sensor_vqa/raw/egolife/imu/A1_JAKE/DAY4/DAY4_A1_JAKE_17100000/DAY4_A1_JAKE_17100000_left.npz"", ""sensor_vqa/raw/egolife/imu/A1_JAKE/DAY4/DAY4_A1_JAKE_17100000/DAY4_A1_JAKE_17100000_right.npz""]",,,,,0.0,,DAY4@17102002,"[""DAY1@11184906""]","[""imu"", ""rgb""]",true,true,true,ready
2.0,egolifeqa:egolifeqa-a1-jake-298,EgoLifeQA,benchmark,EgoLife,egolifeqa-a1-jake-298,TaskMaster,What tasks does Lucia still need to complete?,"[""Make a puppy"", ""Shopping"", ""Clean the room"", ""Watch a puppy""]",0,Make a puppy,public,"[""DAY4_A1_JAKE_17153000"", ""DAY4_A1_JAKE_15313000""]",egolifeqa:asset-f7ce5b778d1803ae,"[""egolifeqa:asset-f7ce5b778d1803ae"", ""egolifeqa:asset-c7d6bd79cb5be0c0""]",2,2,sensor_vqa/raw/egolife/video/A1_JAKE/DAY4/DAY4_A1_JAKE_17153000.mp4,"",sensor_vqa/raw/egolife/imu/A1_JAKE/DAY4/DAY4_A1_JAKE_17153000/DAY4_A1_JAKE_17153000_left.npz,"[""sensor_vqa/raw/egolife/imu/A1_JAKE/DAY4/DAY4_A1_JAKE_17153000/DAY4_A1_JAKE_17153000_left.npz"", ""sensor_vqa/raw/egolife/imu/A1_JAKE/DAY4/DAY4_A1_JAKE_17153000/DAY4_A1_JAKE_17153000_right.npz""]",,,,,0.0,,DAY4@17154715,"[""DAY4@15313709""]","[""imu"", ""rgb""]",true,true,true,ready
2.0,egolifeqa:egolifeqa-a1-jake-299,EgoLifeQA,benchmark,EgoLife,egolifeqa-a1-jake-299,EntityLog,When was the last time played guitar?,"[""The night before yesterday"", ""Yesterday at noon"", ""Yesterday afternoon"", ""Last night""]",3,Last night,public,"[""DAY4_A1_JAKE_17223000"", ""DAY3_A1_JAKE_22473000""]",egolifeqa:asset-b4ceb7fff14f6a52,"[""egolifeqa:asset-b4ceb7fff14f6a52"", ""egolifeqa:asset-ffa820824037ad8e""]",2,2,sensor_vqa/raw/egolife/video/A1_JAKE/DAY4/DAY4_A1_JAKE_17223000.mp4,"",sensor_vqa/raw/egolife/imu/A1_JAKE/DAY4/DAY4_A1_JAKE_17223000/DAY4_A1_JAKE_17223000_left.npz,"[""sensor_vqa/raw/egolife/imu/A1_JAKE/DAY4/DAY4_A1_JAKE_17223000/DAY4_A1_JAKE_17223000_left.npz"", ""sensor_vqa/raw/egolife/imu/A1_JAKE/DAY4/DAY4_A1_JAKE_17223000/DAY4_A1_JAKE_17223000_right.npz""]",,,,,0.0,,DAY4@17224020,"[""DAY3@22475110""]","[""imu"", ""rgb""]",true,true,true,ready
2.0,egolifeqa:egolifeqa-a1-jake-300,EgoLifeQA,benchmark,EgoLife,egolifeqa-a1-jake-300,TaskMaster,What am I planning to do?,"[""Watch a movie"", ""Watch a TV series"", ""Watch anime"", ""Watch dogs""]",3,Watch dogs,public,"[""DAY4_A1_JAKE_17343000"", ""DAY4_A1_JAKE_16220000""]",egolifeqa:asset-8104ec0fa8a77a95,"[""egolifeqa:asset-8104ec0fa8a77a95"", ""egolifeqa:asset-38753805e0c54ee9""]",2,2,sensor_vqa/raw/egolife/video/A1_JAKE/DAY4/DAY4_A1_JAKE_17343000.mp4,"",sensor_vqa/raw/egolife/imu/A1_JAKE/DAY4/DAY4_A1_JAKE_17343000/DAY4_A1_JAKE_17343000_left.npz,"[""sensor_vqa/raw/egolife/imu/A1_JAKE/DAY4/DAY4_A1_JAKE_17343000/DAY4_A1_JAKE_17343000_left.npz"", ""sensor_vqa/raw/egolife/imu/A1_JAKE/DAY4/DAY4_A1_JAKE_17343000/DAY4_A1_JAKE_17343000_right.npz""]",,,,,0.0,,DAY4@17345812,"[""DAY4@16222003""]","[""imu"", ""rgb""]",true,true,true,ready
2.0,egolifeqa:egolifeqa-a1-jake-301,EgoLifeQA,benchmark,EgoLife,egolifeqa-a1-jake-301,EntityLog,"Before I took out the handle, when was the last time this knife was used?","[""This afternoon"", ""Yesterday afternoon"", ""Yesterday at noon"", ""Last night""]",3,Last night,public,"[""DAY4_A1_JAKE_17473000"", ""DAY3_A1_JAKE_22303000""]",egolifeqa:asset-46cedacc365068e0,"[""egolifeqa:asset-46cedacc365068e0"", ""egolifeqa:asset-dc53a8c9abf773ba""]",2,2,sensor_vqa/raw/egolife/video/A1_JAKE/DAY4/DAY4_A1_JAKE_17473000.mp4,"",sensor_vqa/raw/egolife/imu/A1_JAKE/DAY4/DAY4_A1_JAKE_17473000/DAY4_A1_JAKE_17473000_left.npz,"[""sensor_vqa/raw/egolife/imu/A1_JAKE/DAY4/DAY4_A1_JAKE_17473000/DAY4_A1_JAKE_17473000_left.npz"", ""sensor_vqa/raw/egolife/imu/A1_JAKE/DAY4/DAY4_A1_JAKE_17473000/DAY4_A1_JAKE_17473000_right.npz""]",,,,,0.0,,DAY4@17474500,"[""DAY3@22303902""]","[""imu"", ""rgb""]",true,true,true,ready
2.0,egolifeqa:egolifeqa-a1-jake-302,EgoLifeQA,benchmark,EgoLife,egolifeqa-a1-jake-302,EntityLog,Who was the last to use the kitchen oven?,"[""Me"", ""Tasha"", ""Alice"", ""Shure""]",1,Tasha,public,"[""DAY4_A1_JAKE_17543000"", ""DAY3_A1_JAKE_22283000""]",egolifeqa:asset-b2836e87f41c2657,"[""egolifeqa:asset-b2836e87f41c2657"", ""egolifeqa:asset-97d106dea32d33b2""]",2,2,sensor_vqa/raw/egolife/video/A1_JAKE/DAY4/DAY4_A1_JAKE_17543000.mp4,"",sensor_vqa/raw/egolife/imu/A1_JAKE/DAY4/DAY4_A1_JAKE_17543000/DAY4_A1_JAKE_17543000_left.npz,"[""sensor_vqa/raw/egolife/imu/A1_JAKE/DAY4/DAY4_A1_JAKE_17543000/DAY4_A1_JAKE_17543000_left.npz"", ""sensor_vqa/raw/egolife/imu/A1_JAKE/DAY4/DAY4_A1_JAKE_17543000/DAY4_A1_JAKE_17543000_right.npz""]",,,,,0.0,,DAY4@17545816,"[""DAY3@22283008""]","[""imu"", ""rgb""]",true,true,true,ready
2.0,egolifeqa:egolifeqa-a1-jake-303,EgoLifeQA,benchmark,EgoLife,egolifeqa-a1-jake-303,EntityLog,What was the tablet used for last time?,"[""Watch movies"", ""Watch dance videos"", ""Watch TV series"", ""Look at the lyrics""]",3,Look at the lyrics,public,"[""DAY4_A1_JAKE_18010000"", ""DAY3_A1_JAKE_22480000""]",egolifeqa:asset-83ffc1c4dff6fe04,"[""egolifeqa:asset-83ffc1c4dff6fe04"", ""egolifeqa:asset-dcabc003f19202cb""]",2,2,sensor_vqa/raw/egolife/video/A1_JAKE/DAY4/DAY4_A1_JAKE_18010000.mp4,"",sensor_vqa/raw/egolife/imu/A1_JAKE/DAY4/DAY4_A1_JAKE_18010000/DAY4_A1_JAKE_18010000_left.npz,"[""sensor_vqa/raw/egolife/imu/A1_JAKE/DAY4/DAY4_A1_JAKE_18010000/DAY4_A1_JAKE_18010000_left.npz"", ""sensor_vqa/raw/egolife/imu/A1_JAKE/DAY4/DAY4_A1_JAKE_18010000/DAY4_A1_JAKE_18010000_right.npz""]",,,,,0.0,,DAY4@18012510,"[""DAY3@22481402""]","[""imu"", ""rgb""]",true,true,true,ready
2.0,egolifeqa:egolifeqa-a1-jake-304,EgoLifeQA,benchmark,EgoLife,egolifeqa-a1-jake-304,EventRecall,What was Lucia doing the last time Tasha took out what she baked from the oven?,"[""Eating pizza"", ""Washing dishes"", ""Playing on the phone"", ""Whipping cream""]",3,Whipping cream,public,"[""DAY4_A1_JAKE_18023000"", ""DAY3_A1_JAKE_22283000""]",egolifeqa:asset-726efd11f1482e41,"[""egolifeqa:asset-726efd11f1482e41"", ""egolifeqa:asset-97d106dea32d33b2""]",2,2,sensor_vqa/raw/egolife/video/A1_JAKE/DAY4/DAY4_A1_JAKE_18023000.mp4,"",sensor_vqa/raw/egolife/imu/A1_JAKE/DAY4/DAY4_A1_JAKE_18023000/DAY4_A1_JAKE_18023000_left.npz,"[""sensor_vqa/raw/egolife/imu/A1_JAKE/DAY4/DAY4_A1_JAKE_18023000/DAY4_A1_JAKE_18023000_left.npz"", ""sensor_vqa/raw/egolife/imu/A1_JAKE/DAY4/DAY4_A1_JAKE_18023000/DAY4_A1_JAKE_18023000_right.npz""]",,,,,0.0,,DAY4@18024018,"[""DAY3@22284402""]","[""imu"", ""rgb""]",true,true,true,ready
2.0,egolifeqa:egolifeqa-a1-jake-305,EgoLifeQA,benchmark,EgoLife,egolifeqa-a1-jake-305,EntityLog,Who brought the wooden dessert stands on the table?,"[""Me"", ""Shure"", ""Tasha"", ""Lucia""]",2,Tasha,public,"[""DAY4_A1_JAKE_18200000"", ""DAY4_A1_JAKE_12210000""]",egolifeqa:asset-3409a136c9482046,"[""egolifeqa:asset-3409a136c9482046"", ""egolifeqa:asset-1ad76c5303aeacb7""]",2,2,sensor_vqa/raw/egolife/video/A1_JAKE/DAY4/DAY4_A1_JAKE_18200000.mp4,"",sensor_vqa/raw/egolife/imu/A1_JAKE/DAY4/DAY4_A1_JAKE_18200000/DAY4_A1_JAKE_18200000_left.npz,"[""sensor_vqa/raw/egolife/imu/A1_JAKE/DAY4/DAY4_A1_JAKE_18200000/DAY4_A1_JAKE_18200000_left.npz"", ""sensor_vqa/raw/egolife/imu/A1_JAKE/DAY4/DAY4_A1_JAKE_18200000/DAY4_A1_JAKE_18200000_right.npz""]",,,,,0.0,,DAY4@18202212,"[""DAY4@12212013""]","[""imu"", ""rgb""]",true,true,true,ready
2.0,egolifeqa:egolifeqa-a1-jake-306,EgoLifeQA,benchmark,EgoLife,egolifeqa-a1-jake-306,EntityLog,"The guitar is now with Nicous, who used the guitar first today?","[""Shure"", ""Katrina"", ""Nicous"", ""Me""]",0,Shure,public,"[""DAY4_A1_JAKE_18213000"", ""DAY4_A1_JAKE_17050000""]",egolifeqa:asset-6fa5d062749b5cfa,"[""egolifeqa:asset-6fa5d062749b5cfa"", ""egolifeqa:asset-2b1426dde393602f""]",2,2,sensor_vqa/raw/egolife/video/A1_JAKE/DAY4/DAY4_A1_JAKE_18213000.mp4,"",sensor_vqa/raw/egolife/imu/A1_JAKE/DAY4/DAY4_A1_JAKE_18213000/DAY4_A1_JAKE_18213000_left.npz,"[""sensor_vqa/raw/egolife/imu/A1_JAKE/DAY4/DAY4_A1_JAKE_18213000/DAY4_A1_JAKE_18213000_left.npz"", ""sensor_vqa/raw/egolife/imu/A1_JAKE/DAY4/DAY4_A1_JAKE_18213000/DAY4_A1_JAKE_18213000_right.npz""]",,,,,0.0,,DAY4@18213309,"[""DAY4@17050015""]","[""imu"", ""rgb""]",true,true,true,ready
2.0,egolifeqa:egolifeqa-a1-jake-307,EgoLifeQA,benchmark,EgoLife,egolifeqa-a1-jake-307,TaskMaster,What do we plan to eat for lunch?,"[""Dumplings"", ""Chicken Pot"", ""Pizza"", ""Burger""]",0,Dumplings,public,"[""DAY4_A1_JAKE_18240000"", ""DAY4_A1_JAKE_12010000""]",egolifeqa:asset-e0b805b2131009e0,"[""egolifeqa:asset-e0b805b2131009e0"", ""egolifeqa:asset-e6030450b850f7e4""]",2,2,sensor_vqa/raw/egolife/video/A1_JAKE/DAY4/DAY4_A1_JAKE_18240000.mp4,"",sensor_vqa/raw/egolife/imu/A1_JAKE/DAY4/DAY4_A1_JAKE_18240000/DAY4_A1_JAKE_18240000_left.npz,"[""sensor_vqa/raw/egolife/imu/A1_JAKE/DAY4/DAY4_A1_JAKE_18240000/DAY4_A1_JAKE_18240000_left.npz"", ""sensor_vqa/raw/egolife/imu/A1_JAKE/DAY4/DAY4_A1_JAKE_18240000/DAY4_A1_JAKE_18240000_right.npz""]",,,,,0.0,,DAY4@18242219,"[""DAY4@12010906""]","[""imu"", ""rgb""]",true,true,true,ready
2.0,egolifeqa:egolifeqa-a1-jake-308,EgoLifeQA,benchmark,EgoLife,egolifeqa-a1-jake-308,RelationMap,Who usually sings when Shure plays the guitar?,"[""Tasha and Violet"", ""Me and Alice"", ""Alice and Choiszt"", ""Nicous and Katrina""]",3,Nicous and Katrina,public,"[""DAY4_A1_JAKE_18420000"", ""DAY4_A1_JAKE_18173000""]",egolifeqa:asset-83a54f7266bc551c,"[""egolifeqa:asset-83a54f7266bc551c"", ""egolifeqa:asset-569b9054488a6020""]",2,2,sensor_vqa/raw/egolife/video/A1_JAKE/DAY4/DAY4_A1_JAKE_18420000.mp4,"",sensor_vqa/raw/egolife/imu/A1_JAKE/DAY4/DAY4_A1_JAKE_18420000/DAY4_A1_JAKE_18420000_left.npz,"[""sensor_vqa/raw/egolife/imu/A1_JAKE/DAY4/DAY4_A1_JAKE_18420000/DAY4_A1_JAKE_18420000_left.npz"", ""sensor_vqa/raw/egolife/imu/A1_JAKE/DAY4/DAY4_A1_JAKE_18420000/DAY4_A1_JAKE_18420000_right.npz""]",,,,,0.0,,DAY4@18422500,"[""DAY4@18174214""]","[""imu"", ""rgb""]",true,true,true,ready
2.0,egolifeqa:egolifeqa-a1-jake-309,EgoLifeQA,benchmark,EgoLife,egolifeqa-a1-jake-309,RelationMap,"On the first day, when Tasha found it too dark, who went to turn on the light?","[""Me"", ""Lucia"", ""Alice"", ""Katrina""]",0,Me,public,"[""DAY4_A1_JAKE_20470000"", ""DAY1_A1_JAKE_19160000""]",egolifeqa:asset-ec5cd279504febf1,"[""egolifeqa:asset-ec5cd279504febf1"", ""egolifeqa:asset-b96367c140f9fa63""]",2,2,sensor_vqa/raw/egolife/video/A1_JAKE/DAY4/DAY4_A1_JAKE_20470000.mp4,"",sensor_vqa/raw/egolife/imu/A1_JAKE/DAY4/DAY4_A1_JAKE_20470000/DAY4_A1_JAKE_20470000_left.npz,"[""sensor_vqa/raw/egolife/imu/A1_JAKE/DAY4/DAY4_A1_JAKE_20470000/DAY4_A1_JAKE_20470000_left.npz"", ""sensor_vqa/raw/egolife/imu/A1_JAKE/DAY4/DAY4_A1_JAKE_20470000/DAY4_A1_JAKE_20470000_right.npz""]",,,,,0.0,,DAY4@20470413,"[""DAY1@19161418""]","[""imu"", ""rgb""]",true,true,true,ready
2.0,egolifeqa:egolifeqa-a1-jake-310,EgoLifeQA,benchmark,EgoLife,egolifeqa-a1-jake-310,EventRecall,When was the last time Tasha took ingredients from the fridge?,"[""yesterday morning"", ""yesterday night"", ""3 hours ago"", ""yesterday at noon""]",2,3 hours ago,public,"[""DAY4_A1_JAKE_21350000"", ""DAY4_A1_JAKE_18160000""]",egolifeqa:asset-b681342695df2374,"[""egolifeqa:asset-b681342695df2374"", ""egolifeqa:asset-7f041d89100967b2""]",2,2,sensor_vqa/raw/egolife/video/A1_JAKE/DAY4/DAY4_A1_JAKE_21350000.mp4,"",sensor_vqa/raw/egolife/imu/A1_JAKE/DAY4/DAY4_A1_JAKE_21350000/DAY4_A1_JAKE_21350000_left.npz,"[""sensor_vqa/raw/egolife/imu/A1_JAKE/DAY4/DAY4_A1_JAKE_21350000/DAY4_A1_JAKE_21350000_left.npz"", ""sensor_vqa/raw/egolife/imu/A1_JAKE/DAY4/DAY4_A1_JAKE_21350000/DAY4_A1_JAKE_21350000_right.npz""]",,,,,0.0,,DAY4@21350806,"[""DAY4@18161415""]","[""imu"", ""rgb""]",true,true,true,ready
2.0,egolifeqa:egolifeqa-a1-jake-311,EgoLifeQA,benchmark,EgoLife,egolifeqa-a1-jake-311,EventRecall,When was the last time I cut a mango?,"[""Today morning"", ""Yesterday at noon"", ""Last Night"", ""2 days ago""]",2,Last Night,public,"[""DAY4_A1_JAKE_21353000"", ""DAY3_A1_JAKE_21490000""]",egolifeqa:asset-404ae8e60645a1b4,"[""egolifeqa:asset-404ae8e60645a1b4"", ""egolifeqa:asset-f9de525e9c971fae""]",2,2,sensor_vqa/raw/egolife/video/A1_JAKE/DAY4/DAY4_A1_JAKE_21353000.mp4,"",sensor_vqa/raw/egolife/imu/A1_JAKE/DAY4/DAY4_A1_JAKE_21353000/DAY4_A1_JAKE_21353000_left.npz,"[""sensor_vqa/raw/egolife/imu/A1_JAKE/DAY4/DAY4_A1_JAKE_21353000/DAY4_A1_JAKE_21353000_left.npz"", ""sensor_vqa/raw/egolife/imu/A1_JAKE/DAY4/DAY4_A1_JAKE_21353000/DAY4_A1_JAKE_21353000_right.npz""]",,,,,0.0,,DAY4@21355813,"[""DAY3@21492402""]","[""imu"", ""rgb""]",true,true,true,ready
2.0,egolifeqa:egolifeqa-a1-jake-312,EgoLifeQA,benchmark,EgoLife,egolifeqa-a1-jake-312,EventRecall,When was the last time we watched a movie?,"[""today afternoon"", ""3 days ago"", ""yesterday"", ""2 days 3 hours ago""]",3,2 days 3 hours ago,public,"[""DAY4_A1_JAKE_21470000"", ""DAY2_A1_JAKE_18353000""]",egolifeqa:asset-abecc2d651cc5744,"[""egolifeqa:asset-abecc2d651cc5744"", ""egolifeqa:asset-9601151e2a45514a""]",2,2,sensor_vqa/raw/egolife/video/A1_JAKE/DAY4/DAY4_A1_JAKE_21470000.mp4,"",sensor_vqa/raw/egolife/imu/A1_JAKE/DAY4/DAY4_A1_JAKE_21470000/DAY4_A1_JAKE_21470000_left.npz,"[""sensor_vqa/raw/egolife/imu/A1_JAKE/DAY4/DAY4_A1_JAKE_21470000/DAY4_A1_JAKE_21470000_left.npz"", ""sensor_vqa/raw/egolife/imu/A1_JAKE/DAY4/DAY4_A1_JAKE_21470000/DAY4_A1_JAKE_21470000_right.npz""]",,,,,0.0,,DAY4@21472012,"[""DAY2@18354912""]","[""imu"", ""rgb""]",true,true,true,ready
2.0,egolifeqa:egolifeqa-a1-jake-313,EgoLifeQA,benchmark,EgoLife,egolifeqa-a1-jake-313,EventRecall,Who was discussing reptile pets in the yard at noon today?,"[""Tasha, Lucia, Katrina"", ""Tasha, Lucia, Alice"", ""Nicous, Katrina, Alice"", ""Katrina, Lucia, Alice""]",1,"Tasha, Lucia, Alice",public,"[""DAY4_A1_JAKE_21563000"", ""DAY4_A1_JAKE_12260000""]",egolifeqa:asset-58fc64994587ffdd,"[""egolifeqa:asset-58fc64994587ffdd"", ""egolifeqa:asset-aaba96bced524fe3""]",2,2,sensor_vqa/raw/egolife/video/A1_JAKE/DAY4/DAY4_A1_JAKE_21563000.mp4,"",sensor_vqa/raw/egolife/imu/A1_JAKE/DAY4/DAY4_A1_JAKE_21563000/DAY4_A1_JAKE_21563000_left.npz,"[""sensor_vqa/raw/egolife/imu/A1_JAKE/DAY4/DAY4_A1_JAKE_21563000/DAY4_A1_JAKE_21563000_left.npz"", ""sensor_vqa/raw/egolife/imu/A1_JAKE/DAY4/DAY4_A1_JAKE_21563000/DAY4_A1_JAKE_21563000_right.npz""]",,,,,0.0,,DAY4@21563804,"[""DAY4@12262306""]","[""imu"", ""rgb""]",true,true,true,ready
2.0,egolifeqa:egolifeqa-a1-jake-314,EgoLifeQA,benchmark,EgoLife,egolifeqa-a1-jake-314,RelationMap,Who discussed renting clothes with me at noon today?,"[""Alice, Tasha"", ""Tasha, Nicous"", ""Alice, Katrina"", ""Alice, Lucia""]",0,"Alice, Tasha",public,"[""DAY4_A1_JAKE_21563000"", ""DAY4_A1_JAKE_12540000""]",egolifeqa:asset-58fc64994587ffdd,"[""egolifeqa:asset-58fc64994587ffdd"", ""egolifeqa:asset-5fa1172953da47a4""]",2,2,sensor_vqa/raw/egolife/video/A1_JAKE/DAY4/DAY4_A1_JAKE_21563000.mp4,"",sensor_vqa/raw/egolife/imu/A1_JAKE/DAY4/DAY4_A1_JAKE_21563000/DAY4_A1_JAKE_21563000_left.npz,"[""sensor_vqa/raw/egolife/imu/A1_JAKE/DAY4/DAY4_A1_JAKE_21563000/DAY4_A1_JAKE_21563000_left.npz"", ""sensor_vqa/raw/egolife/imu/A1_JAKE/DAY4/DAY4_A1_JAKE_21563000/DAY4_A1_JAKE_21563000_right.npz""]",,,,,0.0,,DAY4@21563804,"[""DAY4@12540612""]","[""imu"", ""rgb""]",true,true,true,ready
2.0,egolifeqa:egolifeqa-a1-jake-315,EgoLifeQA,benchmark,EgoLife,egolifeqa-a1-jake-315,RelationMap,"Before we went to see the dog, who went with me to the second floor to find Tasha?","[""Lucia"", ""Katrina"", ""Shure"", ""Alice""]",0,Lucia,public,"[""DAY4_A1_JAKE_21563000"", ""DAY4_A1_JAKE_16130000""]",egolifeqa:asset-58fc64994587ffdd,"[""egolifeqa:asset-58fc64994587ffdd"", ""egolifeqa:asset-0017ab4ddebde4e3""]",2,2,sensor_vqa/raw/egolife/video/A1_JAKE/DAY4/DAY4_A1_JAKE_21563000.mp4,"",sensor_vqa/raw/egolife/imu/A1_JAKE/DAY4/DAY4_A1_JAKE_21563000/DAY4_A1_JAKE_21563000_left.npz,"[""sensor_vqa/raw/egolife/imu/A1_JAKE/DAY4/DAY4_A1_JAKE_21563000/DAY4_A1_JAKE_21563000_left.npz"", ""sensor_vqa/raw/egolife/imu/A1_JAKE/DAY4/DAY4_A1_JAKE_21563000/DAY4_A1_JAKE_21563000_right.npz""]",,,,,0.0,,DAY4@21563804,"[""DAY4@16130412""]","[""imu"", ""rgb""]",true,true,true,ready
2.0,egolifeqa:egolifeqa-a1-jake-316,EgoLifeQA,benchmark,EgoLife,egolifeqa-a1-jake-316,HabitInsight,Which shopping app do I usually not choose？,"[""Taobao"", ""JD.com"", ""Pinduoduo"", ""Vipshop""]",2,Pinduoduo,public,"[""DAY4_A1_JAKE_21563000"", ""DAY4_A1_JAKE_12163000""]",egolifeqa:asset-58fc64994587ffdd,"[""egolifeqa:asset-58fc64994587ffdd"", ""egolifeqa:asset-915c395af74c702a""]",2,2,sensor_vqa/raw/egolife/video/A1_JAKE/DAY4/DAY4_A1_JAKE_21563000.mp4,"",sensor_vqa/raw/egolife/imu/A1_JAKE/DAY4/DAY4_A1_JAKE_21563000/DAY4_A1_JAKE_21563000_left.npz,"[""sensor_vqa/raw/egolife/imu/A1_JAKE/DAY4/DAY4_A1_JAKE_21563000/DAY4_A1_JAKE_21563000_left.npz"", ""sensor_vqa/raw/egolife/imu/A1_JAKE/DAY4/DAY4_A1_JAKE_21563000/DAY4_A1_JAKE_21563000_right.npz""]",,,,,0.0,,DAY4@21563804,"[""DAY4@12164003""]","[""imu"", ""rgb""]",true,true,true,ready
2.0,egolifeqa:egolifeqa-a1-jake-317,EgoLifeQA,benchmark,EgoLife,egolifeqa-a1-jake-317,RelationMap,"Shure noticed who didn't wash the electric mixer, and then who helped wash it？","[""Lucia, Katrina"", ""Me, Lucia"", ""Katrina, Alice"", ""Lucia, Tasha""]",1,"Me, Lucia",public,"[""DAY4_A1_JAKE_21563000"", ""DAY4_A1_JAKE_11543000""]",egolifeqa:asset-58fc64994587ffdd,"[""egolifeqa:asset-58fc64994587ffdd"", ""egolifeqa:asset-a356b2dcea8d93f5""]",2,2,sensor_vqa/raw/egolife/video/A1_JAKE/DAY4/DAY4_A1_JAKE_21563000.mp4,"",sensor_vqa/raw/egolife/imu/A1_JAKE/DAY4/DAY4_A1_JAKE_21563000/DAY4_A1_JAKE_21563000_left.npz,"[""sensor_vqa/raw/egolife/imu/A1_JAKE/DAY4/DAY4_A1_JAKE_21563000/DAY4_A1_JAKE_21563000_left.npz"", ""sensor_vqa/raw/egolife/imu/A1_JAKE/DAY4/DAY4_A1_JAKE_21563000/DAY4_A1_JAKE_21563000_right.npz""]",,,,,0.0,,DAY4@21563804,"[""DAY4@11543902""]","[""imu"", ""rgb""]",true,true,true,ready
2.0,egolifeqa:egolifeqa-a1-jake-318,EgoLifeQA,benchmark,EgoLife,egolifeqa-a1-jake-318,RelationMap,Who was talking to me today while I was assembling the wooden crate in the yard?,"[""Shure, Tasha, Lucia"", ""Katrina, Alice, Shure"", ""Shure, Katrina, Tasha"", ""Shure, Katrina, Lucia""]",0,"Shure, Tasha, Lucia",public,"[""DAY4_A1_JAKE_21563000"", ""DAY4_A1_JAKE_12260000""]",egolifeqa:asset-58fc64994587ffdd,"[""egolifeqa:asset-58fc64994587ffdd"", ""egolifeqa:asset-aaba96bced524fe3""]",2,2,sensor_vqa/raw/egolife/video/A1_JAKE/DAY4/DAY4_A1_JAKE_21563000.mp4,"",sensor_vqa/raw/egolife/imu/A1_JAKE/DAY4/DAY4_A1_JAKE_21563000/DAY4_A1_JAKE_21563000_left.npz,"[""sensor_vqa/raw/egolife/imu/A1_JAKE/DAY4/DAY4_A1_JAKE_21563000/DAY4_A1_JAKE_21563000_left.npz"", ""sensor_vqa/raw/egolife/imu/A1_JAKE/DAY4/DAY4_A1_JAKE_21563000/DAY4_A1_JAKE_21563000_right.npz""]",,,,,0.0,,DAY4@21563804,"[""DAY4@12262306""]","[""imu"", ""rgb""]",true,true,true,ready
2.0,egolifeqa:egolifeqa-a1-jake-319,EgoLifeQA,benchmark,EgoLife,egolifeqa-a1-jake-319,RelationMap,Who was discussing flying pets with me in the yard at noon？,"[""Katrina, Lucia"", ""Alice, Lucia"", ""Alice, Katrina"", ""Katrina, Tasha""]",1,"Alice, Lucia",public,"[""DAY4_A1_JAKE_21563000"", ""DAY4_A1_JAKE_12350000""]",egolifeqa:asset-58fc64994587ffdd,"[""egolifeqa:asset-58fc64994587ffdd"", ""egolifeqa:asset-760bca85643d070e""]",2,2,sensor_vqa/raw/egolife/video/A1_JAKE/DAY4/DAY4_A1_JAKE_21563000.mp4,"",sensor_vqa/raw/egolife/imu/A1_JAKE/DAY4/DAY4_A1_JAKE_21563000/DAY4_A1_JAKE_21563000_left.npz,"[""sensor_vqa/raw/egolife/imu/A1_JAKE/DAY4/DAY4_A1_JAKE_21563000/DAY4_A1_JAKE_21563000_left.npz"", ""sensor_vqa/raw/egolife/imu/A1_JAKE/DAY4/DAY4_A1_JAKE_21563000/DAY4_A1_JAKE_21563000_right.npz""]",,,,,0.0,,DAY4@21563804,"[""DAY4@12350202""]","[""imu"", ""rgb""]",true,true,true,ready
2.0,egolifeqa:egolifeqa-a1-jake-320,EgoLifeQA,benchmark,EgoLife,egolifeqa-a1-jake-320,RelationMap,Who helped me clean up the table after lunch today?,"[""Shure,Nicous"", ""Katrina,Shure"", ""Katrina,Alice"", ""Katrina,Nicous""]",0,"Shure,Nicous",public,"[""DAY4_A1_JAKE_21563000"", ""DAY4_A1_JAKE_12583000""]",egolifeqa:asset-58fc64994587ffdd,"[""egolifeqa:asset-58fc64994587ffdd"", ""egolifeqa:asset-7c7ba9f39bed4d02""]",2,2,sensor_vqa/raw/egolife/video/A1_JAKE/DAY4/DAY4_A1_JAKE_21563000.mp4,"",sensor_vqa/raw/egolife/imu/A1_JAKE/DAY4/DAY4_A1_JAKE_21563000/DAY4_A1_JAKE_21563000_left.npz,"[""sensor_vqa/raw/egolife/imu/A1_JAKE/DAY4/DAY4_A1_JAKE_21563000/DAY4_A1_JAKE_21563000_left.npz"", ""sensor_vqa/raw/egolife/imu/A1_JAKE/DAY4/DAY4_A1_JAKE_21563000/DAY4_A1_JAKE_21563000_right.npz""]",,,,,0.0,,DAY4@21563804,"[""DAY4@12584512""]","[""imu"", ""rgb""]",true,true,true,ready
2.0,egolifeqa:egolifeqa-a1-jake-321,EgoLifeQA,benchmark,EgoLife,egolifeqa-a1-jake-321,RelationMap,"when we went to the café to play with the dog, the staff asked about the glasses we were wearing, who did the product introduction with her","[""Nicous, Tasha"", ""Me, Nicous"", ""Nicous, Lucia"", ""Tasha, Alice""]",1,"Me, Nicous",public,"[""DAY4_A1_JAKE_21563000"", ""DAY4_A1_JAKE_16283000""]",egolifeqa:asset-58fc64994587ffdd,"[""egolifeqa:asset-58fc64994587ffdd"", ""egolifeqa:asset-85046b97830fc709""]",2,2,sensor_vqa/raw/egolife/video/A1_JAKE/DAY4/DAY4_A1_JAKE_21563000.mp4,"",sensor_vqa/raw/egolife/imu/A1_JAKE/DAY4/DAY4_A1_JAKE_21563000/DAY4_A1_JAKE_21563000_left.npz,"[""sensor_vqa/raw/egolife/imu/A1_JAKE/DAY4/DAY4_A1_JAKE_21563000/DAY4_A1_JAKE_21563000_left.npz"", ""sensor_vqa/raw/egolife/imu/A1_JAKE/DAY4/DAY4_A1_JAKE_21563000/DAY4_A1_JAKE_21563000_right.npz""]",,,,,0.0,,DAY4@21563804,"[""DAY4@16285218""]","[""imu"", ""rgb""]",true,true,true,ready
2.0,egolifeqa:egolifeqa-a1-jake-322,EgoLifeQA,benchmark,EgoLife,egolifeqa-a1-jake-322,RelationMap,"After playing with the dog  and returning, who opened the door for Lucia and me when we knocked?","[""Alice"", ""Katrina"", ""Shure"", ""Tasha""]",2,Shure,public,"[""DAY4_A1_JAKE_21563000"", ""DAY4_A1_JAKE_16530000""]",egolifeqa:asset-58fc64994587ffdd,"[""egolifeqa:asset-58fc64994587ffdd"", ""egolifeqa:asset-fcbdf46f7173864c""]",2,2,sensor_vqa/raw/egolife/video/A1_JAKE/DAY4/DAY4_A1_JAKE_21563000.mp4,"",sensor_vqa/raw/egolife/imu/A1_JAKE/DAY4/DAY4_A1_JAKE_21563000/DAY4_A1_JAKE_21563000_left.npz,"[""sensor_vqa/raw/egolife/imu/A1_JAKE/DAY4/DAY4_A1_JAKE_21563000/DAY4_A1_JAKE_21563000_left.npz"", ""sensor_vqa/raw/egolife/imu/A1_JAKE/DAY4/DAY4_A1_JAKE_21563000/DAY4_A1_JAKE_21563000_right.npz""]",,,,,0.0,,DAY4@21563804,"[""DAY4@16531118""]","[""imu"", ""rgb""]",true,true,true,ready
2.0,egolifeqa:egolifeqa-a1-jake-323,EgoLifeQA,benchmark,EgoLife,egolifeqa-a1-jake-323,RelationMap,Who did not participate when we went to see the dog on the afternoon?,"[""Nicous, Katrina"", ""Alice, Katrina"", ""Alice, Shure"", ""Katrina, Shure""]",3,"Katrina, Shure",public,"[""DAY4_A1_JAKE_21563000"", ""DAY4_A1_JAKE_16233000""]",egolifeqa:asset-58fc64994587ffdd,"[""egolifeqa:asset-58fc64994587ffdd"", ""egolifeqa:asset-874ec5fe4f458d5c""]",2,2,sensor_vqa/raw/egolife/video/A1_JAKE/DAY4/DAY4_A1_JAKE_21563000.mp4,"",sensor_vqa/raw/egolife/imu/A1_JAKE/DAY4/DAY4_A1_JAKE_21563000/DAY4_A1_JAKE_21563000_left.npz,"[""sensor_vqa/raw/egolife/imu/A1_JAKE/DAY4/DAY4_A1_JAKE_21563000/DAY4_A1_JAKE_21563000_left.npz"", ""sensor_vqa/raw/egolife/imu/A1_JAKE/DAY4/DAY4_A1_JAKE_21563000/DAY4_A1_JAKE_21563000_right.npz""]",,,,,0.0,,DAY4@21563804,"[""DAY4@16234506""]","[""imu"", ""rgb""]",true,true,true,ready
2.0,egolifeqa:egolifeqa-a1-jake-324,EgoLifeQA,benchmark,EgoLife,egolifeqa-a1-jake-324,RelationMap,Who was pressing flowers together on today afternoon?,"[""Lucia, Shure, Katrina"", ""Lucia, Alice, Katrina"", ""Lucia, Alice, Katrina"", ""Lucia, Tasha, Nicous""]",0,"Lucia, Shure, Katrina",public,"[""DAY4_A1_JAKE_21563000"", ""DAY4_A1_JAKE_16070000""]",egolifeqa:asset-58fc64994587ffdd,"[""egolifeqa:asset-58fc64994587ffdd"", ""egolifeqa:asset-974a254c18b77bcb""]",2,2,sensor_vqa/raw/egolife/video/A1_JAKE/DAY4/DAY4_A1_JAKE_21563000.mp4,"",sensor_vqa/raw/egolife/imu/A1_JAKE/DAY4/DAY4_A1_JAKE_21563000/DAY4_A1_JAKE_21563000_left.npz,"[""sensor_vqa/raw/egolife/imu/A1_JAKE/DAY4/DAY4_A1_JAKE_21563000/DAY4_A1_JAKE_21563000_left.npz"", ""sensor_vqa/raw/egolife/imu/A1_JAKE/DAY4/DAY4_A1_JAKE_21563000/DAY4_A1_JAKE_21563000_right.npz""]",,,,,0.0,,DAY4@21563804,"[""DAY4@16072303""]","[""imu"", ""rgb""]",true,true,true,ready
2.0,egolifeqa:egolifeqa-a1-jake-325,EgoLifeQA,benchmark,EgoLife,egolifeqa-a1-jake-325,EventRecall,"The last time I checked Lucia's wound, what were we discussing?","[""Reimbursement?"", ""Should we get vaccinated?"", ""Sing together"", ""What to eat for dinner""]",1,Should we get vaccinated?,public,"[""DAY4_A1_JAKE_21563000"", ""DAY4_A1_JAKE_16330000""]",egolifeqa:asset-58fc64994587ffdd,"[""egolifeqa:asset-58fc64994587ffdd"", ""egolifeqa:asset-f2808553a4c26282""]",2,2,sensor_vqa/raw/egolife/video/A1_JAKE/DAY4/DAY4_A1_JAKE_21563000.mp4,"",sensor_vqa/raw/egolife/imu/A1_JAKE/DAY4/DAY4_A1_JAKE_21563000/DAY4_A1_JAKE_21563000_left.npz,"[""sensor_vqa/raw/egolife/imu/A1_JAKE/DAY4/DAY4_A1_JAKE_21563000/DAY4_A1_JAKE_21563000_left.npz"", ""sensor_vqa/raw/egolife/imu/A1_JAKE/DAY4/DAY4_A1_JAKE_21563000/DAY4_A1_JAKE_21563000_right.npz""]",,,,,0.0,,DAY4@21565719,"[""DAY4@16332615""]","[""imu"", ""rgb""]",true,true,true,ready
2.0,egolifeqa:egolifeqa-a1-jake-326,EgoLifeQA,benchmark,EgoLife,egolifeqa-a1-jake-326,EventRecall,Why is the bread made by Shure delicious?,"[""Because he added butter to the bread"", ""Because he controlled the heat well"", ""Because the bread he baked smells good"", ""Because Lucia likes this flavor""]",0,Because he added butter to the bread,public,"[""DAY4_A1_JAKE_22000000"", ""DAY4_A1_JAKE_11420000""]",egolifeqa:asset-1bd6ea8a8d8316a4,"[""egolifeqa:asset-1bd6ea8a8d8316a4"", ""egolifeqa:asset-63b07260e2fdb2cd""]",2,2,sensor_vqa/raw/egolife/video/A1_JAKE/DAY4/DAY4_A1_JAKE_22000000.mp4,"",sensor_vqa/raw/egolife/imu/A1_JAKE/DAY4/DAY4_A1_JAKE_22000000/DAY4_A1_JAKE_22000000_left.npz,"[""sensor_vqa/raw/egolife/imu/A1_JAKE/DAY4/DAY4_A1_JAKE_22000000/DAY4_A1_JAKE_22000000_left.npz"", ""sensor_vqa/raw/egolife/imu/A1_JAKE/DAY4/DAY4_A1_JAKE_22000000/DAY4_A1_JAKE_22000000_right.npz""]",,,,,0.0,,DAY4@22000103,"[""DAY4@11422909""]","[""imu"", ""rgb""]",true,true,true,ready
2.0,egolifeqa:egolifeqa-a1-jake-327,EgoLifeQA,benchmark,EgoLife,egolifeqa-a1-jake-327,RelationMap,Who usually picks up the takeout?,"[""Alice"", ""Me"", ""Shure"", ""Tasha""]",1,Me,public,"[""DAY4_A1_JAKE_22040000"", ""DAY4_A1_JAKE_12473000""]",egolifeqa:asset-724b1536a4bc5a03,"[""egolifeqa:asset-724b1536a4bc5a03"", ""egolifeqa:asset-9c685337c207a0ad""]",2,2,sensor_vqa/raw/egolife/video/A1_JAKE/DAY4/DAY4_A1_JAKE_22040000.mp4,"",sensor_vqa/raw/egolife/imu/A1_JAKE/DAY4/DAY4_A1_JAKE_22040000/DAY4_A1_JAKE_22040000_left.npz,"[""sensor_vqa/raw/egolife/imu/A1_JAKE/DAY4/DAY4_A1_JAKE_22040000/DAY4_A1_JAKE_22040000_left.npz"", ""sensor_vqa/raw/egolife/imu/A1_JAKE/DAY4/DAY4_A1_JAKE_22040000/DAY4_A1_JAKE_22040000_right.npz""]",,,,,0.0,,DAY4@22042202,"[""DAY4@12475911""]","[""imu"", ""rgb""]",true,true,true,ready
2.0,egolifeqa:egolifeqa-a1-jake-328,EgoLifeQA,benchmark,EgoLife,egolifeqa-a1-jake-328,EntityLog,When was the last time Jay Chou was mentioned?,"[""One day ago"", ""One hour ago"", ""Half a day ago"", ""Two days ago""]",3,Two days ago,public,"[""DAY4_A1_JAKE_22063000"", ""DAY2_A1_JAKE_16233000""]",egolifeqa:asset-3b4914637ff4f6c3,"[""egolifeqa:asset-3b4914637ff4f6c3"", ""egolifeqa:asset-7c418e4fa7e8727b""]",2,2,sensor_vqa/raw/egolife/video/A1_JAKE/DAY4/DAY4_A1_JAKE_22063000.mp4,"",sensor_vqa/raw/egolife/imu/A1_JAKE/DAY4/DAY4_A1_JAKE_22063000/DAY4_A1_JAKE_22063000_left.npz,"[""sensor_vqa/raw/egolife/imu/A1_JAKE/DAY4/DAY4_A1_JAKE_22063000/DAY4_A1_JAKE_22063000_left.npz"", ""sensor_vqa/raw/egolife/imu/A1_JAKE/DAY4/DAY4_A1_JAKE_22063000/DAY4_A1_JAKE_22063000_right.npz""]",,,,,0.0,,DAY4@22065502,"[""DAY2@16234012""]","[""imu"", ""rgb""]",true,true,true,ready
2.0,egolifeqa:egolifeqa-a1-jake-329,EgoLifeQA,benchmark,EgoLife,egolifeqa-a1-jake-329,EventRecall,"This time we discussed the auction of this bottle of wine, what items were mentioned when we previously discussed auction-related content?","[""Computer"", ""Carbon"", ""Money"", ""Pizza""]",2,Money,public,"[""DAY4_A1_JAKE_22130000"", ""DAY1_A1_JAKE_12183000""]",egolifeqa:asset-de72fd5c5d0d2f4f,"[""egolifeqa:asset-de72fd5c5d0d2f4f"", ""egolifeqa:asset-2866fe4a36176798""]",2,2,sensor_vqa/raw/egolife/video/A1_JAKE/DAY4/DAY4_A1_JAKE_22130000.mp4,"",sensor_vqa/raw/egolife/imu/A1_JAKE/DAY4/DAY4_A1_JAKE_22130000/DAY4_A1_JAKE_22130000_left.npz,"[""sensor_vqa/raw/egolife/imu/A1_JAKE/DAY4/DAY4_A1_JAKE_22130000/DAY4_A1_JAKE_22130000_left.npz"", ""sensor_vqa/raw/egolife/imu/A1_JAKE/DAY4/DAY4_A1_JAKE_22130000/DAY4_A1_JAKE_22130000_right.npz""]",,,,,0.0,,DAY4@22132019,"[""DAY1@12183008""]","[""imu"", ""rgb""]",true,true,true,ready
2.0,egolifeqa:egolifeqa-a1-jake-330,EgoLifeQA,benchmark,EgoLife,egolifeqa-a1-jake-330,RelationMap,What did Tasha say is the most needed task from me later?,"[""Knead the dough"", ""Whip the cream"", ""Beat the eggs"", ""Move the boxes""]",0,Knead the dough,public,"[""DAY4_A1_JAKE_22240000"", ""DAY4_A1_JAKE_18153000""]",egolifeqa:asset-0c5edc3d9c2bc52b,"[""egolifeqa:asset-0c5edc3d9c2bc52b"", ""egolifeqa:asset-2311c633e16f66cf""]",2,2,sensor_vqa/raw/egolife/video/A1_JAKE/DAY4/DAY4_A1_JAKE_22240000.mp4,"",sensor_vqa/raw/egolife/imu/A1_JAKE/DAY4/DAY4_A1_JAKE_22240000/DAY4_A1_JAKE_22240000_left.npz,"[""sensor_vqa/raw/egolife/imu/A1_JAKE/DAY4/DAY4_A1_JAKE_22240000/DAY4_A1_JAKE_22240000_left.npz"", ""sensor_vqa/raw/egolife/imu/A1_JAKE/DAY4/DAY4_A1_JAKE_22240000/DAY4_A1_JAKE_22240000_right.npz""]",,,,,0.0,,DAY4@22242219,"[""DAY4@18154804""]","[""imu"", ""rgb""]",true,true,true,ready
2.0,egolifeqa:egolifeqa-a1-jake-331,EgoLifeQA,benchmark,EgoLife,egolifeqa-a1-jake-331,RelationMap,Who said my room was very cyber before,"[""Tasha"", ""Katrina"", ""Lucia"", ""Shure""]",2,Lucia,public,"[""DAY5_A1_JAKE_11023000"", ""DAY1_A1_JAKE_19093000""]",egolifeqa:asset-a9fe3369212e329a,"[""egolifeqa:asset-a9fe3369212e329a"", ""egolifeqa:asset-7b2bc8ba0b1a9283""]",2,2,sensor_vqa/raw/egolife/video/A1_JAKE/DAY5/DAY5_A1_JAKE_11023000.mp4,"",sensor_vqa/raw/egolife/imu/A1_JAKE/DAY5/DAY5_A1_JAKE_11023000/DAY5_A1_JAKE_11023000_left.npz,"[""sensor_vqa/raw/egolife/imu/A1_JAKE/DAY5/DAY5_A1_JAKE_11023000/DAY5_A1_JAKE_11023000_left.npz"", ""sensor_vqa/raw/egolife/imu/A1_JAKE/DAY5/DAY5_A1_JAKE_11023000/DAY5_A1_JAKE_11023000_right.npz""]",,,,,0.0,,DAY5@11025618,"[""DAY1@19093101""]","[""imu"", ""rgb""]",true,true,true,ready
2.0,egolifeqa:egolifeqa-a1-jake-332,EgoLifeQA,benchmark,EgoLife,egolifeqa-a1-jake-332,EntityLog,What did I order the last time I used the Meituan Waimai APP?,"[""KFC"", ""Pizza"", ""Dumplings"", ""Noodles""]",3,Noodles,public,"[""DAY5_A1_JAKE_11140000"", ""DAY4_A1_JAKE_17533000""]",egolifeqa:asset-c3625b95a1eb4cb5,"[""egolifeqa:asset-c3625b95a1eb4cb5"", ""egolifeqa:asset-7ad7b6e16d1b3eb6""]",2,2,sensor_vqa/raw/egolife/video/A1_JAKE/DAY5/DAY5_A1_JAKE_11140000.mp4,"",sensor_vqa/raw/egolife/imu/A1_JAKE/DAY5/DAY5_A1_JAKE_11140000/DAY5_A1_JAKE_11140000_left.npz,"[""sensor_vqa/raw/egolife/imu/A1_JAKE/DAY5/DAY5_A1_JAKE_11140000/DAY5_A1_JAKE_11140000_left.npz"", ""sensor_vqa/raw/egolife/imu/A1_JAKE/DAY5/DAY5_A1_JAKE_11140000/DAY5_A1_JAKE_11140000_right.npz""]",,,,,0.0,,DAY5@11141207,"[""DAY4@17534715""]","[""imu"", ""rgb""]",true,true,true,ready
2.0,egolifeqa:egolifeqa-a1-jake-333,EgoLifeQA,benchmark,EgoLife,egolifeqa-a1-jake-333,EventRecall,"Now that I have walked to the garbage pile by the gate, what changes are there in the surroundings compared to the last time I came here to throw out the trash?","[""Heavy rain."", ""Light rain"", ""It's thundering."", ""The sky is dark""]",3,The sky is dark,public,"[""DAY5_A1_JAKE_11223000"", ""DAY4_A1_JAKE_15433000""]",egolifeqa:asset-38e78dd14daef372,"[""egolifeqa:asset-38e78dd14daef372"", ""egolifeqa:asset-ce00d3e0177def36""]",2,2,sensor_vqa/raw/egolife/video/A1_JAKE/DAY5/DAY5_A1_JAKE_11223000.mp4,"",sensor_vqa/raw/egolife/imu/A1_JAKE/DAY5/DAY5_A1_JAKE_11223000/DAY5_A1_JAKE_11223000_left.npz,"[""sensor_vqa/raw/egolife/imu/A1_JAKE/DAY5/DAY5_A1_JAKE_11223000/DAY5_A1_JAKE_11223000_left.npz"", ""sensor_vqa/raw/egolife/imu/A1_JAKE/DAY5/DAY5_A1_JAKE_11223000/DAY5_A1_JAKE_11223000_right.npz""]",,,,,0.0,,DAY5@11225900,"[""DAY4@15434815""]","[""imu"", ""rgb""]",true,true,true,ready
2.0,egolifeqa:egolifeqa-a1-jake-334,EgoLifeQA,benchmark,EgoLife,egolifeqa-a1-jake-334,EventRecall,When was the last time I plugged a cable into the power strip?,"[""Yesterday afternoon"", ""This morning"", ""Last night"", ""Yesterday at noon""]",0,Yesterday afternoon,public,"[""DAY5_A1_JAKE_11463000"", ""DAY4_A1_JAKE_15560000""]",egolifeqa:asset-5bcf792a7dda8be3,"[""egolifeqa:asset-5bcf792a7dda8be3"", ""egolifeqa:asset-b54d82a9330284ac""]",2,2,sensor_vqa/raw/egolife/video/A1_JAKE/DAY5/DAY5_A1_JAKE_11463000.mp4,"",sensor_vqa/raw/egolife/imu/A1_JAKE/DAY5/DAY5_A1_JAKE_11463000/DAY5_A1_JAKE_11463000_left.npz,"[""sensor_vqa/raw/egolife/imu/A1_JAKE/DAY5/DAY5_A1_JAKE_11463000/DAY5_A1_JAKE_11463000_left.npz"", ""sensor_vqa/raw/egolife/imu/A1_JAKE/DAY5/DAY5_A1_JAKE_11463000/DAY5_A1_JAKE_11463000_right.npz""]",,,,,0.0,,DAY5@11464307,"[""DAY4@15562015""]","[""imu"", ""rgb""]",true,true,true,ready
2.0,egolifeqa:egolifeqa-a1-jake-335,EgoLifeQA,benchmark,EgoLife,egolifeqa-a1-jake-335,EventRecall,What is the milk used for?,"[""Coffee Raw Materials"", ""Drink directly."", ""Cake Ingredients"", ""Cocktail Ingredients""]",2,Cake Ingredients,public,"[""DAY5_A1_JAKE_11483000"", ""DAY3_A1_JAKE_20113000""]",egolifeqa:asset-aae8a9123934649c,"[""egolifeqa:asset-aae8a9123934649c"", ""egolifeqa:asset-4d874f20fab65e29""]",2,2,sensor_vqa/raw/egolife/video/A1_JAKE/DAY5/DAY5_A1_JAKE_11483000.mp4,"",sensor_vqa/raw/egolife/imu/A1_JAKE/DAY5/DAY5_A1_JAKE_11483000/DAY5_A1_JAKE_11483000_left.npz,"[""sensor_vqa/raw/egolife/imu/A1_JAKE/DAY5/DAY5_A1_JAKE_11483000/DAY5_A1_JAKE_11483000_left.npz"", ""sensor_vqa/raw/egolife/imu/A1_JAKE/DAY5/DAY5_A1_JAKE_11483000/DAY5_A1_JAKE_11483000_right.npz""]",,,,,0.0,,DAY5@11484717,"[""DAY3@20114320""]","[""imu"", ""rgb""]",true,true,true,ready
2.0,egolifeqa:egolifeqa-a1-jake-336,EgoLifeQA,benchmark,EgoLife,egolifeqa-a1-jake-336,RelationMap,"Last time I had a meal with Nicous, who else was there?","[""Shure and Jack"", ""Alice and Lucia"", ""Katrina and Choiszt"", ""Tasha and Choiszt""]",1,Alice and Lucia,public,"[""DAY5_A1_JAKE_12150000"", ""DAY4_A1_JAKE_13270000""]",egolifeqa:asset-654889c7d17c374d,"[""egolifeqa:asset-654889c7d17c374d"", ""egolifeqa:asset-90519330c2a53292""]",2,2,sensor_vqa/raw/egolife/video/A1_JAKE/DAY5/DAY5_A1_JAKE_12150000.mp4,"",sensor_vqa/raw/egolife/imu/A1_JAKE/DAY5/DAY5_A1_JAKE_12150000/DAY5_A1_JAKE_12150000_left.npz,"[""sensor_vqa/raw/egolife/imu/A1_JAKE/DAY5/DAY5_A1_JAKE_12150000/DAY5_A1_JAKE_12150000_left.npz"", ""sensor_vqa/raw/egolife/imu/A1_JAKE/DAY5/DAY5_A1_JAKE_12150000/DAY5_A1_JAKE_12150000_right.npz""]",,,,,0.0,,DAY5@12150400,"[""DAY4@13270000""]","[""imu"", ""rgb""]",true,true,true,ready
2.0,egolifeqa:egolifeqa-a1-jake-337,EgoLifeQA,benchmark,EgoLife,egolifeqa-a1-jake-337,EntityLog,Who gave Tasha the AD calcium milk she is holding?,"[""Alice"", ""Lucia"", ""Me"", ""Shure""]",2,Me,public,"[""DAY5_A1_JAKE_12190000"", ""DAY5_A1_JAKE_12113000""]",egolifeqa:asset-31d25f511689b666,"[""egolifeqa:asset-31d25f511689b666"", ""egolifeqa:asset-1f60364fd9b342c2""]",2,2,sensor_vqa/raw/egolife/video/A1_JAKE/DAY5/DAY5_A1_JAKE_12190000.mp4,"",sensor_vqa/raw/egolife/imu/A1_JAKE/DAY5/DAY5_A1_JAKE_12190000/DAY5_A1_JAKE_12190000_left.npz,"[""sensor_vqa/raw/egolife/imu/A1_JAKE/DAY5/DAY5_A1_JAKE_12190000/DAY5_A1_JAKE_12190000_left.npz"", ""sensor_vqa/raw/egolife/imu/A1_JAKE/DAY5/DAY5_A1_JAKE_12190000/DAY5_A1_JAKE_12190000_right.npz""]",,,,,0.0,,DAY5@12190913,"[""DAY5@12115500""]","[""imu"", ""rgb""]",true,true,true,ready
2.0,egolifeqa:egolifeqa-a1-jake-338,EgoLifeQA,benchmark,EgoLife,egolifeqa-a1-jake-338,HabitInsight,What do I usually do after finishing in the kitchen?,"[""Wipe with paper"", ""Wash hands with dish soap"", ""Wash hands with hand sanitizer"", ""Wipe hands with a wet wipe""]",2,Wash hands with hand sanitizer,public,"[""DAY5_A1_JAKE_12213000"", ""DAY4_A1_JAKE_18103000""]",egolifeqa:asset-9e41c44837c52fda,"[""egolifeqa:asset-9e41c44837c52fda"", ""egolifeqa:asset-6c858fbccdd44907""]",2,2,sensor_vqa/raw/egolife/video/A1_JAKE/DAY5/DAY5_A1_JAKE_12213000.mp4,"",sensor_vqa/raw/egolife/imu/A1_JAKE/DAY5/DAY5_A1_JAKE_12213000/DAY5_A1_JAKE_12213000_left.npz,"[""sensor_vqa/raw/egolife/imu/A1_JAKE/DAY5/DAY5_A1_JAKE_12213000/DAY5_A1_JAKE_12213000_left.npz"", ""sensor_vqa/raw/egolife/imu/A1_JAKE/DAY5/DAY5_A1_JAKE_12213000/DAY5_A1_JAKE_12213000_right.npz""]",,,,,0.0,,DAY5@12213913,"[""DAY4@18103811DAY4_21281019DAY4_21350104""]","[""imu"", ""rgb""]",true,true,true,ready
2.0,egolifeqa:egolifeqa-a1-jake-339,EgoLifeQA,benchmark,EgoLife,egolifeqa-a1-jake-339,EntityLog,Where was the AD calcium milk taken from?,"[""Refrigerator"", ""My room"", ""Shure's room"", ""On the chair""]",0,Refrigerator,public,"[""DAY5_A1_JAKE_12260000"", ""DAY5_A1_JAKE_12113000""]",egolifeqa:asset-597c38817eab70f6,"[""egolifeqa:asset-597c38817eab70f6"", ""egolifeqa:asset-1f60364fd9b342c2""]",2,2,sensor_vqa/raw/egolife/video/A1_JAKE/DAY5/DAY5_A1_JAKE_12260000.mp4,"",sensor_vqa/raw/egolife/imu/A1_JAKE/DAY5/DAY5_A1_JAKE_12260000/DAY5_A1_JAKE_12260000_left.npz,"[""sensor_vqa/raw/egolife/imu/A1_JAKE/DAY5/DAY5_A1_JAKE_12260000/DAY5_A1_JAKE_12260000_left.npz"", ""sensor_vqa/raw/egolife/imu/A1_JAKE/DAY5/DAY5_A1_JAKE_12260000/DAY5_A1_JAKE_12260000_right.npz""]",,,,,0.0,,DAY5@12260203,"[""DAY5@12115400""]","[""imu"", ""rgb""]",true,true,true,ready
2.0,egolifeqa:egolifeqa-a1-jake-340,EgoLifeQA,benchmark,EgoLife,egolifeqa-a1-jake-340,HabitInsight,What does Alice not like to eat?,"[""Pizza"", ""Rice"", ""Noodles"", ""Steamed Bun""]",3,Steamed Bun,public,"[""DAY5_A1_JAKE_12583000"", ""DAY5_A1_JAKE_12283000""]",egolifeqa:asset-c0df26e7a869f8c4,"[""egolifeqa:asset-c0df26e7a869f8c4"", ""egolifeqa:asset-abb11ab19fc5e9e4""]",2,2,sensor_vqa/raw/egolife/video/A1_JAKE/DAY5/DAY5_A1_JAKE_12583000.mp4,"",sensor_vqa/raw/egolife/imu/A1_JAKE/DAY5/DAY5_A1_JAKE_12583000/DAY5_A1_JAKE_12583000_left.npz,"[""sensor_vqa/raw/egolife/imu/A1_JAKE/DAY5/DAY5_A1_JAKE_12583000/DAY5_A1_JAKE_12583000_left.npz"", ""sensor_vqa/raw/egolife/imu/A1_JAKE/DAY5/DAY5_A1_JAKE_12583000/DAY5_A1_JAKE_12583000_right.npz""]",,,,,0.0,,DAY5@12583200,"[""DAY5@12284615""]","[""imu"", ""rgb""]",true,true,true,ready
2.0,egolifeqa:egolifeqa-a1-jake-341,EgoLifeQA,benchmark,EgoLife,egolifeqa-a1-jake-341,TaskMaster,What are we planning to do in the afternoon?,"[""Playing games"", ""Shopping"", ""Walking the dog"", ""Listening to music""]",1,Shopping,public,"[""DAY5_A1_JAKE_13003000"", ""DAY5_A1_JAKE_12390000""]",egolifeqa:asset-5e314c46acfc272e,"[""egolifeqa:asset-5e314c46acfc272e"", ""egolifeqa:asset-4d59bbfc7645a0ca""]",2,2,sensor_vqa/raw/egolife/video/A1_JAKE/DAY5/DAY5_A1_JAKE_13003000.mp4,"",sensor_vqa/raw/egolife/imu/A1_JAKE/DAY5/DAY5_A1_JAKE_13003000/DAY5_A1_JAKE_13003000_left.npz,"[""sensor_vqa/raw/egolife/imu/A1_JAKE/DAY5/DAY5_A1_JAKE_13003000/DAY5_A1_JAKE_13003000_left.npz"", ""sensor_vqa/raw/egolife/imu/A1_JAKE/DAY5/DAY5_A1_JAKE_13003000/DAY5_A1_JAKE_13003000_right.npz""]",,,,,0.0,,DAY5@13025517,"[""DAY5@12392804""]","[""imu"", ""rgb""]",true,true,true,ready
2.0,egolifeqa:egolifeqa-a1-jake-342,EgoLifeQA,benchmark,EgoLife,egolifeqa-a1-jake-342,EventRecall,What did Katrina draw the last time she was at the whiteboard?,"[""Cat"", ""Person"", ""Dog"", ""Star""]",2,Dog,public,"[""DAY5_A1_JAKE_15083000"", ""DAY2_A1_JAKE_21313000""]",egolifeqa:asset-6ec6bd38ed258368,"[""egolifeqa:asset-6ec6bd38ed258368"", ""egolifeqa:asset-154d4f9b0b222b92""]",2,2,sensor_vqa/raw/egolife/video/A1_JAKE/DAY5/DAY5_A1_JAKE_15083000.mp4,"",sensor_vqa/raw/egolife/imu/A1_JAKE/DAY5/DAY5_A1_JAKE_15083000/DAY5_A1_JAKE_15083000_left.npz,"[""sensor_vqa/raw/egolife/imu/A1_JAKE/DAY5/DAY5_A1_JAKE_15083000/DAY5_A1_JAKE_15083000_left.npz"", ""sensor_vqa/raw/egolife/imu/A1_JAKE/DAY5/DAY5_A1_JAKE_15083000/DAY5_A1_JAKE_15083000_right.npz""]",,,,,0.0,,DAY5@15084501,"[""DAY2@21313200""]","[""imu"", ""rgb""]",true,true,true,ready
2.0,egolifeqa:egolifeqa-a1-jake-343,EgoLifeQA,benchmark,EgoLife,egolifeqa-a1-jake-343,EntityLog,When was the last time I used my phone to check the map?,"[""Yesterday at noon"", ""Yesterday afternoon"", ""Last night"", ""This morning""]",2,Last night,public,"[""DAY5_A1_JAKE_15160000"", ""DAY4_A1_JAKE_20480000""]",egolifeqa:asset-db66c8616fcf2237,"[""egolifeqa:asset-db66c8616fcf2237"", ""egolifeqa:asset-3facb97e5e4a9042""]",2,2,sensor_vqa/raw/egolife/video/A1_JAKE/DAY5/DAY5_A1_JAKE_15160000.mp4,"",sensor_vqa/raw/egolife/imu/A1_JAKE/DAY5/DAY5_A1_JAKE_15160000/DAY5_A1_JAKE_15160000_left.npz,"[""sensor_vqa/raw/egolife/imu/A1_JAKE/DAY5/DAY5_A1_JAKE_15160000/DAY5_A1_JAKE_15160000_left.npz"", ""sensor_vqa/raw/egolife/imu/A1_JAKE/DAY5/DAY5_A1_JAKE_15160000/DAY5_A1_JAKE_15160000_right.npz""]",,,,,0.0,,DAY5@15161210,"[""DAY4@20480604""]","[""imu"", ""rgb""]",true,true,true,ready
2.0,egolifeqa:egolifeqa-a1-jake-344,EgoLifeQA,benchmark,EgoLife,egolifeqa-a1-jake-344,EntityLog,Who made the dog in Lucia's hand?,"[""Tasha"", ""Lucia"", ""Shure"", ""Me""]",1,Lucia,public,"[""DAY5_A1_JAKE_15280000"", ""DAY4_A1_JAKE_18363000""]",egolifeqa:asset-aa94c68f35d2a941,"[""egolifeqa:asset-aa94c68f35d2a941"", ""egolifeqa:asset-2745aac408c34e18""]",2,2,sensor_vqa/raw/egolife/video/A1_JAKE/DAY5/DAY5_A1_JAKE_15280000.mp4,"",sensor_vqa/raw/egolife/imu/A1_JAKE/DAY5/DAY5_A1_JAKE_15280000/DAY5_A1_JAKE_15280000_left.npz,"[""sensor_vqa/raw/egolife/imu/A1_JAKE/DAY5/DAY5_A1_JAKE_15280000/DAY5_A1_JAKE_15280000_left.npz"", ""sensor_vqa/raw/egolife/imu/A1_JAKE/DAY5/DAY5_A1_JAKE_15280000/DAY5_A1_JAKE_15280000_right.npz""]",,,,,0.0,,DAY5@15282905,"[""DAY4@18365015""]","[""imu"", ""rgb""]",true,true,true,ready
2.0,egolifeqa:egolifeqa-a1-jake-345,EgoLifeQA,benchmark,EgoLife,egolifeqa-a1-jake-345,EventRecall,"Now I'm looking at the dog in Lucia's hand, when was the last time we discussed dogs?","[""About a day ago"", ""About three hours ago"", ""About an hour ago"", ""About six hours ago""]",1,About three hours ago,public,"[""DAY5_A1_JAKE_15283000"", ""DAY5_A1_JAKE_12303000""]",egolifeqa:asset-5096ababcaf32fdf,"[""egolifeqa:asset-5096ababcaf32fdf"", ""egolifeqa:asset-8dc891e4a4795c03""]",2,2,sensor_vqa/raw/egolife/video/A1_JAKE/DAY5/DAY5_A1_JAKE_15283000.mp4,"",sensor_vqa/raw/egolife/imu/A1_JAKE/DAY5/DAY5_A1_JAKE_15283000/DAY5_A1_JAKE_15283000_left.npz,"[""sensor_vqa/raw/egolife/imu/A1_JAKE/DAY5/DAY5_A1_JAKE_15283000/DAY5_A1_JAKE_15283000_left.npz"", ""sensor_vqa/raw/egolife/imu/A1_JAKE/DAY5/DAY5_A1_JAKE_15283000/DAY5_A1_JAKE_15283000_right.npz""]",,,,,0.0,,DAY5@15283415,"[""DAY5@12305800""]","[""imu"", ""rgb""]",true,true,true,ready
2.0,egolifeqa:egolifeqa-a1-jake-346,EgoLifeQA,benchmark,EgoLife,egolifeqa-a1-jake-346,RelationMap,"When we go out shopping and take a taxi, who usually sits next to me?","[""Jack"", ""Nicous"", ""Lucia"", ""Shure""]",3,Shure,public,"[""DAY5_A1_JAKE_15330000"", ""DAY1_A1_JAKE_17120000"", ""DAY1_A1_JAKE_17323000""]",egolifeqa:asset-2edd47de4e279fe4,"[""egolifeqa:asset-2edd47de4e279fe4"", ""egolifeqa:asset-00c2ac1375e029de"", ""egolifeqa:asset-b426da3c82323900""]",3,3,sensor_vqa/raw/egolife/video/A1_JAKE/DAY5/DAY5_A1_JAKE_15330000.mp4,"",sensor_vqa/raw/egolife/imu/A1_JAKE/DAY5/DAY5_A1_JAKE_15330000/DAY5_A1_JAKE_15330000_left.npz,"[""sensor_vqa/raw/egolife/imu/A1_JAKE/DAY5/DAY5_A1_JAKE_15330000/DAY5_A1_JAKE_15330000_left.npz"", ""sensor_vqa/raw/egolife/imu/A1_JAKE/DAY5/DAY5_A1_JAKE_15330000/DAY5_A1_JAKE_15330000_right.npz""]",,,,,0.0,,DAY5@15345000,"[""DAY1@17120006"", ""DAY1@17323207""]","[""imu"", ""rgb""]",true,true,true,ready
2.0,egolifeqa:egolifeqa-a1-jake-347,EgoLifeQA,benchmark,EgoLife,egolifeqa-a1-jake-347,EntityLog,When was the last time I used the shopping cart?,"[""Yesterday afternoon"", ""Last night"", ""The day before yesterday at noon"", ""The afternoon before yesterday""]",3,The afternoon before yesterday,public,"[""DAY5_A1_JAKE_15523000"", ""DAY3_A1_JAKE_17130000""]",egolifeqa:asset-565bf9c9791cf053,"[""egolifeqa:asset-565bf9c9791cf053"", ""egolifeqa:asset-337d98511c265479""]",2,2,sensor_vqa/raw/egolife/video/A1_JAKE/DAY5/DAY5_A1_JAKE_15523000.mp4,"",sensor_vqa/raw/egolife/imu/A1_JAKE/DAY5/DAY5_A1_JAKE_15523000/DAY5_A1_JAKE_15523000_left.npz,"[""sensor_vqa/raw/egolife/imu/A1_JAKE/DAY5/DAY5_A1_JAKE_15523000/DAY5_A1_JAKE_15523000_left.npz"", ""sensor_vqa/raw/egolife/imu/A1_JAKE/DAY5/DAY5_A1_JAKE_15523000/DAY5_A1_JAKE_15523000_right.npz""]",,,,,0.0,,DAY5@15524920,"[""DAY3@17131610""]","[""imu"", ""rgb""]",true,true,true,ready
2.0,egolifeqa:egolifeqa-a1-jake-348,EgoLifeQA,benchmark,EgoLife,egolifeqa-a1-jake-348,TaskMaster,What are we planning to buy?,"[""Wangzai Milk Yakult"", ""Wangzai Milk Fruit Beer"", ""Apple Wine"", ""Vita Watermelon""]",0,Wangzai Milk Yakult,public,"[""DAY5_A1_JAKE_15540000"", ""DAY5_A1_JAKE_15100000""]",egolifeqa:asset-7ed2478c1effcaa0,"[""egolifeqa:asset-7ed2478c1effcaa0"", ""egolifeqa:asset-28cf9b3800d58705""]",2,2,sensor_vqa/raw/egolife/video/A1_JAKE/DAY5/DAY5_A1_JAKE_15540000.mp4,"",sensor_vqa/raw/egolife/imu/A1_JAKE/DAY5/DAY5_A1_JAKE_15540000/DAY5_A1_JAKE_15540000_left.npz,"[""sensor_vqa/raw/egolife/imu/A1_JAKE/DAY5/DAY5_A1_JAKE_15540000/DAY5_A1_JAKE_15540000_left.npz"", ""sensor_vqa/raw/egolife/imu/A1_JAKE/DAY5/DAY5_A1_JAKE_15540000/DAY5_A1_JAKE_15540000_right.npz""]",,,,,0.0,,DAY5@15542204,"[""DAY5@15100407""]","[""imu"", ""rgb""]",true,true,true,ready
2.0,egolifeqa:egolifeqa-a1-jake-349,EgoLifeQA,benchmark,EgoLife,egolifeqa-a1-jake-349,EventRecall,"Now I'm standing in front of the freezer looking at drinks, what did I see the last time I was in front of the freezer?","[""Vegetables"", ""Durian"", ""Yogurt"", ""Strawberries""]",0,Vegetables,public,"[""DAY5_A1_JAKE_15553000"", ""DAY3_A1_JAKE_17100000""]",egolifeqa:asset-01e1d7dfd2e58f5c,"[""egolifeqa:asset-01e1d7dfd2e58f5c"", ""egolifeqa:asset-8eda6d1143e3e5d3""]",2,2,sensor_vqa/raw/egolife/video/A1_JAKE/DAY5/DAY5_A1_JAKE_15553000.mp4,"",sensor_vqa/raw/egolife/imu/A1_JAKE/DAY5/DAY5_A1_JAKE_15553000/DAY5_A1_JAKE_15553000_left.npz,"[""sensor_vqa/raw/egolife/imu/A1_JAKE/DAY5/DAY5_A1_JAKE_15553000/DAY5_A1_JAKE_15553000_left.npz"", ""sensor_vqa/raw/egolife/imu/A1_JAKE/DAY5/DAY5_A1_JAKE_15553000/DAY5_A1_JAKE_15553000_right.npz""]",,,,,0.0,,DAY5@15553008,"[""DAY3@17100710""]","[""imu"", ""rgb""]",true,true,true,ready
2.0,egolifeqa:egolifeqa-a1-jake-350,EgoLifeQA,benchmark,EgoLife,egolifeqa-a1-jake-350,EntityLog,When was the first time Choiszt saw the Erguotou he picked up?,"[""About three hours ago"", ""About two hours ago"", ""About ten minutes ago"", ""About four hours ago""]",0,About three hours ago,public,"[""DAY5_A1_JAKE_16023000"", ""DAY5_A1_JAKE_15540000""]",egolifeqa:asset-a6f65b0a6377e796,"[""egolifeqa:asset-a6f65b0a6377e796"", ""egolifeqa:asset-7ed2478c1effcaa0""]",2,2,sensor_vqa/raw/egolife/video/A1_JAKE/DAY5/DAY5_A1_JAKE_16023000.mp4,"",sensor_vqa/raw/egolife/imu/A1_JAKE/DAY5/DAY5_A1_JAKE_16023000/DAY5_A1_JAKE_16023000_left.npz,"[""sensor_vqa/raw/egolife/imu/A1_JAKE/DAY5/DAY5_A1_JAKE_16023000/DAY5_A1_JAKE_16023000_left.npz"", ""sensor_vqa/raw/egolife/imu/A1_JAKE/DAY5/DAY5_A1_JAKE_16023000/DAY5_A1_JAKE_16023000_right.npz""]",,,,,0.0,,DAY5@16025600,"[""DAY5@15542704""]","[""imu"", ""rgb""]",true,true,true,ready
2.0,egolifeqa:egolifeqa-a1-jake-351,EgoLifeQA,benchmark,EgoLife,egolifeqa-a1-jake-351,EventRecall,What were we doing the last time I noticed Katrina and Shure fell behind?,"[""Dancing"", ""Shopping"", ""Strolling in the Park"", ""Eating pizza""]",1,Shopping,public,"[""DAY5_A1_JAKE_16043000"", ""DAY1_A1_JAKE_17213000""]",egolifeqa:asset-d95cc6b812c3311f,"[""egolifeqa:asset-d95cc6b812c3311f"", ""egolifeqa:asset-02551e4e5c7ecbd7""]",2,2,sensor_vqa/raw/egolife/video/A1_JAKE/DAY5/DAY5_A1_JAKE_16043000.mp4,"",sensor_vqa/raw/egolife/imu/A1_JAKE/DAY5/DAY5_A1_JAKE_16043000/DAY5_A1_JAKE_16043000_left.npz,"[""sensor_vqa/raw/egolife/imu/A1_JAKE/DAY5/DAY5_A1_JAKE_16043000/DAY5_A1_JAKE_16043000_left.npz"", ""sensor_vqa/raw/egolife/imu/A1_JAKE/DAY5/DAY5_A1_JAKE_16043000/DAY5_A1_JAKE_16043000_right.npz""]",,,,,0.0,,DAY5@16043910,"[""DAY1@17215314""]","[""imu"", ""rgb""]",true,true,true,ready
2.0,egolifeqa:egolifeqa-a1-jake-352,EgoLifeQA,benchmark,EgoLife,egolifeqa-a1-jake-352,RelationMap,Who joined the shopping trip this time compared to last time?,"[""Choiszt and Nicous"", ""Katrina and Shure"", ""Choiszt and Alice"", ""Violet and Alice""]",0,Choiszt and Nicous,public,"[""DAY5_A1_JAKE_16050000"", ""DAY3_A1_JAKE_16413000""]",egolifeqa:asset-74c88c82e60dfa37,"[""egolifeqa:asset-74c88c82e60dfa37"", ""egolifeqa:asset-66c7aec5fb8a7b59""]",2,2,sensor_vqa/raw/egolife/video/A1_JAKE/DAY5/DAY5_A1_JAKE_16050000.mp4,"",sensor_vqa/raw/egolife/imu/A1_JAKE/DAY5/DAY5_A1_JAKE_16050000/DAY5_A1_JAKE_16050000_left.npz,"[""sensor_vqa/raw/egolife/imu/A1_JAKE/DAY5/DAY5_A1_JAKE_16050000/DAY5_A1_JAKE_16050000_left.npz"", ""sensor_vqa/raw/egolife/imu/A1_JAKE/DAY5/DAY5_A1_JAKE_16050000/DAY5_A1_JAKE_16050000_right.npz""]",,,,,0.0,,DAY5@16052304,"[""DAY3@16413810""]","[""imu"", ""rgb""]",true,true,true,ready
2.0,egolifeqa:egolifeqa-a1-jake-353,EgoLifeQA,benchmark,EgoLife,egolifeqa-a1-jake-353,RelationMap,Who is missing from this shopping trip compared to the last one?,"[""Tasha and Alice"", ""Katrina and Tasha"", ""Violet and Alice"", ""Choiszt and Alice""]",2,Violet and Alice,public,"[""DAY5_A1_JAKE_16053000"", ""DAY3_A1_JAKE_16413000""]",egolifeqa:asset-c226a1c10121fb7e,"[""egolifeqa:asset-c226a1c10121fb7e"", ""egolifeqa:asset-66c7aec5fb8a7b59""]",2,2,sensor_vqa/raw/egolife/video/A1_JAKE/DAY5/DAY5_A1_JAKE_16053000.mp4,"",sensor_vqa/raw/egolife/imu/A1_JAKE/DAY5/DAY5_A1_JAKE_16053000/DAY5_A1_JAKE_16053000_left.npz,"[""sensor_vqa/raw/egolife/imu/A1_JAKE/DAY5/DAY5_A1_JAKE_16053000/DAY5_A1_JAKE_16053000_left.npz"", ""sensor_vqa/raw/egolife/imu/A1_JAKE/DAY5/DAY5_A1_JAKE_16053000/DAY5_A1_JAKE_16053000_right.npz""]",,,,,0.0,,DAY5@16054304,"[""DAY3@16413810""]","[""imu"", ""rgb""]",true,true,true,ready
2.0,egolifeqa:egolifeqa-a1-jake-354,EgoLifeQA,benchmark,EgoLife,egolifeqa-a1-jake-354,RelationMap,Who was I with the last time I stood on the escalator in the supermarket?,"[""Choiszt and Shure"", ""Nicous and Choiszt"", ""Alice and Violet"", ""Tasha and Shure""]",3,Tasha and Shure,public,"[""DAY5_A1_JAKE_16060000"", ""DAY3_A1_JAKE_17140000""]",egolifeqa:asset-68de1db677f6cecf,"[""egolifeqa:asset-68de1db677f6cecf"", ""egolifeqa:asset-9e4a2e3e8d7010f9""]",2,2,sensor_vqa/raw/egolife/video/A1_JAKE/DAY5/DAY5_A1_JAKE_16060000.mp4,"",sensor_vqa/raw/egolife/imu/A1_JAKE/DAY5/DAY5_A1_JAKE_16060000/DAY5_A1_JAKE_16060000_left.npz,"[""sensor_vqa/raw/egolife/imu/A1_JAKE/DAY5/DAY5_A1_JAKE_16060000/DAY5_A1_JAKE_16060000_left.npz"", ""sensor_vqa/raw/egolife/imu/A1_JAKE/DAY5/DAY5_A1_JAKE_16060000/DAY5_A1_JAKE_16060000_right.npz""]",,,,,0.0,,DAY5@16062618,"[""DAY3@17142510""]","[""imu"", ""rgb""]",true,true,true,ready
2.0,egolifeqa:egolifeqa-a1-jake-355,EgoLifeQA,benchmark,EgoLife,egolifeqa-a1-jake-355,TaskMaster,What fruit are we planning to buy?,"[""Blueberries"", ""Watermelon"", ""Pineapple"", ""Mango""]",0,Blueberries,public,"[""DAY5_A1_JAKE_16080000"", ""DAY5_A1_JAKE_15103000""]",egolifeqa:asset-4d8c6cfd9238785e,"[""egolifeqa:asset-4d8c6cfd9238785e"", ""egolifeqa:asset-4050ceb95eb4c693""]",2,2,sensor_vqa/raw/egolife/video/A1_JAKE/DAY5/DAY5_A1_JAKE_16080000.mp4,"",sensor_vqa/raw/egolife/imu/A1_JAKE/DAY5/DAY5_A1_JAKE_16080000/DAY5_A1_JAKE_16080000_left.npz,"[""sensor_vqa/raw/egolife/imu/A1_JAKE/DAY5/DAY5_A1_JAKE_16080000/DAY5_A1_JAKE_16080000_left.npz"", ""sensor_vqa/raw/egolife/imu/A1_JAKE/DAY5/DAY5_A1_JAKE_16080000/DAY5_A1_JAKE_16080000_right.npz""]",,,,,0.0,,DAY5@16080504,"[""DAY5@15105507""]","[""imu"", ""rgb""]",true,true,true,ready
2.0,egolifeqa:egolifeqa-a1-jake-356,EgoLifeQA,benchmark,EgoLife,egolifeqa-a1-jake-356,EntityLog,When was the last time I bought fruit in the fruit area?,"[""Yesterday afternoon"", ""The afternoon before yesterday"", ""The day before yesterday at noon"", ""Last night""]",1,The afternoon before yesterday,public,"[""DAY5_A1_JAKE_16080000"", ""DAY3_A1_JAKE_16493000""]",egolifeqa:asset-4d8c6cfd9238785e,"[""egolifeqa:asset-4d8c6cfd9238785e"", ""egolifeqa:asset-bce994a31e5bbe09""]",2,2,sensor_vqa/raw/egolife/video/A1_JAKE/DAY5/DAY5_A1_JAKE_16080000.mp4,"",sensor_vqa/raw/egolife/imu/A1_JAKE/DAY5/DAY5_A1_JAKE_16080000/DAY5_A1_JAKE_16080000_left.npz,"[""sensor_vqa/raw/egolife/imu/A1_JAKE/DAY5/DAY5_A1_JAKE_16080000/DAY5_A1_JAKE_16080000_left.npz"", ""sensor_vqa/raw/egolife/imu/A1_JAKE/DAY5/DAY5_A1_JAKE_16080000/DAY5_A1_JAKE_16080000_right.npz""]",,,,,0.0,,DAY5@16081917,"[""DAY3@16494010""]","[""imu"", ""rgb""]",true,true,true,ready
2.0,egolifeqa:egolifeqa-a1-jake-357,EgoLifeQA,benchmark,EgoLife,egolifeqa-a1-jake-357,HabitInsight,Who do I usually shop with?,"[""Alice"", ""Tasha"", ""Shure"", ""Lucia""]",1,Tasha,public,"[""DAY5_A1_JAKE_16103000"", ""DAY1_A1_JAKE_17320000""]",egolifeqa:asset-184b91e935183580,"[""egolifeqa:asset-184b91e935183580"", ""egolifeqa:asset-b2fd888a2de6a509""]",2,2,sensor_vqa/raw/egolife/video/A1_JAKE/DAY5/DAY5_A1_JAKE_16103000.mp4,"",sensor_vqa/raw/egolife/imu/A1_JAKE/DAY5/DAY5_A1_JAKE_16103000/DAY5_A1_JAKE_16103000_left.npz,"[""sensor_vqa/raw/egolife/imu/A1_JAKE/DAY5/DAY5_A1_JAKE_16103000/DAY5_A1_JAKE_16103000_left.npz"", ""sensor_vqa/raw/egolife/imu/A1_JAKE/DAY5/DAY5_A1_JAKE_16103000/DAY5_A1_JAKE_16103000_right.npz""]",,,,,0.0,,DAY5@16103904,"[""DAY1@17320116""]","[""imu"", ""rgb""]",true,true,true,ready
2.0,egolifeqa:egolifeqa-a1-jake-358,EgoLifeQA,benchmark,EgoLife,egolifeqa-a1-jake-358,RelationMap,Who helped Alice find the preserved egg on the first day,"[""Katrina"", ""Tasha"", ""Lucia"", ""Me""]",1,Tasha,public,"[""DAY5_A1_JAKE_16110000"", ""DAY1_A1_JAKE_19420000""]",egolifeqa:asset-9a5b3bb607050fc9,"[""egolifeqa:asset-9a5b3bb607050fc9"", ""egolifeqa:asset-cb86586bdeab61ea""]",2,2,sensor_vqa/raw/egolife/video/A1_JAKE/DAY5/DAY5_A1_JAKE_16110000.mp4,"",sensor_vqa/raw/egolife/imu/A1_JAKE/DAY5/DAY5_A1_JAKE_16110000/DAY5_A1_JAKE_16110000_left.npz,"[""sensor_vqa/raw/egolife/imu/A1_JAKE/DAY5/DAY5_A1_JAKE_16110000/DAY5_A1_JAKE_16110000_left.npz"", ""sensor_vqa/raw/egolife/imu/A1_JAKE/DAY5/DAY5_A1_JAKE_16110000/DAY5_A1_JAKE_16110000_right.npz""]",,,,,0.0,,DAY5@16110320,"[""DAY1@19422006""]","[""imu"", ""rgb""]",true,true,true,ready
2.0,egolifeqa:egolifeqa-a1-jake-359,EgoLifeQA,benchmark,EgoLife,egolifeqa-a1-jake-359,EntityLog,When was the last time we bought eggs?,"[""Last night"", ""The day before yesterday at noon"", ""The afternoon before yesterday"", ""Yesterday afternoon""]",2,The afternoon before yesterday,public,"[""DAY5_A1_JAKE_16110000"", ""DAY3_A1_JAKE_16440000""]",egolifeqa:asset-9a5b3bb607050fc9,"[""egolifeqa:asset-9a5b3bb607050fc9"", ""egolifeqa:asset-1b3fae3ce789472f""]",2,2,sensor_vqa/raw/egolife/video/A1_JAKE/DAY5/DAY5_A1_JAKE_16110000.mp4,"",sensor_vqa/raw/egolife/imu/A1_JAKE/DAY5/DAY5_A1_JAKE_16110000/DAY5_A1_JAKE_16110000_left.npz,"[""sensor_vqa/raw/egolife/imu/A1_JAKE/DAY5/DAY5_A1_JAKE_16110000/DAY5_A1_JAKE_16110000_left.npz"", ""sensor_vqa/raw/egolife/imu/A1_JAKE/DAY5/DAY5_A1_JAKE_16110000/DAY5_A1_JAKE_16110000_right.npz""]",,,,,0.0,,DAY5@16111303,"[""DAY3@16441610""]","[""imu"", ""rgb""]",true,true,true,ready
2.0,egolifeqa:egolifeqa-a1-jake-360,EgoLifeQA,benchmark,EgoLife,egolifeqa-a1-jake-360,RelationMap,Who was next to me the last time I was taste-testing something?,"[""Alice and Violet"", ""Lucia and Nicous"", ""Shure and Choiszt"", ""Tasha and Alice""]",3,Tasha and Alice,public,"[""DAY5_A1_JAKE_16143000"", ""DAY3_A1_JAKE_16583000""]",egolifeqa:asset-6674132a76c82b29,"[""egolifeqa:asset-6674132a76c82b29"", ""egolifeqa:asset-b36e2b47169c4402""]",2,2,sensor_vqa/raw/egolife/video/A1_JAKE/DAY5/DAY5_A1_JAKE_16143000.mp4,"",sensor_vqa/raw/egolife/imu/A1_JAKE/DAY5/DAY5_A1_JAKE_16143000/DAY5_A1_JAKE_16143000_left.npz,"[""sensor_vqa/raw/egolife/imu/A1_JAKE/DAY5/DAY5_A1_JAKE_16143000/DAY5_A1_JAKE_16143000_left.npz"", ""sensor_vqa/raw/egolife/imu/A1_JAKE/DAY5/DAY5_A1_JAKE_16143000/DAY5_A1_JAKE_16143000_right.npz""]",,,,,0.0,,DAY5@16145504,"[""DAY3@16585610""]","[""imu"", ""rgb""]",true,true,true,ready
2.0,egolifeqa:egolifeqa-a1-jake-361,EgoLifeQA,benchmark,EgoLife,egolifeqa-a1-jake-361,RelationMap,Who was I with the last time we shopped separately?,"[""Shure and Lucia"", ""Katrina and Choiszt"", ""Alice and Lucia"", ""Alice and Tasha""]",3,Alice and Tasha,public,"[""DAY5_A1_JAKE_16240000"", ""DAY1_A1_JAKE_17243000""]",egolifeqa:asset-a0d73a1add116e9d,"[""egolifeqa:asset-a0d73a1add116e9d"", ""egolifeqa:asset-7dd70e6718f65c16""]",2,2,sensor_vqa/raw/egolife/video/A1_JAKE/DAY5/DAY5_A1_JAKE_16240000.mp4,"",sensor_vqa/raw/egolife/imu/A1_JAKE/DAY5/DAY5_A1_JAKE_16240000/DAY5_A1_JAKE_16240000_left.npz,"[""sensor_vqa/raw/egolife/imu/A1_JAKE/DAY5/DAY5_A1_JAKE_16240000/DAY5_A1_JAKE_16240000_left.npz"", ""sensor_vqa/raw/egolife/imu/A1_JAKE/DAY5/DAY5_A1_JAKE_16240000/DAY5_A1_JAKE_16240000_right.npz""]",,,,,0.0,,DAY5@16241004,"[""DAY1@17244516""]","[""imu"", ""rgb""]",true,true,true,ready
2.0,egolifeqa:egolifeqa-a1-jake-362,EgoLifeQA,benchmark,EgoLife,egolifeqa-a1-jake-362,EventRecall,What did I put back on the shelf the last time I was at the supermarket?,"[""Bananas"", ""Blueberries"", ""Pineapples"", ""Strawberries""]",1,Blueberries,public,"[""DAY5_A1_JAKE_16283000"", ""DAY5_A1_JAKE_16083000""]",egolifeqa:asset-0968bfa5b668e1d1,"[""egolifeqa:asset-0968bfa5b668e1d1"", ""egolifeqa:asset-402271a6e43f4b3e""]",2,2,sensor_vqa/raw/egolife/video/A1_JAKE/DAY5/DAY5_A1_JAKE_16283000.mp4,"",sensor_vqa/raw/egolife/imu/A1_JAKE/DAY5/DAY5_A1_JAKE_16283000/DAY5_A1_JAKE_16283000_left.npz,"[""sensor_vqa/raw/egolife/imu/A1_JAKE/DAY5/DAY5_A1_JAKE_16283000/DAY5_A1_JAKE_16283000_left.npz"", ""sensor_vqa/raw/egolife/imu/A1_JAKE/DAY5/DAY5_A1_JAKE_16283000/DAY5_A1_JAKE_16283000_right.npz""]",,,,,0.0,,DAY5@16284717,"[""DAY5@16083104""]","[""imu"", ""rgb""]",true,true,true,ready
2.0,egolifeqa:egolifeqa-a1-jake-363,EgoLifeQA,benchmark,EgoLife,egolifeqa-a1-jake-363,HabitInsight,What does Lucia like to drink?,"[""Fenjiu"", ""Vodka"", ""Rum"", ""Tequila""]",3,Tequila,public,"[""DAY5_A1_JAKE_16290000"", ""DAY1_A1_JAKE_13493000""]",egolifeqa:asset-551a44e78f61a2cd,"[""egolifeqa:asset-551a44e78f61a2cd"", ""egolifeqa:asset-79bb4c6220b6d7a0""]",2,2,sensor_vqa/raw/egolife/video/A1_JAKE/DAY5/DAY5_A1_JAKE_16290000.mp4,"",sensor_vqa/raw/egolife/imu/A1_JAKE/DAY5/DAY5_A1_JAKE_16290000/DAY5_A1_JAKE_16290000_left.npz,"[""sensor_vqa/raw/egolife/imu/A1_JAKE/DAY5/DAY5_A1_JAKE_16290000/DAY5_A1_JAKE_16290000_left.npz"", ""sensor_vqa/raw/egolife/imu/A1_JAKE/DAY5/DAY5_A1_JAKE_16290000/DAY5_A1_JAKE_16290000_right.npz""]",,,,,0.0,,DAY5@16292604,"[""DAY1@13495806""]","[""imu"", ""rgb""]",true,true,true,ready
2.0,egolifeqa:egolifeqa-a1-jake-364,EgoLifeQA,benchmark,EgoLife,egolifeqa-a1-jake-364,EntityLog,Who picked the drinks?,"[""Shure"", ""Me"", ""Choiszt"", ""Lucia""]",2,Choiszt,public,"[""DAY5_A1_JAKE_16323000"", ""DAY5_A1_JAKE_16033000""]",egolifeqa:asset-dd7baafe9b4d3455,"[""egolifeqa:asset-dd7baafe9b4d3455"", ""egolifeqa:asset-1b547095bd7cd3c9""]",2,2,sensor_vqa/raw/egolife/video/A1_JAKE/DAY5/DAY5_A1_JAKE_16323000.mp4,"",sensor_vqa/raw/egolife/imu/A1_JAKE/DAY5/DAY5_A1_JAKE_16323000/DAY5_A1_JAKE_16323000_left.npz,"[""sensor_vqa/raw/egolife/imu/A1_JAKE/DAY5/DAY5_A1_JAKE_16323000/DAY5_A1_JAKE_16323000_left.npz"", ""sensor_vqa/raw/egolife/imu/A1_JAKE/DAY5/DAY5_A1_JAKE_16323000/DAY5_A1_JAKE_16323000_right.npz""]",,,,,0.0,,DAY5@16325008,"[""DAY5@16034804""]","[""imu"", ""rgb""]",true,true,true,ready
2.0,egolifeqa:egolifeqa-a1-jake-365,EgoLifeQA,benchmark,EgoLife,egolifeqa-a1-jake-365,HabitInsight,What do I buy every time I shop?,"[""Bread"", ""Eggs"", ""Meat"", ""Fruits""]",3,Fruits,public,"[""DAY5_A1_JAKE_16330000"", ""DAY1_A1_JAKE_17220000""]",egolifeqa:asset-bbc7c6af9e954d92,"[""egolifeqa:asset-bbc7c6af9e954d92"", ""egolifeqa:asset-cbb78ecd5ec155ad""]",2,2,sensor_vqa/raw/egolife/video/A1_JAKE/DAY5/DAY5_A1_JAKE_16330000.mp4,"",sensor_vqa/raw/egolife/imu/A1_JAKE/DAY5/DAY5_A1_JAKE_16330000/DAY5_A1_JAKE_16330000_left.npz,"[""sensor_vqa/raw/egolife/imu/A1_JAKE/DAY5/DAY5_A1_JAKE_16330000/DAY5_A1_JAKE_16330000_left.npz"", ""sensor_vqa/raw/egolife/imu/A1_JAKE/DAY5/DAY5_A1_JAKE_16330000/DAY5_A1_JAKE_16330000_right.npz""]",,,,,0.0,,DAY5@16332904,"[""DAY1@17220816""]","[""imu"", ""rgb""]",true,true,true,ready
2.0,egolifeqa:egolifeqa-a1-jake-366,EgoLifeQA,benchmark,EgoLife,egolifeqa-a1-jake-366,EntityLog,When was the last time I used the ride-hailing app?,"[""Today at noon"", ""Yesterday afternoon"", ""Last night"", ""The afternoon before yesterday""]",3,The afternoon before yesterday,public,"[""DAY5_A1_JAKE_16383000"", ""DAY3_A1_JAKE_17290000""]",egolifeqa:asset-7ecdda75cf18d0b3,"[""egolifeqa:asset-7ecdda75cf18d0b3"", ""egolifeqa:asset-3932d6990ab2b17e""]",2,2,sensor_vqa/raw/egolife/video/A1_JAKE/DAY5/DAY5_A1_JAKE_16383000.mp4,"",sensor_vqa/raw/egolife/imu/A1_JAKE/DAY5/DAY5_A1_JAKE_16383000/DAY5_A1_JAKE_16383000_left.npz,"[""sensor_vqa/raw/egolife/imu/A1_JAKE/DAY5/DAY5_A1_JAKE_16383000/DAY5_A1_JAKE_16383000_left.npz"", ""sensor_vqa/raw/egolife/imu/A1_JAKE/DAY5/DAY5_A1_JAKE_16383000/DAY5_A1_JAKE_16383000_right.npz""]",,,,,0.0,,DAY5@16383108,"[""DAY3@17290702""]","[""imu"", ""rgb""]",true,true,true,ready
2.0,egolifeqa:egolifeqa-a1-jake-367,EgoLifeQA,benchmark,EgoLife,egolifeqa-a1-jake-367,EntityLog,When did Jack take the drink in his hand?,"[""About an hour ago"", ""About four hours ago"", ""About six hours ago"", ""About eight hours ago""]",0,About an hour ago,public,"[""DAY5_A1_JAKE_16403000"", ""DAY5_A1_JAKE_15550000""]",egolifeqa:asset-34c699ef2cdc52f7,"[""egolifeqa:asset-34c699ef2cdc52f7"", ""egolifeqa:asset-6bd36147a367e7ea""]",2,2,sensor_vqa/raw/egolife/video/A1_JAKE/DAY5/DAY5_A1_JAKE_16403000.mp4,"",sensor_vqa/raw/egolife/imu/A1_JAKE/DAY5/DAY5_A1_JAKE_16403000/DAY5_A1_JAKE_16403000_left.npz,"[""sensor_vqa/raw/egolife/imu/A1_JAKE/DAY5/DAY5_A1_JAKE_16403000/DAY5_A1_JAKE_16403000_left.npz"", ""sensor_vqa/raw/egolife/imu/A1_JAKE/DAY5/DAY5_A1_JAKE_16403000/DAY5_A1_JAKE_16403000_right.npz""]",,,,,0.0,,DAY5@16403411,"[""DAY5@15551404""]","[""imu"", ""rgb""]",true,true,true,ready
2.0,egolifeqa:egolifeqa-a1-jake-368,EgoLifeQA,benchmark,EgoLife,egolifeqa-a1-jake-368,RelationMap,Who else was in the car with Tasha and Lucia last time?,"[""Alice and Shure"", ""Katrina and Nicous"", ""Shure and Choiszt"", ""Alice and Violet""]",0,Alice and Shure,public,"[""DAY5_A1_JAKE_16413000"", ""DAY3_A1_JAKE_18050000""]",egolifeqa:asset-40bf54e2c7d8b61e,"[""egolifeqa:asset-40bf54e2c7d8b61e"", ""egolifeqa:asset-633e1b2a4a05a752""]",2,2,sensor_vqa/raw/egolife/video/A1_JAKE/DAY5/DAY5_A1_JAKE_16413000.mp4,"",sensor_vqa/raw/egolife/imu/A1_JAKE/DAY5/DAY5_A1_JAKE_16413000/DAY5_A1_JAKE_16413000_left.npz,"[""sensor_vqa/raw/egolife/imu/A1_JAKE/DAY5/DAY5_A1_JAKE_16413000/DAY5_A1_JAKE_16413000_left.npz"", ""sensor_vqa/raw/egolife/imu/A1_JAKE/DAY5/DAY5_A1_JAKE_16413000/DAY5_A1_JAKE_16413000_right.npz""]",,,,,0.0,,DAY5@16414404,"[""DAY3@18050610""]","[""imu"", ""rgb""]",true,true,true,ready
2.0,egolifeqa:egolifeqa-a1-jake-369,EgoLifeQA,benchmark,EgoLife,egolifeqa-a1-jake-369,HabitInsight,How do we get home after shopping?,"[""Walk"", ""Take a taxi"", ""Ride a bicycle"", ""Take a bus""]",1,Take a taxi,public,"[""DAY5_A1_JAKE_16413000"", ""DAY1_A1_JAKE_19024118""]",egolifeqa:asset-40bf54e2c7d8b61e,"[""egolifeqa:asset-40bf54e2c7d8b61e"", ""egolifeqa:asset-06a26f3fd1f0ee9c""]",2,2,sensor_vqa/raw/egolife/video/A1_JAKE/DAY5/DAY5_A1_JAKE_16413000.mp4,"",sensor_vqa/raw/egolife/imu/A1_JAKE/DAY5/DAY5_A1_JAKE_16413000/DAY5_A1_JAKE_16413000_left.npz,"[""sensor_vqa/raw/egolife/imu/A1_JAKE/DAY5/DAY5_A1_JAKE_16413000/DAY5_A1_JAKE_16413000_left.npz"", ""sensor_vqa/raw/egolife/imu/A1_JAKE/DAY5/DAY5_A1_JAKE_16413000/DAY5_A1_JAKE_16413000_right.npz""]",,,,,0.0,,DAY5@16414404,"[""DAY1@19024218""]","[""imu"", ""rgb""]",true,true,true,ready
2.0,egolifeqa:egolifeqa-a1-jake-370,EgoLifeQA,benchmark,EgoLife,egolifeqa-a1-jake-370,RelationMap,Who was next to me the last time I got in the car?,"[""Katrina"", ""Lucia"", ""Shure"", ""Alice""]",2,Shure,public,"[""DAY5_A1_JAKE_16413000"", ""DAY3_A1_JAKE_18020000""]",egolifeqa:asset-40bf54e2c7d8b61e,"[""egolifeqa:asset-40bf54e2c7d8b61e"", ""egolifeqa:asset-9649a141daf2a728""]",2,2,sensor_vqa/raw/egolife/video/A1_JAKE/DAY5/DAY5_A1_JAKE_16413000.mp4,"",sensor_vqa/raw/egolife/imu/A1_JAKE/DAY5/DAY5_A1_JAKE_16413000/DAY5_A1_JAKE_16413000_left.npz,"[""sensor_vqa/raw/egolife/imu/A1_JAKE/DAY5/DAY5_A1_JAKE_16413000/DAY5_A1_JAKE_16413000_left.npz"", ""sensor_vqa/raw/egolife/imu/A1_JAKE/DAY5/DAY5_A1_JAKE_16413000/DAY5_A1_JAKE_16413000_right.npz""]",,,,,0.0,,DAY5@16415904,"[""DAY3@18022110""]","[""imu"", ""rgb""]",true,true,true,ready
2.0,egolifeqa:egolifeqa-a1-jake-371,EgoLifeQA,benchmark,EgoLife,egolifeqa-a1-jake-371,TaskMaster,What do we plan to eat today?,"[""Pizza"", ""Burger"", ""Barbecue"", ""Fire Burn""]",3,Fire Burn,public,"[""DAY5_A1_JAKE_18023000"", ""DAY5_A1_JAKE_11140000""]",egolifeqa:asset-6edbd5ac64e854f3,"[""egolifeqa:asset-6edbd5ac64e854f3"", ""egolifeqa:asset-c3625b95a1eb4cb5""]",2,2,sensor_vqa/raw/egolife/video/A1_JAKE/DAY5/DAY5_A1_JAKE_18023000.mp4,"",sensor_vqa/raw/egolife/imu/A1_JAKE/DAY5/DAY5_A1_JAKE_18023000/DAY5_A1_JAKE_18023000_left.npz,"[""sensor_vqa/raw/egolife/imu/A1_JAKE/DAY5/DAY5_A1_JAKE_18023000/DAY5_A1_JAKE_18023000_left.npz"", ""sensor_vqa/raw/egolife/imu/A1_JAKE/DAY5/DAY5_A1_JAKE_18023000/DAY5_A1_JAKE_18023000_right.npz""]",,,,,0.0,,DAY5@18025517,"[""DAY5@11141206""]","[""imu"", ""rgb""]",true,true,true,ready
2.0,egolifeqa:egolifeqa-a1-jake-372,EgoLifeQA,benchmark,EgoLife,egolifeqa-a1-jake-372,EntityLog,Who was washing dishes in the kitchen last time?,"[""Lucia"", ""Me"", ""Alice"", ""Shure""]",1,Me,public,"[""DAY5_A1_JAKE_18043000"", ""DAY5_A1_JAKE_11513000""]",egolifeqa:asset-ba33a2701653511f,"[""egolifeqa:asset-ba33a2701653511f"", ""egolifeqa:asset-31ed455a57d21f6e""]",2,2,sensor_vqa/raw/egolife/video/A1_JAKE/DAY5/DAY5_A1_JAKE_18043000.mp4,"",sensor_vqa/raw/egolife/imu/A1_JAKE/DAY5/DAY5_A1_JAKE_18043000/DAY5_A1_JAKE_18043000_left.npz,"[""sensor_vqa/raw/egolife/imu/A1_JAKE/DAY5/DAY5_A1_JAKE_18043000/DAY5_A1_JAKE_18043000_left.npz"", ""sensor_vqa/raw/egolife/imu/A1_JAKE/DAY5/DAY5_A1_JAKE_18043000/DAY5_A1_JAKE_18043000_right.npz""]",,,,,0.0,,DAY5@18044216,"[""DAY5@11513500""]","[""imu"", ""rgb""]",true,true,true,ready
2.0,egolifeqa:egolifeqa-a1-jake-373,EgoLifeQA,benchmark,EgoLife,egolifeqa-a1-jake-373,EntityLog,When was the red refrigerator last opened?,"[""This morning"", ""Yesterday afternoon"", ""This afternoon"", ""This afternoon""]",2,This afternoon,public,"[""DAY5_A1_JAKE_18043000"", ""DAY5_A1_JAKE_12113000""]",egolifeqa:asset-ba33a2701653511f,"[""egolifeqa:asset-ba33a2701653511f"", ""egolifeqa:asset-1f60364fd9b342c2""]",2,2,sensor_vqa/raw/egolife/video/A1_JAKE/DAY5/DAY5_A1_JAKE_18043000.mp4,"",sensor_vqa/raw/egolife/imu/A1_JAKE/DAY5/DAY5_A1_JAKE_18043000/DAY5_A1_JAKE_18043000_left.npz,"[""sensor_vqa/raw/egolife/imu/A1_JAKE/DAY5/DAY5_A1_JAKE_18043000/DAY5_A1_JAKE_18043000_left.npz"", ""sensor_vqa/raw/egolife/imu/A1_JAKE/DAY5/DAY5_A1_JAKE_18043000/DAY5_A1_JAKE_18043000_right.npz""]",,,,,0.0,,DAY5@18045101,"[""DAY5@12114800""]","[""imu"", ""rgb""]",true,true,true,ready
2.0,egolifeqa:egolifeqa-a1-jake-374,EgoLifeQA,benchmark,EgoLife,egolifeqa-a1-jake-374,EntityLog,When was the last time the microwave in the kitchen was used?,"[""The night before yesterday"", ""Yesterday afternoon"", ""The day before yesterday at noon"", ""Last night""]",2,The day before yesterday at noon,public,"[""DAY5_A1_JAKE_18043000"", ""DAY3_A1_JAKE_12180000""]",egolifeqa:asset-ba33a2701653511f,"[""egolifeqa:asset-ba33a2701653511f"", ""egolifeqa:asset-7fee85a0ab2454c8""]",2,2,sensor_vqa/raw/egolife/video/A1_JAKE/DAY5/DAY5_A1_JAKE_18043000.mp4,"",sensor_vqa/raw/egolife/imu/A1_JAKE/DAY5/DAY5_A1_JAKE_18043000/DAY5_A1_JAKE_18043000_left.npz,"[""sensor_vqa/raw/egolife/imu/A1_JAKE/DAY5/DAY5_A1_JAKE_18043000/DAY5_A1_JAKE_18043000_left.npz"", ""sensor_vqa/raw/egolife/imu/A1_JAKE/DAY5/DAY5_A1_JAKE_18043000/DAY5_A1_JAKE_18043000_right.npz""]",,,,,0.0,,DAY5@18045716,"[""DAY3@12182902""]","[""imu"", ""rgb""]",true,true,true,ready
2.0,egolifeqa:egolifeqa-a1-jake-375,EgoLifeQA,benchmark,EgoLife,egolifeqa-a1-jake-375,EntityLog,Who bought the carton of eggs in the fridge?,"[""Alice"", ""Nicous"", ""Tasha"", ""Me""]",2,Tasha,public,"[""DAY5_A1_JAKE_18093000"", ""DAY3_A1_JAKE_16440000""]",egolifeqa:asset-b98fdad09d9d6fc4,"[""egolifeqa:asset-b98fdad09d9d6fc4"", ""egolifeqa:asset-1b3fae3ce789472f""]",2,2,sensor_vqa/raw/egolife/video/A1_JAKE/DAY5/DAY5_A1_JAKE_18093000.mp4,"",sensor_vqa/raw/egolife/imu/A1_JAKE/DAY5/DAY5_A1_JAKE_18093000/DAY5_A1_JAKE_18093000_left.npz,"[""sensor_vqa/raw/egolife/imu/A1_JAKE/DAY5/DAY5_A1_JAKE_18093000/DAY5_A1_JAKE_18093000_left.npz"", ""sensor_vqa/raw/egolife/imu/A1_JAKE/DAY5/DAY5_A1_JAKE_18093000/DAY5_A1_JAKE_18093000_right.npz""]",,,,,0.0,,DAY5@18094007,"[""DAY3@16441610""]","[""imu"", ""rgb""]",true,true,true,ready
2.0,egolifeqa:egolifeqa-a1-jake-376,EgoLifeQA,benchmark,EgoLife,egolifeqa-a1-jake-376,EntityLog,Who used the whisk last?,"[""Alice"", ""Me"", ""Shure"", ""Lucia""]",1,Me,public,"[""DAY5_A1_JAKE_18100000"", ""DAY4_A1_JAKE_11540000""]",egolifeqa:asset-45eeccec04b2f419,"[""egolifeqa:asset-45eeccec04b2f419"", ""egolifeqa:asset-93030ead4f67a2ac""]",2,2,sensor_vqa/raw/egolife/video/A1_JAKE/DAY5/DAY5_A1_JAKE_18100000.mp4,"",sensor_vqa/raw/egolife/imu/A1_JAKE/DAY5/DAY5_A1_JAKE_18100000/DAY5_A1_JAKE_18100000_left.npz,"[""sensor_vqa/raw/egolife/imu/A1_JAKE/DAY5/DAY5_A1_JAKE_18100000/DAY5_A1_JAKE_18100000_left.npz"", ""sensor_vqa/raw/egolife/imu/A1_JAKE/DAY5/DAY5_A1_JAKE_18100000/DAY5_A1_JAKE_18100000_right.npz""]",,,,,0.0,,DAY5@18102701,"[""DAY4@11542100""]","[""imu"", ""rgb""]",true,true,true,ready
2.0,egolifeqa:egolifeqa-a1-jake-377,EgoLifeQA,benchmark,EgoLife,egolifeqa-a1-jake-377,EntityLog,When was the last time the grill in the yard was used?,"[""Last night"", ""The day before yesterday at noon"", ""Yesterday afternoon"", ""The night before yesterday""]",3,The night before yesterday,public,"[""DAY5_A1_JAKE_18303000"", ""DAY3_A1_JAKE_21223000""]",egolifeqa:asset-b2b5e7f91aeca7eb,"[""egolifeqa:asset-b2b5e7f91aeca7eb"", ""egolifeqa:asset-4bfef9aaf9e2d91a""]",2,2,sensor_vqa/raw/egolife/video/A1_JAKE/DAY5/DAY5_A1_JAKE_18303000.mp4,"",sensor_vqa/raw/egolife/imu/A1_JAKE/DAY5/DAY5_A1_JAKE_18303000/DAY5_A1_JAKE_18303000_left.npz,"[""sensor_vqa/raw/egolife/imu/A1_JAKE/DAY5/DAY5_A1_JAKE_18303000/DAY5_A1_JAKE_18303000_left.npz"", ""sensor_vqa/raw/egolife/imu/A1_JAKE/DAY5/DAY5_A1_JAKE_18303000/DAY5_A1_JAKE_18303000_right.npz""]",,,,,0.0,,DAY5@18303001,"[""DAY3@21224402""]","[""imu"", ""rgb""]",true,true,true,ready
2.0,egolifeqa:egolifeqa-a1-jake-378,EgoLifeQA,benchmark,EgoLife,egolifeqa-a1-jake-378,EntityLog,When was the last time a package arrived that Alice was organizing?,"[""About two hours ago"", ""About two days ago"", ""1 day 6 hours ago"", ""About four hours ago""]",2,1 day 6 hours ago,public,"[""DAY5_A1_JAKE_18333000"", ""DAY4_A1_JAKE_12163000""]",egolifeqa:asset-cb727f2deb198767,"[""egolifeqa:asset-cb727f2deb198767"", ""egolifeqa:asset-915c395af74c702a""]",2,2,sensor_vqa/raw/egolife/video/A1_JAKE/DAY5/DAY5_A1_JAKE_18333000.mp4,"",sensor_vqa/raw/egolife/imu/A1_JAKE/DAY5/DAY5_A1_JAKE_18333000/DAY5_A1_JAKE_18333000_left.npz,"[""sensor_vqa/raw/egolife/imu/A1_JAKE/DAY5/DAY5_A1_JAKE_18333000/DAY5_A1_JAKE_18333000_left.npz"", ""sensor_vqa/raw/egolife/imu/A1_JAKE/DAY5/DAY5_A1_JAKE_18333000/DAY5_A1_JAKE_18333000_right.npz""]",,,,,0.0,,DAY5@18335013,"[""DAY4@12163800""]","[""imu"", ""rgb""]",true,true,true,ready
2.0,egolifeqa:egolifeqa-a1-jake-379,EgoLifeQA,benchmark,EgoLife,egolifeqa-a1-jake-379,EntityLog,Now Tasha suggested finding a container to put the eggs in and start baking. What did we bake in the oven last time?,"[""Sweet Potato"", ""Bread"", ""Egg Tart"", ""Pizza""]",0,Sweet Potato,public,"[""DAY5_A1_JAKE_18343000"", ""DAY4_A1_JAKE_18023000""]",egolifeqa:asset-f4693d67037e2ce2,"[""egolifeqa:asset-f4693d67037e2ce2"", ""egolifeqa:asset-726efd11f1482e41""]",2,2,sensor_vqa/raw/egolife/video/A1_JAKE/DAY5/DAY5_A1_JAKE_18343000.mp4,"",sensor_vqa/raw/egolife/imu/A1_JAKE/DAY5/DAY5_A1_JAKE_18343000/DAY5_A1_JAKE_18343000_left.npz,"[""sensor_vqa/raw/egolife/imu/A1_JAKE/DAY5/DAY5_A1_JAKE_18343000/DAY5_A1_JAKE_18343000_left.npz"", ""sensor_vqa/raw/egolife/imu/A1_JAKE/DAY5/DAY5_A1_JAKE_18343000/DAY5_A1_JAKE_18343000_right.npz""]",,,,,0.0,,DAY5@18343902,"[""DAY4@18024615""]","[""imu"", ""rgb""]",true,true,true,ready
2.0,egolifeqa:egolifeqa-a1-jake-380,EgoLifeQA,benchmark,EgoLife,egolifeqa-a1-jake-380,EntityLog,When was the white microwave in the kitchen last used?,"[""Yesterday afternoon"", ""Last night"", ""The night before yesterday"", ""The day before yesterday at noon""]",3,The day before yesterday at noon,public,"[""DAY5_A1_JAKE_18353000"", ""DAY3_A1_JAKE_12180000""]",egolifeqa:asset-f6ab15841a8f42fa,"[""egolifeqa:asset-f6ab15841a8f42fa"", ""egolifeqa:asset-7fee85a0ab2454c8""]",2,2,sensor_vqa/raw/egolife/video/A1_JAKE/DAY5/DAY5_A1_JAKE_18353000.mp4,"",sensor_vqa/raw/egolife/imu/A1_JAKE/DAY5/DAY5_A1_JAKE_18353000/DAY5_A1_JAKE_18353000_left.npz,"[""sensor_vqa/raw/egolife/imu/A1_JAKE/DAY5/DAY5_A1_JAKE_18353000/DAY5_A1_JAKE_18353000_left.npz"", ""sensor_vqa/raw/egolife/imu/A1_JAKE/DAY5/DAY5_A1_JAKE_18353000/DAY5_A1_JAKE_18353000_right.npz""]",,,,,0.0,,DAY5@18353711,"[""DAY3@12182902""]","[""imu"", ""rgb""]",true,true,true,ready
2.0,egolifeqa:egolifeqa-a1-jake-381,EgoLifeQA,benchmark,EgoLife,egolifeqa-a1-jake-381,EntityLog,Where did Tasha buy the tart crust?,"[""Sam's Club"", ""Meitehao"", ""Hema Supermarket"", ""Wumart Supermarket""]",2,Hema Supermarket,public,"[""DAY5_A1_JAKE_18393000"", ""DAY1_A1_JAKE_18043000""]",egolifeqa:asset-d31223dcce7c7c2a,"[""egolifeqa:asset-d31223dcce7c7c2a"", ""egolifeqa:asset-97747e7c20012f19""]",2,2,sensor_vqa/raw/egolife/video/A1_JAKE/DAY5/DAY5_A1_JAKE_18393000.mp4,"",sensor_vqa/raw/egolife/imu/A1_JAKE/DAY5/DAY5_A1_JAKE_18393000/DAY5_A1_JAKE_18393000_left.npz,"[""sensor_vqa/raw/egolife/imu/A1_JAKE/DAY5/DAY5_A1_JAKE_18393000/DAY5_A1_JAKE_18393000_left.npz"", ""sensor_vqa/raw/egolife/imu/A1_JAKE/DAY5/DAY5_A1_JAKE_18393000/DAY5_A1_JAKE_18393000_right.npz""]",,,,,0.0,,DAY5@18393106,"[""DAY1@18043416""]","[""imu"", ""rgb""]",true,true,true,ready
2.0,egolifeqa:egolifeqa-a1-jake-382,EgoLifeQA,benchmark,EgoLife,egolifeqa-a1-jake-382,EntityLog,When was the last time these oven mitts were used?,"[""This afternoon"", ""Yesterday afternoon"", ""Yesterday morning"", ""Yesterday at noon""]",1,Yesterday afternoon,public,"[""DAY5_A1_JAKE_18400000"", ""DAY4_A1_JAKE_17313000""]",egolifeqa:asset-78296f1d97c0a5dd,"[""egolifeqa:asset-78296f1d97c0a5dd"", ""egolifeqa:asset-fe3a486380baced0""]",2,2,sensor_vqa/raw/egolife/video/A1_JAKE/DAY5/DAY5_A1_JAKE_18400000.mp4,"",sensor_vqa/raw/egolife/imu/A1_JAKE/DAY5/DAY5_A1_JAKE_18400000/DAY5_A1_JAKE_18400000_left.npz,"[""sensor_vqa/raw/egolife/imu/A1_JAKE/DAY5/DAY5_A1_JAKE_18400000/DAY5_A1_JAKE_18400000_left.npz"", ""sensor_vqa/raw/egolife/imu/A1_JAKE/DAY5/DAY5_A1_JAKE_18400000/DAY5_A1_JAKE_18400000_right.npz""]",,,,,0.0,,DAY5@18401702,"[""DAY4@17313315""]","[""imu"", ""rgb""]",true,true,true,ready
2.0,egolifeqa:egolifeqa-a1-jake-383,EgoLifeQA,benchmark,EgoLife,egolifeqa-a1-jake-383,EntityLog,Who bought the blueberries?,"[""Tasha"", ""Me"", ""Lucia"", ""Alice""]",2,Lucia,public,"[""DAY5_A1_JAKE_18400000"", ""DAY5_A1_JAKE_16093000""]",egolifeqa:asset-78296f1d97c0a5dd,"[""egolifeqa:asset-78296f1d97c0a5dd"", ""egolifeqa:asset-08386b3f9eaf2d83""]",2,2,sensor_vqa/raw/egolife/video/A1_JAKE/DAY5/DAY5_A1_JAKE_18400000.mp4,"",sensor_vqa/raw/egolife/imu/A1_JAKE/DAY5/DAY5_A1_JAKE_18400000/DAY5_A1_JAKE_18400000_left.npz,"[""sensor_vqa/raw/egolife/imu/A1_JAKE/DAY5/DAY5_A1_JAKE_18400000/DAY5_A1_JAKE_18400000_left.npz"", ""sensor_vqa/raw/egolife/imu/A1_JAKE/DAY5/DAY5_A1_JAKE_18400000/DAY5_A1_JAKE_18400000_right.npz""]",,,,,0.0,,DAY5@18402915,"[""DAY5@16095604""]","[""imu"", ""rgb""]",true,true,true,ready
2.0,egolifeqa:egolifeqa-a1-jake-384,EgoLifeQA,benchmark,EgoLife,egolifeqa-a1-jake-384,RelationMap,Who usually helps Tasha when she makes desserts?,"[""Shure and Me"", ""Alice and Choiszt"", ""Lucia and Me"", ""Alice and Katrina""]",2,Lucia and Me,public,"[""DAY5_A1_JAKE_18433000"", ""DAY1_A1_JAKE_21410000""]",egolifeqa:asset-ce86303ec0920831,"[""egolifeqa:asset-ce86303ec0920831"", ""egolifeqa:asset-fc7e8973ae215a0e""]",2,2,sensor_vqa/raw/egolife/video/A1_JAKE/DAY5/DAY5_A1_JAKE_18433000.mp4,"",sensor_vqa/raw/egolife/imu/A1_JAKE/DAY5/DAY5_A1_JAKE_18433000/DAY5_A1_JAKE_18433000_left.npz,"[""sensor_vqa/raw/egolife/imu/A1_JAKE/DAY5/DAY5_A1_JAKE_18433000/DAY5_A1_JAKE_18433000_left.npz"", ""sensor_vqa/raw/egolife/imu/A1_JAKE/DAY5/DAY5_A1_JAKE_18433000/DAY5_A1_JAKE_18433000_right.npz""]",,,,,0.0,,DAY5@18433800,"[""DAY1@21412116""]","[""imu"", ""rgb""]",true,true,true,ready
2.0,egolifeqa:egolifeqa-a1-jake-385,EgoLifeQA,benchmark,EgoLife,egolifeqa-a1-jake-385,EntityLog,Who bought the chips on the table?,"[""Me"", ""Tasha"", ""Shure"", ""Alice""]",2,Shure,public,"[""DAY5_A1_JAKE_18460000"", ""DAY5_A1_JAKE_18260000""]",egolifeqa:asset-7595b53b962579ca,"[""egolifeqa:asset-7595b53b962579ca"", ""egolifeqa:asset-d1ccd0bf1e3e1488""]",2,2,sensor_vqa/raw/egolife/video/A1_JAKE/DAY5/DAY5_A1_JAKE_18460000.mp4,"",sensor_vqa/raw/egolife/imu/A1_JAKE/DAY5/DAY5_A1_JAKE_18460000/DAY5_A1_JAKE_18460000_left.npz,"[""sensor_vqa/raw/egolife/imu/A1_JAKE/DAY5/DAY5_A1_JAKE_18460000/DAY5_A1_JAKE_18460000_left.npz"", ""sensor_vqa/raw/egolife/imu/A1_JAKE/DAY5/DAY5_A1_JAKE_18460000/DAY5_A1_JAKE_18460000_right.npz""]",,,,,0.0,,DAY5@18460210,"[""DAY5@18260300""]","[""imu"", ""rgb""]",true,true,true,ready
2.0,egolifeqa:egolifeqa-a1-jake-386,EgoLifeQA,benchmark,EgoLife,egolifeqa-a1-jake-386,TaskMaster,How many bottles of Wangzai milk do we need?,"[""6"", ""4"", ""3"", ""5""]",1,4,public,"[""DAY5_A1_JAKE_19023000"", ""DAY5_A1_JAKE_16260000"", ""DAY5_A1_JAKE_16260000""]",egolifeqa:asset-9253b8065ab02211,"[""egolifeqa:asset-9253b8065ab02211"", ""egolifeqa:asset-7f080d2639d9a0d7""]",2,3,sensor_vqa/raw/egolife/video/A1_JAKE/DAY5/DAY5_A1_JAKE_19023000.mp4,"",sensor_vqa/raw/egolife/imu/A1_JAKE/DAY5/DAY5_A1_JAKE_19023000/DAY5_A1_JAKE_19023000_left.npz,"[""sensor_vqa/raw/egolife/imu/A1_JAKE/DAY5/DAY5_A1_JAKE_19023000/DAY5_A1_JAKE_19023000_left.npz"", ""sensor_vqa/raw/egolife/imu/A1_JAKE/DAY5/DAY5_A1_JAKE_19023000/DAY5_A1_JAKE_19023000_right.npz""]",,,,,0.0,,DAY5@19025517,"[""DAY5@16260908"", ""DAY5@16261114""]","[""imu"", ""rgb""]",true,true,true,ready
2.0,egolifeqa:egolifeqa-a1-jake-387,EgoLifeQA,benchmark,EgoLife,egolifeqa-a1-jake-387,EventRecall,What was the environment like the last time Shure and Nicous sang?,"[""Outdoor"", ""In the supermarket"", ""In the courtyard"", ""In Shure's room""]",0,Outdoor,public,"[""DAY5_A1_JAKE_19400000"", ""DAY5_A1_JAKE_19043000""]",egolifeqa:asset-177210b3af53795a,"[""egolifeqa:asset-177210b3af53795a"", ""egolifeqa:asset-8d48a6f223d64551""]",2,2,sensor_vqa/raw/egolife/video/A1_JAKE/DAY5/DAY5_A1_JAKE_19400000.mp4,"",sensor_vqa/raw/egolife/imu/A1_JAKE/DAY5/DAY5_A1_JAKE_19400000/DAY5_A1_JAKE_19400000_left.npz,"[""sensor_vqa/raw/egolife/imu/A1_JAKE/DAY5/DAY5_A1_JAKE_19400000/DAY5_A1_JAKE_19400000_left.npz"", ""sensor_vqa/raw/egolife/imu/A1_JAKE/DAY5/DAY5_A1_JAKE_19400000/DAY5_A1_JAKE_19400000_right.npz""]",,,,,0.0,,DAY5@19401600,"[""DAY5@19043200""]","[""imu"", ""rgb""]",true,true,true,ready
2.0,egolifeqa:egolifeqa-a1-jake-388,EgoLifeQA,benchmark,EgoLife,egolifeqa-a1-jake-388,EntityLog,When was McDonald's first mentioned?,"[""Half a day ago"", ""Four days ago"", ""One day ago"", ""Two days ago""]",1,Four days ago,public,"[""DAY5_A1_JAKE_19403000"", ""DAY1_A1_JAKE_14130000""]",egolifeqa:asset-a8520f71b8da09ee,"[""egolifeqa:asset-a8520f71b8da09ee"", ""egolifeqa:asset-c23d9a6a139eb330""]",2,2,sensor_vqa/raw/egolife/video/A1_JAKE/DAY5/DAY5_A1_JAKE_19403000.mp4,"",sensor_vqa/raw/egolife/imu/A1_JAKE/DAY5/DAY5_A1_JAKE_19403000/DAY5_A1_JAKE_19403000_left.npz,"[""sensor_vqa/raw/egolife/imu/A1_JAKE/DAY5/DAY5_A1_JAKE_19403000/DAY5_A1_JAKE_19403000_left.npz"", ""sensor_vqa/raw/egolife/imu/A1_JAKE/DAY5/DAY5_A1_JAKE_19403000/DAY5_A1_JAKE_19403000_right.npz""]",,,,,0.0,,DAY5@19404009,"[""DAY1@14132108""]","[""imu"", ""rgb""]",true,true,true,ready
2.0,egolifeqa:egolifeqa-a1-jake-389,EgoLifeQA,benchmark,EgoLife,egolifeqa-a1-jake-389,EntityLog,Who used the tape and scissors on the table last time?,"[""Shure"", ""Katrina"", ""Alice"", ""Me""]",3,Me,public,"[""DAY5_A1_JAKE_20050000"", ""DAY5_A1_JAKE_18013000""]",egolifeqa:asset-2adc77d3915dc365,"[""egolifeqa:asset-2adc77d3915dc365"", ""egolifeqa:asset-2e0951722d9fd500""]",2,2,sensor_vqa/raw/egolife/video/A1_JAKE/DAY5/DAY5_A1_JAKE_20050000.mp4,"",sensor_vqa/raw/egolife/imu/A1_JAKE/DAY5/DAY5_A1_JAKE_20050000/DAY5_A1_JAKE_20050000_left.npz,"[""sensor_vqa/raw/egolife/imu/A1_JAKE/DAY5/DAY5_A1_JAKE_20050000/DAY5_A1_JAKE_20050000_left.npz"", ""sensor_vqa/raw/egolife/imu/A1_JAKE/DAY5/DAY5_A1_JAKE_20050000/DAY5_A1_JAKE_20050000_right.npz""]",,,,,0.0,,DAY5@20052710,"[""DAY5@18015100""]","[""imu"", ""rgb""]",true,true,true,ready
2.0,egolifeqa:egolifeqa-a1-jake-390,EgoLifeQA,benchmark,EgoLife,egolifeqa-a1-jake-390,EventRecall,When was the last time I saw Jack drinking a beverage?,"[""About 12 hours ago"", ""About 3 hours ago"", ""About 1 hour ago"", ""About 6 hours ago""]",1,About 3 hours ago,public,"[""DAY5_A1_JAKE_20070000"", ""DAY5_A1_JAKE_16540000""]",egolifeqa:asset-e762f57ad25694d6,"[""egolifeqa:asset-e762f57ad25694d6"", ""egolifeqa:asset-0db31095ab6f70dd""]",2,2,sensor_vqa/raw/egolife/video/A1_JAKE/DAY5/DAY5_A1_JAKE_20070000.mp4,"",sensor_vqa/raw/egolife/imu/A1_JAKE/DAY5/DAY5_A1_JAKE_20070000/DAY5_A1_JAKE_20070000_left.npz,"[""sensor_vqa/raw/egolife/imu/A1_JAKE/DAY5/DAY5_A1_JAKE_20070000/DAY5_A1_JAKE_20070000_left.npz"", ""sensor_vqa/raw/egolife/imu/A1_JAKE/DAY5/DAY5_A1_JAKE_20070000/DAY5_A1_JAKE_20070000_right.npz""]",,,,,0.0,,DAY5@20071404,"[""DAY5@16542014""]","[""imu"", ""rgb""]",true,true,true,ready
2.0,egolifeqa:egolifeqa-a1-jake-391,EgoLifeQA,benchmark,EgoLife,egolifeqa-a1-jake-391,RelationMap,Who else was there when I had a meal with Lucia last time?,"[""Nicous and Alice"", ""Shure and Violet"", ""Tasha and Choiszt"", ""Alice and Violet""]",0,Nicous and Alice,public,"[""DAY5_A1_JAKE_20173000"", ""DAY5_A1_JAKE_12160000""]",egolifeqa:asset-b2f5032f8aacb1e1,"[""egolifeqa:asset-b2f5032f8aacb1e1"", ""egolifeqa:asset-cc2b509e91483cf8""]",2,2,sensor_vqa/raw/egolife/video/A1_JAKE/DAY5/DAY5_A1_JAKE_20173000.mp4,"",sensor_vqa/raw/egolife/imu/A1_JAKE/DAY5/DAY5_A1_JAKE_20173000/DAY5_A1_JAKE_20173000_left.npz,"[""sensor_vqa/raw/egolife/imu/A1_JAKE/DAY5/DAY5_A1_JAKE_20173000/DAY5_A1_JAKE_20173000_left.npz"", ""sensor_vqa/raw/egolife/imu/A1_JAKE/DAY5/DAY5_A1_JAKE_20173000/DAY5_A1_JAKE_20173000_right.npz""]",,,,,0.0,,DAY5@20175000,"[""DAY5@12161700""]","[""imu"", ""rgb""]",true,true,true,ready
2.0,egolifeqa:egolifeqa-a1-jake-392,EgoLifeQA,benchmark,EgoLife,egolifeqa-a1-jake-392,EntityLog,Who made the egg tart on the table?,"[""Choiszt and Tasha"", ""Me and Alice"", ""Me and Tasha"", ""Tasha and Katrina""]",0,Choiszt and Tasha,public,"[""DAY5_A1_JAKE_20220000"", ""DAY5_A1_JAKE_18370000""]",egolifeqa:asset-4e79aac1e36b4c94,"[""egolifeqa:asset-4e79aac1e36b4c94"", ""egolifeqa:asset-46c2f1789f3bd12e""]",2,2,sensor_vqa/raw/egolife/video/A1_JAKE/DAY5/DAY5_A1_JAKE_20220000.mp4,"",sensor_vqa/raw/egolife/imu/A1_JAKE/DAY5/DAY5_A1_JAKE_20220000/DAY5_A1_JAKE_20220000_left.npz,"[""sensor_vqa/raw/egolife/imu/A1_JAKE/DAY5/DAY5_A1_JAKE_20220000/DAY5_A1_JAKE_20220000_left.npz"", ""sensor_vqa/raw/egolife/imu/A1_JAKE/DAY5/DAY5_A1_JAKE_20220000/DAY5_A1_JAKE_20220000_right.npz""]",,,,,0.0,,DAY5@20220710,"[""DAY5@18370700""]","[""imu"", ""rgb""]",true,true,true,ready
2.0,egolifeqa:egolifeqa-a1-jake-393,EgoLifeQA,benchmark,EgoLife,egolifeqa-a1-jake-393,EventRecall,"The last time Choiszt was mixing cream, what were we preparing?","[""Eat pizza"", ""Order takeout"", ""Cleaning"", ""Shopping""]",1,Order takeout,public,"[""DAY5_A1_JAKE_20233000"", ""DAY5_A1_JAKE_18230000""]",egolifeqa:asset-4fefb9002e1a3bd1,"[""egolifeqa:asset-4fefb9002e1a3bd1"", ""egolifeqa:asset-3a3f94ab927b9cbf""]",2,2,sensor_vqa/raw/egolife/video/A1_JAKE/DAY5/DAY5_A1_JAKE_20233000.mp4,"",sensor_vqa/raw/egolife/imu/A1_JAKE/DAY5/DAY5_A1_JAKE_20233000/DAY5_A1_JAKE_20233000_left.npz,"[""sensor_vqa/raw/egolife/imu/A1_JAKE/DAY5/DAY5_A1_JAKE_20233000/DAY5_A1_JAKE_20233000_left.npz"", ""sensor_vqa/raw/egolife/imu/A1_JAKE/DAY5/DAY5_A1_JAKE_20233000/DAY5_A1_JAKE_20233000_right.npz""]",,,,,0.0,,DAY5@20233904,"[""DAY5@18231200""]","[""imu"", ""rgb""]",true,true,true,ready
2.0,egolifeqa:egolifeqa-a1-jake-394,EgoLifeQA,benchmark,EgoLife,egolifeqa-a1-jake-394,EventRecall,"The last time I carefully placed a strawberry on a cake, what was the occasion?","[""Shure's room"", ""My room"", ""Living room"", ""Kitchen""]",2,Living room,public,"[""DAY5_A1_JAKE_20313000"", ""DAY3_A1_JAKE_22063000""]",egolifeqa:asset-b24dfb7ee32f116d,"[""egolifeqa:asset-b24dfb7ee32f116d"", ""egolifeqa:asset-97f65d49898be1cb""]",2,2,sensor_vqa/raw/egolife/video/A1_JAKE/DAY5/DAY5_A1_JAKE_20313000.mp4,"",sensor_vqa/raw/egolife/imu/A1_JAKE/DAY5/DAY5_A1_JAKE_20313000/DAY5_A1_JAKE_20313000_left.npz,"[""sensor_vqa/raw/egolife/imu/A1_JAKE/DAY5/DAY5_A1_JAKE_20313000/DAY5_A1_JAKE_20313000_left.npz"", ""sensor_vqa/raw/egolife/imu/A1_JAKE/DAY5/DAY5_A1_JAKE_20313000/DAY5_A1_JAKE_20313000_right.npz""]",,,,,0.0,,DAY5@20314505,"[""DAY3@22065002""]","[""imu"", ""rgb""]",true,true,true,ready
2.0,egolifeqa:egolifeqa-a1-jake-395,EgoLifeQA,benchmark,EgoLife,egolifeqa-a1-jake-395,EntityLog,When was the last time the mango was sliced?,"[""This afternoon"", ""This afternoon"", ""This morning"", ""Yesterday afternoon""]",1,This afternoon,public,"[""DAY5_A1_JAKE_20343000"", ""DAY5_A1_JAKE_12043000""]",egolifeqa:asset-472ffb262a72084e,"[""egolifeqa:asset-472ffb262a72084e"", ""egolifeqa:asset-5084cf3f0fb8acbf""]",2,2,sensor_vqa/raw/egolife/video/A1_JAKE/DAY5/DAY5_A1_JAKE_20343000.mp4,"",sensor_vqa/raw/egolife/imu/A1_JAKE/DAY5/DAY5_A1_JAKE_20343000/DAY5_A1_JAKE_20343000_left.npz,"[""sensor_vqa/raw/egolife/imu/A1_JAKE/DAY5/DAY5_A1_JAKE_20343000/DAY5_A1_JAKE_20343000_left.npz"", ""sensor_vqa/raw/egolife/imu/A1_JAKE/DAY5/DAY5_A1_JAKE_20343000/DAY5_A1_JAKE_20343000_right.npz""]",,,,,0.0,,DAY5@20344008,"[""DAY5@12044600""]","[""imu"", ""rgb""]",true,true,true,ready
2.0,egolifeqa:egolifeqa-a1-jake-396,EgoLifeQA,benchmark,EgoLife,egolifeqa-a1-jake-396,EventRecall,What were we doing last time we discussed the air conditioning temperature?,"[""Eating hot pot"", ""Shopping"", ""Playing piano"", ""Picking up a package""]",0,Eating hot pot,public,"[""DAY5_A1_JAKE_20420000"", ""DAY2_A1_JAKE_18340000""]",egolifeqa:asset-24e81ddb9db89f79,"[""egolifeqa:asset-24e81ddb9db89f79"", ""egolifeqa:asset-3e00658ba345fee0""]",2,2,sensor_vqa/raw/egolife/video/A1_JAKE/DAY5/DAY5_A1_JAKE_20420000.mp4,"",sensor_vqa/raw/egolife/imu/A1_JAKE/DAY5/DAY5_A1_JAKE_20420000/DAY5_A1_JAKE_20420000_left.npz,"[""sensor_vqa/raw/egolife/imu/A1_JAKE/DAY5/DAY5_A1_JAKE_20420000/DAY5_A1_JAKE_20420000_left.npz"", ""sensor_vqa/raw/egolife/imu/A1_JAKE/DAY5/DAY5_A1_JAKE_20420000/DAY5_A1_JAKE_20420000_right.npz""]",,,,,0.0,,DAY5@20422213,"[""DAY2@18340912""]","[""imu"", ""rgb""]",true,true,true,ready
2.0,egolifeqa:egolifeqa-a1-jake-397,EgoLifeQA,benchmark,EgoLife,egolifeqa-a1-jake-397,EventRecall,"Shure is dancing now, what were we doing the last time he danced?","[""Listening to that song"", ""Dancing"", ""Eating burgers"", ""Playing on the phone""]",0,Listening to that song,public,"[""DAY5_A1_JAKE_21023000"", ""DAY4_A1_JAKE_22043000""]",egolifeqa:asset-ad62c618e718f810,"[""egolifeqa:asset-ad62c618e718f810"", ""egolifeqa:asset-9680bdc584094217""]",2,2,sensor_vqa/raw/egolife/video/A1_JAKE/DAY5/DAY5_A1_JAKE_21023000.mp4,"",sensor_vqa/raw/egolife/imu/A1_JAKE/DAY5/DAY5_A1_JAKE_21023000/DAY5_A1_JAKE_21023000_left.npz,"[""sensor_vqa/raw/egolife/imu/A1_JAKE/DAY5/DAY5_A1_JAKE_21023000/DAY5_A1_JAKE_21023000_left.npz"", ""sensor_vqa/raw/egolife/imu/A1_JAKE/DAY5/DAY5_A1_JAKE_21023000/DAY5_A1_JAKE_21023000_right.npz""]",,,,,0.0,,DAY5@21025420,"[""DAY4@22045804""]","[""imu"", ""rgb""]",true,true,true,ready
2.0,egolifeqa:egolifeqa-a1-jake-398,EgoLifeQA,benchmark,EgoLife,egolifeqa-a1-jake-398,EventRecall,"Now I'm helping Lucia cut the poster, what were we doing the last time I used scissors?","[""Baking a cake"", ""Making a puppy"", ""Repairing glasses"", ""Unpacking a delivery""]",2,Repairing glasses,public,"[""DAY5_A1_JAKE_21023000"", ""DAY5_A1_JAKE_18013000""]",egolifeqa:asset-ad62c618e718f810,"[""egolifeqa:asset-ad62c618e718f810"", ""egolifeqa:asset-2e0951722d9fd500""]",2,2,sensor_vqa/raw/egolife/video/A1_JAKE/DAY5/DAY5_A1_JAKE_21023000.mp4,"",sensor_vqa/raw/egolife/imu/A1_JAKE/DAY5/DAY5_A1_JAKE_21023000/DAY5_A1_JAKE_21023000_left.npz,"[""sensor_vqa/raw/egolife/imu/A1_JAKE/DAY5/DAY5_A1_JAKE_21023000/DAY5_A1_JAKE_21023000_left.npz"", ""sensor_vqa/raw/egolife/imu/A1_JAKE/DAY5/DAY5_A1_JAKE_21023000/DAY5_A1_JAKE_21023000_right.npz""]",,,,,0.0,,DAY5@21025422,"[""DAY5@18015100""]","[""imu"", ""rgb""]",true,true,true,ready
2.0,egolifeqa:egolifeqa-a1-jake-399,EgoLifeQA,benchmark,EgoLife,egolifeqa-a1-jake-399,EventRecall,What was I doing the last time I heard Choiszt play the guitar?,"[""Baking a cake"", ""Eating hot pot"", ""Using the computer"", ""Dancing""]",2,Using the computer,public,"[""DAY5_A1_JAKE_21023000"", ""DAY2_A1_JAKE_18263000""]",egolifeqa:asset-ad62c618e718f810,"[""egolifeqa:asset-ad62c618e718f810"", ""egolifeqa:asset-531da6148ad54995""]",2,2,sensor_vqa/raw/egolife/video/A1_JAKE/DAY5/DAY5_A1_JAKE_21023000.mp4,"",sensor_vqa/raw/egolife/imu/A1_JAKE/DAY5/DAY5_A1_JAKE_21023000/DAY5_A1_JAKE_21023000_left.npz,"[""sensor_vqa/raw/egolife/imu/A1_JAKE/DAY5/DAY5_A1_JAKE_21023000/DAY5_A1_JAKE_21023000_left.npz"", ""sensor_vqa/raw/egolife/imu/A1_JAKE/DAY5/DAY5_A1_JAKE_21023000/DAY5_A1_JAKE_21023000_right.npz""]",,,,,0.0,,DAY5@21025423,"[""DAY2@18265610""]","[""imu"", ""rgb""]",true,true,true,ready
2.0,egolifeqa:egolifeqa-a1-jake-400,EgoLifeQA,benchmark,EgoLife,egolifeqa-a1-jake-400,EventRecall,Why did I say to push the cart backwards?,"[""Because it's effortless"", ""Because it's stable to push backwards"", ""Because it looks good to push backwards"", ""Because it's convenient""]",1,Because it's stable to push backwards,public,"[""DAY5_A1_JAKE_21023000"", ""DAY5_A1_JAKE_16013000""]",egolifeqa:asset-ad62c618e718f810,"[""egolifeqa:asset-ad62c618e718f810"", ""egolifeqa:asset-677e92f0ce13c207""]",2,2,sensor_vqa/raw/egolife/video/A1_JAKE/DAY5/DAY5_A1_JAKE_21023000.mp4,"",sensor_vqa/raw/egolife/imu/A1_JAKE/DAY5/DAY5_A1_JAKE_21023000/DAY5_A1_JAKE_21023000_left.npz,"[""sensor_vqa/raw/egolife/imu/A1_JAKE/DAY5/DAY5_A1_JAKE_21023000/DAY5_A1_JAKE_21023000_left.npz"", ""sensor_vqa/raw/egolife/imu/A1_JAKE/DAY5/DAY5_A1_JAKE_21023000/DAY5_A1_JAKE_21023000_right.npz""]",,,,,0.0,,DAY5@21025517,"[""DAY5@16014110""]","[""imu"", ""rgb""]",true,true,true,ready
2.0,egolifeqa:egolifeqa-a1-jake-401,EgoLifeQA,benchmark,EgoLife,egolifeqa-a1-jake-401,EventRecall,Why did we put the durian back?,"[""Because it's too troublesome"", ""Because we don't like to eat it"", ""Because it was too smelly."", ""Because the cost-performance ratio is average""]",3,Because the cost-performance ratio is average,public,"[""DAY5_A1_JAKE_21023000"", ""DAY5_A1_JAKE_16090000""]",egolifeqa:asset-ad62c618e718f810,"[""egolifeqa:asset-ad62c618e718f810"", ""egolifeqa:asset-af5dedf352f805b6""]",2,2,sensor_vqa/raw/egolife/video/A1_JAKE/DAY5/DAY5_A1_JAKE_21023000.mp4,"",sensor_vqa/raw/egolife/imu/A1_JAKE/DAY5/DAY5_A1_JAKE_21023000/DAY5_A1_JAKE_21023000_left.npz,"[""sensor_vqa/raw/egolife/imu/A1_JAKE/DAY5/DAY5_A1_JAKE_21023000/DAY5_A1_JAKE_21023000_left.npz"", ""sensor_vqa/raw/egolife/imu/A1_JAKE/DAY5/DAY5_A1_JAKE_21023000/DAY5_A1_JAKE_21023000_right.npz""]",,,,,0.0,,DAY5@21025517,"[""DAY5@16091401""]","[""imu"", ""rgb""]",true,true,true,ready
2.0,egolifeqa:egolifeqa-a1-jake-402,EgoLifeQA,benchmark,EgoLife,egolifeqa-a1-jake-402,EventRecall,What does Tasha want to drink?,"[""Cola"", ""Sprite"", ""Mineral Water"", ""Wahaha""]",3,Wahaha,public,"[""DAY5_A1_JAKE_21023000"", ""DAY5_A1_JAKE_12110000""]",egolifeqa:asset-ad62c618e718f810,"[""egolifeqa:asset-ad62c618e718f810"", ""egolifeqa:asset-ac31ef0b38a43546""]",2,2,sensor_vqa/raw/egolife/video/A1_JAKE/DAY5/DAY5_A1_JAKE_21023000.mp4,"",sensor_vqa/raw/egolife/imu/A1_JAKE/DAY5/DAY5_A1_JAKE_21023000/DAY5_A1_JAKE_21023000_left.npz,"[""sensor_vqa/raw/egolife/imu/A1_JAKE/DAY5/DAY5_A1_JAKE_21023000/DAY5_A1_JAKE_21023000_left.npz"", ""sensor_vqa/raw/egolife/imu/A1_JAKE/DAY5/DAY5_A1_JAKE_21023000/DAY5_A1_JAKE_21023000_right.npz""]",,,,,0.0,,DAY5@21025517,"[""DAY5@12111706""]","[""imu"", ""rgb""]",true,true,true,ready
2.0,egolifeqa:egolifeqa-a1-jake-403,EgoLifeQA,benchmark,EgoLife,egolifeqa-a1-jake-403,HabitInsight,Why doesn't Tasha eat stewed dishes?,"[""Because she doesn't like eating stewed dishes"", ""Because she thinks stewed dishes look too ugly"", ""Because she tasted the blood flavor"", ""Because she thinks stewed dishes taste too bad""]",1,Because she thinks stewed dishes look too ugly,public,"[""DAY5_A1_JAKE_21023000"", ""DAY5_A1_JAKE_12133000""]",egolifeqa:asset-ad62c618e718f810,"[""egolifeqa:asset-ad62c618e718f810"", ""egolifeqa:asset-0b81371f581430ee""]",2,2,sensor_vqa/raw/egolife/video/A1_JAKE/DAY5/DAY5_A1_JAKE_21023000.mp4,"",sensor_vqa/raw/egolife/imu/A1_JAKE/DAY5/DAY5_A1_JAKE_21023000/DAY5_A1_JAKE_21023000_left.npz,"[""sensor_vqa/raw/egolife/imu/A1_JAKE/DAY5/DAY5_A1_JAKE_21023000/DAY5_A1_JAKE_21023000_left.npz"", ""sensor_vqa/raw/egolife/imu/A1_JAKE/DAY5/DAY5_A1_JAKE_21023000/DAY5_A1_JAKE_21023000_right.npz""]",,,,,0.0,,DAY5@21025517,"[""DAY5@12134106""]","[""imu"", ""rgb""]",true,true,true,ready
2.0,egolifeqa:egolifeqa-a1-jake-404,EgoLifeQA,benchmark,EgoLife,egolifeqa-a1-jake-404,RelationMap,Who among us has drunk Douzhi?,"[""Katrina"", ""Tasha"", ""Alice"", ""Me""]",3,Me,public,"[""DAY5_A1_JAKE_21023000"", ""DAY5_A1_JAKE_12350000""]",egolifeqa:asset-ad62c618e718f810,"[""egolifeqa:asset-ad62c618e718f810"", ""egolifeqa:asset-072c941391f53e4d""]",2,2,sensor_vqa/raw/egolife/video/A1_JAKE/DAY5/DAY5_A1_JAKE_21023000.mp4,"",sensor_vqa/raw/egolife/imu/A1_JAKE/DAY5/DAY5_A1_JAKE_21023000/DAY5_A1_JAKE_21023000_left.npz,"[""sensor_vqa/raw/egolife/imu/A1_JAKE/DAY5/DAY5_A1_JAKE_21023000/DAY5_A1_JAKE_21023000_left.npz"", ""sensor_vqa/raw/egolife/imu/A1_JAKE/DAY5/DAY5_A1_JAKE_21023000/DAY5_A1_JAKE_21023000_right.npz""]",,,,,0.0,,DAY5@21025517,"[""DAY5@12351203""]","[""imu"", ""rgb""]",true,true,true,ready
2.0,egolifeqa:egolifeqa-a1-jake-405,EgoLifeQA,benchmark,EgoLife,egolifeqa-a1-jake-405,TaskMaster,What name does Alice plan to give her dog?,"[""Xiaohei"", ""Dudu"", ""Xiaobao"", ""Lele""]",3,Lele,public,"[""DAY5_A1_JAKE_21023000"", ""DAY5_A1_JAKE_11343000""]",egolifeqa:asset-ad62c618e718f810,"[""egolifeqa:asset-ad62c618e718f810"", ""egolifeqa:asset-e7e54d649fa02c9d""]",2,2,sensor_vqa/raw/egolife/video/A1_JAKE/DAY5/DAY5_A1_JAKE_21023000.mp4,"",sensor_vqa/raw/egolife/imu/A1_JAKE/DAY5/DAY5_A1_JAKE_21023000/DAY5_A1_JAKE_21023000_left.npz,"[""sensor_vqa/raw/egolife/imu/A1_JAKE/DAY5/DAY5_A1_JAKE_21023000/DAY5_A1_JAKE_21023000_left.npz"", ""sensor_vqa/raw/egolife/imu/A1_JAKE/DAY5/DAY5_A1_JAKE_21023000/DAY5_A1_JAKE_21023000_right.npz""]",,,,,0.0,,DAY5@21025517,"[""DAY5@11345806""]","[""imu"", ""rgb""]",true,true,true,ready
2.0,egolifeqa:egolifeqa-a1-jake-406,EgoLifeQA,benchmark,EgoLife,egolifeqa-a1-jake-406,EntityLog,When was the last time Shure drank coffee?,"[""Two days ago"", ""Four days ago"", ""Three days ago"", ""About 12 hours ago""]",3,About 12 hours ago,public,"[""DAY6_A1_JAKE_09560000"", ""DAY5_A1_JAKE_22213000""]",egolifeqa:asset-beea61e1ac06825b,"[""egolifeqa:asset-beea61e1ac06825b"", ""egolifeqa:asset-1d0324d39b1f9696""]",2,2,sensor_vqa/raw/egolife/video/A1_JAKE/DAY6/DAY6_A1_JAKE_09560000.mp4,"",sensor_vqa/raw/egolife/imu/A1_JAKE/DAY6/DAY6_A1_JAKE_09560000/DAY6_A1_JAKE_09560000_left.npz,"[""sensor_vqa/raw/egolife/imu/A1_JAKE/DAY6/DAY6_A1_JAKE_09560000/DAY6_A1_JAKE_09560000_left.npz"", ""sensor_vqa/raw/egolife/imu/A1_JAKE/DAY6/DAY6_A1_JAKE_09560000/DAY6_A1_JAKE_09560000_right.npz""]",,,,,0.0,,DAY6@09560702,"[""DAY5@22215600""]","[""imu"", ""rgb""]",true,true,true,ready
2.0,egolifeqa:egolifeqa-a1-jake-407,EgoLifeQA,benchmark,EgoLife,egolifeqa-a1-jake-407,EntityLog,When were the flowers in the vase on the table placed there?,"[""Last night"", ""Yesterday at noon"", ""Yesterday morning"", ""Yesterday afternoon""]",1,Yesterday at noon,public,"[""DAY6_A1_JAKE_09560000"", ""DAY5_A1_JAKE_11563000""]",egolifeqa:asset-beea61e1ac06825b,"[""egolifeqa:asset-beea61e1ac06825b"", ""egolifeqa:asset-938b8398e6f6f31d""]",2,2,sensor_vqa/raw/egolife/video/A1_JAKE/DAY6/DAY6_A1_JAKE_09560000.mp4,"",sensor_vqa/raw/egolife/imu/A1_JAKE/DAY6/DAY6_A1_JAKE_09560000/DAY6_A1_JAKE_09560000_left.npz,"[""sensor_vqa/raw/egolife/imu/A1_JAKE/DAY6/DAY6_A1_JAKE_09560000/DAY6_A1_JAKE_09560000_left.npz"", ""sensor_vqa/raw/egolife/imu/A1_JAKE/DAY6/DAY6_A1_JAKE_09560000/DAY6_A1_JAKE_09560000_right.npz""]",,,,,0.0,,DAY6@09562819,"[""DAY5@11565808""]","[""imu"", ""rgb""]",true,true,true,ready
2.0,egolifeqa:egolifeqa-a1-jake-408,EgoLifeQA,benchmark,EgoLife,egolifeqa-a1-jake-408,TaskMaster,What should be arranged in Alice's room?,"[""Night light, Tablecloth"", ""Coaster, Throw pillow"", ""Seaweed ball, Fishing net"", ""Miniature landscape, Aromatherapy""]",3,"Miniature landscape, Aromatherapy",public,"[""DAY6_A1_JAKE_10010000"", ""DAY2_A1_JAKE_22483000""]",egolifeqa:asset-3de15b8d397b2396,"[""egolifeqa:asset-3de15b8d397b2396"", ""egolifeqa:asset-2a0475f03383dcdf""]",2,2,sensor_vqa/raw/egolife/video/A1_JAKE/DAY6/DAY6_A1_JAKE_10010000.mp4,"",sensor_vqa/raw/egolife/imu/A1_JAKE/DAY6/DAY6_A1_JAKE_10010000/DAY6_A1_JAKE_10010000_left.npz,"[""sensor_vqa/raw/egolife/imu/A1_JAKE/DAY6/DAY6_A1_JAKE_10010000/DAY6_A1_JAKE_10010000_left.npz"", ""sensor_vqa/raw/egolife/imu/A1_JAKE/DAY6/DAY6_A1_JAKE_10010000/DAY6_A1_JAKE_10010000_right.npz""]",,,,,0.0,,DAY6@10010305,"[""DAY2@22484516""]","[""imu"", ""rgb""]",true,true,true,ready
2.0,egolifeqa:egolifeqa-a1-jake-409,EgoLifeQA,benchmark,EgoLife,egolifeqa-a1-jake-409,EntityLog,When did I last pick up the takeout?,"[""Last night"", ""Yesterday morning"", ""Yesterday afternoon"", ""Yesterday at noon""]",3,Yesterday at noon,public,"[""DAY6_A1_JAKE_10020000"", ""DAY5_A1_JAKE_11540000""]",egolifeqa:asset-77d5ef37558882af,"[""egolifeqa:asset-77d5ef37558882af"", ""egolifeqa:asset-35b3a5986e83a7a2""]",2,2,sensor_vqa/raw/egolife/video/A1_JAKE/DAY6/DAY6_A1_JAKE_10020000.mp4,"",sensor_vqa/raw/egolife/imu/A1_JAKE/DAY6/DAY6_A1_JAKE_10020000/DAY6_A1_JAKE_10020000_left.npz,"[""sensor_vqa/raw/egolife/imu/A1_JAKE/DAY6/DAY6_A1_JAKE_10020000/DAY6_A1_JAKE_10020000_left.npz"", ""sensor_vqa/raw/egolife/imu/A1_JAKE/DAY6/DAY6_A1_JAKE_10020000/DAY6_A1_JAKE_10020000_right.npz""]",,,,,0.0,,DAY6@10022614,"[""DAY5@11541700""]","[""imu"", ""rgb""]",true,true,true,ready
2.0,egolifeqa:egolifeqa-a1-jake-410,EgoLifeQA,benchmark,EgoLife,egolifeqa-a1-jake-410,EntityLog,I picked up a white power bank in Shure's room. When was the last time this power bank was charged?,"[""About eleven hours ago"", ""About two hours ago"", ""About four hours ago"", ""About two days ago""]",0,About eleven hours ago,public,"[""DAY6_A1_JAKE_10023000"", ""DAY5_A1_JAKE_23073000""]",egolifeqa:asset-65fea65b87bcf2db,"[""egolifeqa:asset-65fea65b87bcf2db"", ""egolifeqa:asset-baa72d601b8e7569""]",2,2,sensor_vqa/raw/egolife/video/A1_JAKE/DAY6/DAY6_A1_JAKE_10023000.mp4,"",sensor_vqa/raw/egolife/imu/A1_JAKE/DAY6/DAY6_A1_JAKE_10023000/DAY6_A1_JAKE_10023000_left.npz,"[""sensor_vqa/raw/egolife/imu/A1_JAKE/DAY6/DAY6_A1_JAKE_10023000/DAY6_A1_JAKE_10023000_left.npz"", ""sensor_vqa/raw/egolife/imu/A1_JAKE/DAY6/DAY6_A1_JAKE_10023000/DAY6_A1_JAKE_10023000_right.npz""]",,,,,0.0,,DAY6@10025409,"[""DAY5@23075100""]","[""imu"", ""rgb""]",true,true,true,ready
2.0,egolifeqa:egolifeqa-a1-jake-411,EgoLifeQA,benchmark,EgoLife,egolifeqa-a1-jake-411,EntityLog,When was this bottle of cola drunk?,"[""Yesterday afternoon"", ""This morning"", ""Yesterday at noon"", ""Last night""]",3,Last night,public,"[""DAY6_A1_JAKE_10040000"", ""DAY5_A1_JAKE_20160000""]",egolifeqa:asset-d06291455f26b948,"[""egolifeqa:asset-d06291455f26b948"", ""egolifeqa:asset-bc04c182129b5203""]",2,2,sensor_vqa/raw/egolife/video/A1_JAKE/DAY6/DAY6_A1_JAKE_10040000.mp4,"",sensor_vqa/raw/egolife/imu/A1_JAKE/DAY6/DAY6_A1_JAKE_10040000/DAY6_A1_JAKE_10040000_left.npz,"[""sensor_vqa/raw/egolife/imu/A1_JAKE/DAY6/DAY6_A1_JAKE_10040000/DAY6_A1_JAKE_10040000_left.npz"", ""sensor_vqa/raw/egolife/imu/A1_JAKE/DAY6/DAY6_A1_JAKE_10040000/DAY6_A1_JAKE_10040000_right.npz""]",,,,,0.0,,DAY6@10040416,"[""DAY5@20160908""]","[""imu"", ""rgb""]",true,true,true,ready
2.0,egolifeqa:egolifeqa-a1-jake-412,EgoLifeQA,benchmark,EgoLife,egolifeqa-a1-jake-412,EntityLog,I saw the dishes piled up by the kitchen sink. When were these dishes last washed?,"[""Yesterday afternoon"", ""Yesterday morning"", ""Last night"", ""Yesterday at noon""]",0,Yesterday afternoon,public,"[""DAY6_A1_JAKE_10040000"", ""DAY5_A1_JAKE_18443000""]",egolifeqa:asset-d06291455f26b948,"[""egolifeqa:asset-d06291455f26b948"", ""egolifeqa:asset-37b2c922ad698986""]",2,2,sensor_vqa/raw/egolife/video/A1_JAKE/DAY6/DAY6_A1_JAKE_10040000.mp4,"",sensor_vqa/raw/egolife/imu/A1_JAKE/DAY6/DAY6_A1_JAKE_10040000/DAY6_A1_JAKE_10040000_left.npz,"[""sensor_vqa/raw/egolife/imu/A1_JAKE/DAY6/DAY6_A1_JAKE_10040000/DAY6_A1_JAKE_10040000_left.npz"", ""sensor_vqa/raw/egolife/imu/A1_JAKE/DAY6/DAY6_A1_JAKE_10040000/DAY6_A1_JAKE_10040000_right.npz""]",,,,,0.0,,DAY6@10042716,"[""DAY5@18444400""]","[""imu"", ""rgb""]",true,true,true,ready
2.0,egolifeqa:egolifeqa-a1-jake-413,EgoLifeQA,benchmark,EgoLife,egolifeqa-a1-jake-413,EventRecall,What was I going to do the last time I passed by the red refrigerator?,"[""Check the power bank's battery level"", ""Eat something"", ""Wash hands"", ""Open the refrigerator to take something""]",3,Open the refrigerator to take something,public,"[""DAY6_A1_JAKE_10043000"", ""DAY5_A1_JAKE_20000000""]",egolifeqa:asset-720738813c732c95,"[""egolifeqa:asset-720738813c732c95"", ""egolifeqa:asset-b9410102dc717004""]",2,2,sensor_vqa/raw/egolife/video/A1_JAKE/DAY6/DAY6_A1_JAKE_10043000.mp4,"",sensor_vqa/raw/egolife/imu/A1_JAKE/DAY6/DAY6_A1_JAKE_10043000/DAY6_A1_JAKE_10043000_left.npz,"[""sensor_vqa/raw/egolife/imu/A1_JAKE/DAY6/DAY6_A1_JAKE_10043000/DAY6_A1_JAKE_10043000_left.npz"", ""sensor_vqa/raw/egolife/imu/A1_JAKE/DAY6/DAY6_A1_JAKE_10043000/DAY6_A1_JAKE_10043000_right.npz""]",,,,,0.0,,DAY6@10045104,"[""DAY5@20002100""]","[""imu"", ""rgb""]",true,true,true,ready
2.0,egolifeqa:egolifeqa-a1-jake-414,EgoLifeQA,benchmark,EgoLife,egolifeqa-a1-jake-414,EventRecall,Under what circumstances did I last inquire about going to the hospital?,"[""Cut my hand"", ""Discussing drinking"", ""Allergy"", ""Lucia was bitten by a dog""]",1,Discussing drinking,public,"[""DAY6_A1_JAKE_10090000"", ""DAY5_A1_JAKE_16033000""]",egolifeqa:asset-215544731657ee04,"[""egolifeqa:asset-215544731657ee04"", ""egolifeqa:asset-1b547095bd7cd3c9""]",2,2,sensor_vqa/raw/egolife/video/A1_JAKE/DAY6/DAY6_A1_JAKE_10090000.mp4,"",sensor_vqa/raw/egolife/imu/A1_JAKE/DAY6/DAY6_A1_JAKE_10090000/DAY6_A1_JAKE_10090000_left.npz,"[""sensor_vqa/raw/egolife/imu/A1_JAKE/DAY6/DAY6_A1_JAKE_10090000/DAY6_A1_JAKE_10090000_left.npz"", ""sensor_vqa/raw/egolife/imu/A1_JAKE/DAY6/DAY6_A1_JAKE_10090000/DAY6_A1_JAKE_10090000_right.npz""]",,,,,0.0,,DAY6@10091303,"[""DAY5@16033404""]","[""imu"", ""rgb""]",true,true,true,ready
2.0,egolifeqa:egolifeqa-a1-jake-415,EgoLifeQA,benchmark,EgoLife,egolifeqa-a1-jake-415,EntityLog,When was the last time these cooking tools and ingredients were used?,"[""Yesterday afternoon"", ""Yesterday at noon"", ""Last night"", ""Yesterday morning""]",2,Last night,public,"[""DAY6_A1_JAKE_10170000"", ""DAY5_A1_JAKE_20320000""]",egolifeqa:asset-7c462845c52ccb9f,"[""egolifeqa:asset-7c462845c52ccb9f"", ""egolifeqa:asset-f1d6322d1d0b418e""]",2,2,sensor_vqa/raw/egolife/video/A1_JAKE/DAY6/DAY6_A1_JAKE_10170000.mp4,"",sensor_vqa/raw/egolife/imu/A1_JAKE/DAY6/DAY6_A1_JAKE_10170000/DAY6_A1_JAKE_10170000_left.npz,"[""sensor_vqa/raw/egolife/imu/A1_JAKE/DAY6/DAY6_A1_JAKE_10170000/DAY6_A1_JAKE_10170000_left.npz"", ""sensor_vqa/raw/egolife/imu/A1_JAKE/DAY6/DAY6_A1_JAKE_10170000/DAY6_A1_JAKE_10170000_right.npz""]",,,,,0.0,,DAY6@10171509,"[""DAY5@20321400""]","[""imu"", ""rgb""]",true,true,true,ready
2.0,egolifeqa:egolifeqa-a1-jake-416,EgoLifeQA,benchmark,EgoLife,egolifeqa-a1-jake-416,EntityLog,What was the oven last used to bake?,"[""Pizza"", ""Sweet Potato"", ""Egg Tart"", ""Cake""]",2,Egg Tart,public,"[""DAY6_A1_JAKE_10243000"", ""DAY5_A1_JAKE_20180000""]",egolifeqa:asset-6f0cacad9a455e0f,"[""egolifeqa:asset-6f0cacad9a455e0f"", ""egolifeqa:asset-1e031c793d95ae1e""]",2,2,sensor_vqa/raw/egolife/video/A1_JAKE/DAY6/DAY6_A1_JAKE_10243000.mp4,"",sensor_vqa/raw/egolife/imu/A1_JAKE/DAY6/DAY6_A1_JAKE_10243000/DAY6_A1_JAKE_10243000_left.npz,"[""sensor_vqa/raw/egolife/imu/A1_JAKE/DAY6/DAY6_A1_JAKE_10243000/DAY6_A1_JAKE_10243000_left.npz"", ""sensor_vqa/raw/egolife/imu/A1_JAKE/DAY6/DAY6_A1_JAKE_10243000/DAY6_A1_JAKE_10243000_right.npz""]",,,,,0.0,,DAY6@10244704,"[""DAY5@20182800""]","[""imu"", ""rgb""]",true,true,true,ready
2.0,egolifeqa:egolifeqa-a1-jake-417,EgoLifeQA,benchmark,EgoLife,egolifeqa-a1-jake-417,EntityLog,Who used the kitchen knife before Nicous?,"[""Alice"", ""Tasha"", ""Shure"", ""Me""]",3,Me,public,"[""DAY6_A1_JAKE_10320000"", ""DAY5_A1_JAKE_11520000""]",egolifeqa:asset-7f86aab81126c8cf,"[""egolifeqa:asset-7f86aab81126c8cf"", ""egolifeqa:asset-e60496bb18d2fdee""]",2,2,sensor_vqa/raw/egolife/video/A1_JAKE/DAY6/DAY6_A1_JAKE_10320000.mp4,"",sensor_vqa/raw/egolife/imu/A1_JAKE/DAY6/DAY6_A1_JAKE_10320000/DAY6_A1_JAKE_10320000_left.npz,"[""sensor_vqa/raw/egolife/imu/A1_JAKE/DAY6/DAY6_A1_JAKE_10320000/DAY6_A1_JAKE_10320000_left.npz"", ""sensor_vqa/raw/egolife/imu/A1_JAKE/DAY6/DAY6_A1_JAKE_10320000/DAY6_A1_JAKE_10320000_right.npz""]",,,,,0.0,,DAY6@10322302,"[""DAY5@11521000""]","[""imu"", ""rgb""]",true,true,true,ready
2.0,egolifeqa:egolifeqa-a1-jake-418,EgoLifeQA,benchmark,EgoLife,egolifeqa-a1-jake-418,EntityLog,When was the last time I went out wearing slippers?,"[""About two hours ago"", ""About four hours ago"", ""About an hour ago"", ""Didn't go out.""]",2,About an hour ago,public,"[""DAY6_A1_JAKE_10533000"", ""DAY6_A1_JAKE_10013000""]",egolifeqa:asset-66db7f659913caa5,"[""egolifeqa:asset-66db7f659913caa5"", ""egolifeqa:asset-4e4aa5a69cf17ac9""]",2,2,sensor_vqa/raw/egolife/video/A1_JAKE/DAY6/DAY6_A1_JAKE_10533000.mp4,"",sensor_vqa/raw/egolife/imu/A1_JAKE/DAY6/DAY6_A1_JAKE_10533000/DAY6_A1_JAKE_10533000_left.npz,"[""sensor_vqa/raw/egolife/imu/A1_JAKE/DAY6/DAY6_A1_JAKE_10533000/DAY6_A1_JAKE_10533000_left.npz"", ""sensor_vqa/raw/egolife/imu/A1_JAKE/DAY6/DAY6_A1_JAKE_10533000/DAY6_A1_JAKE_10533000_right.npz""]",,,,,0.0,,DAY6@10535313,"[""DAY6@10013702""]","[""imu"", ""rgb""]",true,true,true,ready
2.0,egolifeqa:egolifeqa-a1-jake-419,EgoLifeQA,benchmark,EgoLife,egolifeqa-a1-jake-419,EventRecall,What were we doing the last time I mentioned settling the bill?,"[""Playing video games"", ""Eating pizza"", ""Eating burgers"", ""Shopping""]",3,Shopping,public,"[""DAY6_A1_JAKE_11230000"", ""DAY5_A1_JAKE_16303000""]",egolifeqa:asset-e619ef37b78d48f6,"[""egolifeqa:asset-e619ef37b78d48f6"", ""egolifeqa:asset-bb1f79c39eb6e14c""]",2,2,sensor_vqa/raw/egolife/video/A1_JAKE/DAY6/DAY6_A1_JAKE_11230000.mp4,"",sensor_vqa/raw/egolife/imu/A1_JAKE/DAY6/DAY6_A1_JAKE_11230000/DAY6_A1_JAKE_11230000_left.npz,"[""sensor_vqa/raw/egolife/imu/A1_JAKE/DAY6/DAY6_A1_JAKE_11230000/DAY6_A1_JAKE_11230000_left.npz"", ""sensor_vqa/raw/egolife/imu/A1_JAKE/DAY6/DAY6_A1_JAKE_11230000/DAY6_A1_JAKE_11230000_right.npz""]",,,,,0.0,,DAY6@11230918,"[""DAY5@16305604""]","[""imu"", ""rgb""]",true,true,true,ready
2.0,egolifeqa:egolifeqa-a1-jake-420,EgoLifeQA,benchmark,EgoLife,egolifeqa-a1-jake-420,RelationMap,Who is sitting with Alice and making gestures on the screen?,"[""Katrina, Nicous"", ""Nicous, Shure"", ""Tasha, Lucia"", ""Nicous, Tasha""]",2,"Tasha, Lucia",public,"[""DAY6_A1_JAKE_11293000"", ""DAY5_A1_JAKE_12323000""]",egolifeqa:asset-0dfb76d1f88ee40d,"[""egolifeqa:asset-0dfb76d1f88ee40d"", ""egolifeqa:asset-208bebaf99e96e4c""]",2,2,sensor_vqa/raw/egolife/video/A1_JAKE/DAY6/DAY6_A1_JAKE_11293000.mp4,"",sensor_vqa/raw/egolife/imu/A1_JAKE/DAY6/DAY6_A1_JAKE_11293000/DAY6_A1_JAKE_11293000_left.npz,"[""sensor_vqa/raw/egolife/imu/A1_JAKE/DAY6/DAY6_A1_JAKE_11293000/DAY6_A1_JAKE_11293000_left.npz"", ""sensor_vqa/raw/egolife/imu/A1_JAKE/DAY6/DAY6_A1_JAKE_11293000/DAY6_A1_JAKE_11293000_right.npz""]",,,,,0.0,,DAY6@11293100,"[""DAY5@12323417""]","[""imu"", ""rgb""]",true,true,true,ready
2.0,egolifeqa:egolifeqa-a1-jake-421,EgoLifeQA,benchmark,EgoLife,egolifeqa-a1-jake-421,EventRecall,When was the last time we passed by the ancient archway?,"[""About half an hour ago"", ""About an hour ago"", ""About 20 minutes ago"", ""About 40 minutes ago""]",0,About half an hour ago,public,"[""DAY6_A1_JAKE_11320000"", ""DAY6_A1_JAKE_10583000""]",egolifeqa:asset-3d8e452da554d3e8,"[""egolifeqa:asset-3d8e452da554d3e8"", ""egolifeqa:asset-17c79ef9175c9d40""]",2,2,sensor_vqa/raw/egolife/video/A1_JAKE/DAY6/DAY6_A1_JAKE_11320000.mp4,"",sensor_vqa/raw/egolife/imu/A1_JAKE/DAY6/DAY6_A1_JAKE_11320000/DAY6_A1_JAKE_11320000_left.npz,"[""sensor_vqa/raw/egolife/imu/A1_JAKE/DAY6/DAY6_A1_JAKE_11320000/DAY6_A1_JAKE_11320000_left.npz"", ""sensor_vqa/raw/egolife/imu/A1_JAKE/DAY6/DAY6_A1_JAKE_11320000/DAY6_A1_JAKE_11320000_right.npz""]",,,,,0.0,,DAY6@11322818,"[""DAY6@10584400""]","[""imu"", ""rgb""]",true,true,true,ready
2.0,egolifeqa:egolifeqa-a1-jake-422,EgoLifeQA,benchmark,EgoLife,egolifeqa-a1-jake-422,EntityLog,When was the last time the fridge was opened?,"[""About three hours ago"", ""About 15 minutes ago"", ""About two hour ago"", ""About four hours ago""]",1,About 15 minutes ago,public,"[""DAY6_A1_JAKE_12110000"", ""DAY6_A1_JAKE_11563000""]",egolifeqa:asset-a1e743866e927015,"[""egolifeqa:asset-a1e743866e927015"", ""egolifeqa:asset-b070c7d3b9a5b679""]",2,2,sensor_vqa/raw/egolife/video/A1_JAKE/DAY6/DAY6_A1_JAKE_12110000.mp4,"",sensor_vqa/raw/egolife/imu/A1_JAKE/DAY6/DAY6_A1_JAKE_12110000/DAY6_A1_JAKE_12110000_left.npz,"[""sensor_vqa/raw/egolife/imu/A1_JAKE/DAY6/DAY6_A1_JAKE_12110000/DAY6_A1_JAKE_12110000_left.npz"", ""sensor_vqa/raw/egolife/imu/A1_JAKE/DAY6/DAY6_A1_JAKE_12110000/DAY6_A1_JAKE_12110000_right.npz""]",,,,,0.0,,DAY6@12112206,"[""DAY6@11563400""]","[""imu"", ""rgb""]",true,true,true,ready
2.0,egolifeqa:egolifeqa-a1-jake-423,EgoLifeQA,benchmark,EgoLife,egolifeqa-a1-jake-423,EventRecall,"The last time I went up to the second floor, what did I do?","[""Dance"", ""Place some items on the table."", ""Eat braised food"", ""Meeting""]",1,Place some items on the table.,public,"[""DAY6_A1_JAKE_12113000"", ""DAY6_A1_JAKE_12060000""]",egolifeqa:asset-3b5fda1b1a5870f7,"[""egolifeqa:asset-3b5fda1b1a5870f7"", ""egolifeqa:asset-6fb29f3d2aff1b9d""]",2,2,sensor_vqa/raw/egolife/video/A1_JAKE/DAY6/DAY6_A1_JAKE_12113000.mp4,"",sensor_vqa/raw/egolife/imu/A1_JAKE/DAY6/DAY6_A1_JAKE_12113000/DAY6_A1_JAKE_12113000_left.npz,"[""sensor_vqa/raw/egolife/imu/A1_JAKE/DAY6/DAY6_A1_JAKE_12113000/DAY6_A1_JAKE_12113000_left.npz"", ""sensor_vqa/raw/egolife/imu/A1_JAKE/DAY6/DAY6_A1_JAKE_12113000/DAY6_A1_JAKE_12113000_right.npz""]",,,,,0.0,,DAY6@12113515,"[""DAY6@12062050""]","[""imu"", ""rgb""]",true,true,true,ready
2.0,egolifeqa:egolifeqa-a1-jake-424,EgoLifeQA,benchmark,EgoLife,egolifeqa-a1-jake-424,EntityLog,Where is my data cable?,"[""Upstairs"", ""Downstairs"", ""On the table"", ""In the room""]",0,Upstairs,public,"[""DAY6_A1_JAKE_12163000"", ""DAY6_A1_JAKE_12110000""]",egolifeqa:asset-9009be3f678121b6,"[""egolifeqa:asset-9009be3f678121b6"", ""egolifeqa:asset-a1e743866e927015""]",2,2,sensor_vqa/raw/egolife/video/A1_JAKE/DAY6/DAY6_A1_JAKE_12163000.mp4,"",sensor_vqa/raw/egolife/imu/A1_JAKE/DAY6/DAY6_A1_JAKE_12163000/DAY6_A1_JAKE_12163000_left.npz,"[""sensor_vqa/raw/egolife/imu/A1_JAKE/DAY6/DAY6_A1_JAKE_12163000/DAY6_A1_JAKE_12163000_left.npz"", ""sensor_vqa/raw/egolife/imu/A1_JAKE/DAY6/DAY6_A1_JAKE_12163000/DAY6_A1_JAKE_12163000_right.npz""]",,,,,0.0,,DAY6@12164902,"[""DAY6@12112319""]","[""imu"", ""rgb""]",true,true,true,ready
2.0,egolifeqa:egolifeqa-a1-jake-425,EgoLifeQA,benchmark,EgoLife,egolifeqa-a1-jake-425,EntityLog,Who played the piano last time?,"[""Alice"", ""Choiszt"", ""Katrina"", ""Me""]",1,Choiszt,public,"[""DAY6_A1_JAKE_12190000"", ""DAY6_A1_JAKE_12120000""]",egolifeqa:asset-4c7becf330b93b85,"[""egolifeqa:asset-4c7becf330b93b85"", ""egolifeqa:asset-cd235c11f3475359""]",2,2,sensor_vqa/raw/egolife/video/A1_JAKE/DAY6/DAY6_A1_JAKE_12190000.mp4,"",sensor_vqa/raw/egolife/imu/A1_JAKE/DAY6/DAY6_A1_JAKE_12190000/DAY6_A1_JAKE_12190000_left.npz,"[""sensor_vqa/raw/egolife/imu/A1_JAKE/DAY6/DAY6_A1_JAKE_12190000/DAY6_A1_JAKE_12190000_left.npz"", ""sensor_vqa/raw/egolife/imu/A1_JAKE/DAY6/DAY6_A1_JAKE_12190000/DAY6_A1_JAKE_12190000_right.npz""]",,,,,0.0,,DAY6@12191509,"[""DAY6@12121200""]","[""imu"", ""rgb""]",true,true,true,ready
2.0,egolifeqa:egolifeqa-a1-jake-426,EgoLifeQA,benchmark,EgoLife,egolifeqa-a1-jake-426,EventRecall,"I am currently washing a water cup, what happened the last time I was cleaning something in the kitchen?","[""Ate strawberries"", ""Got cut by a knife"", ""Broke a cup"", ""Cooked""]",1,Got cut by a knife,public,"[""DAY6_A1_JAKE_12233000"", ""DAY5_A1_JAKE_18360000""]",egolifeqa:asset-04636332d10ecb3d,"[""egolifeqa:asset-04636332d10ecb3d"", ""egolifeqa:asset-97f26ebc160767fb""]",2,2,sensor_vqa/raw/egolife/video/A1_JAKE/DAY6/DAY6_A1_JAKE_12233000.mp4,"",sensor_vqa/raw/egolife/imu/A1_JAKE/DAY6/DAY6_A1_JAKE_12233000/DAY6_A1_JAKE_12233000_left.npz,"[""sensor_vqa/raw/egolife/imu/A1_JAKE/DAY6/DAY6_A1_JAKE_12233000/DAY6_A1_JAKE_12233000_left.npz"", ""sensor_vqa/raw/egolife/imu/A1_JAKE/DAY6/DAY6_A1_JAKE_12233000/DAY6_A1_JAKE_12233000_right.npz""]",,,,,0.0,,DAY6@12233107,"[""DAY5@18361600""]","[""imu"", ""rgb""]",true,true,true,ready
2.0,egolifeqa:egolifeqa-a1-jake-427,EgoLifeQA,benchmark,EgoLife,egolifeqa-a1-jake-427,RelationMap,Who prepared the box containing food in Choiszt's hand?,"[""Alice"", ""Tasha"", ""Shure"", ""Jack""]",1,Tasha,public,"[""DAY6_A1_JAKE_12490000"", ""DAY5_A1_JAKE_20280000""]",egolifeqa:asset-3e4336c822d362b9,"[""egolifeqa:asset-3e4336c822d362b9"", ""egolifeqa:asset-9d07eba812eb6e3d""]",2,2,sensor_vqa/raw/egolife/video/A1_JAKE/DAY6/DAY6_A1_JAKE_12490000.mp4,"",sensor_vqa/raw/egolife/imu/A1_JAKE/DAY6/DAY6_A1_JAKE_12490000/DAY6_A1_JAKE_12490000_left.npz,"[""sensor_vqa/raw/egolife/imu/A1_JAKE/DAY6/DAY6_A1_JAKE_12490000/DAY6_A1_JAKE_12490000_left.npz"", ""sensor_vqa/raw/egolife/imu/A1_JAKE/DAY6/DAY6_A1_JAKE_12490000/DAY6_A1_JAKE_12490000_right.npz""]",,,,,0.0,,DAY6@12491005,"[""DAY5@20282500""]","[""imu"", ""rgb""]",true,true,true,ready
2.0,egolifeqa:egolifeqa-a1-jake-428,EgoLifeQA,benchmark,EgoLife,egolifeqa-a1-jake-428,EntityLog,When was the last time the small lamp on the windowsill was used?,"[""About a day ago"", ""About four hours ago"", ""About 40 minutes ago"", ""About two hours ago""]",2,About 40 minutes ago,public,"[""DAY6_A1_JAKE_12560000"", ""DAY6_A1_JAKE_12180000""]",egolifeqa:asset-438bdb36b59c071a,"[""egolifeqa:asset-438bdb36b59c071a"", ""egolifeqa:asset-8af2964faed78a37""]",2,2,sensor_vqa/raw/egolife/video/A1_JAKE/DAY6/DAY6_A1_JAKE_12560000.mp4,"",sensor_vqa/raw/egolife/imu/A1_JAKE/DAY6/DAY6_A1_JAKE_12560000/DAY6_A1_JAKE_12560000_left.npz,"[""sensor_vqa/raw/egolife/imu/A1_JAKE/DAY6/DAY6_A1_JAKE_12560000/DAY6_A1_JAKE_12560000_left.npz"", ""sensor_vqa/raw/egolife/imu/A1_JAKE/DAY6/DAY6_A1_JAKE_12560000/DAY6_A1_JAKE_12560000_right.npz""]",,,,,0.0,,DAY6@12561410,"[""DAY6@12182600""]","[""imu"", ""rgb""]",true,true,true,ready
2.0,egolifeqa:egolifeqa-a1-jake-429,EgoLifeQA,benchmark,EgoLife,egolifeqa-a1-jake-429,EventRecall,"Now that I have opened the red refrigerator on the right side of the kitchen, what did I put in the last time I opened it?","[""Burger"", ""Yogurt"", ""Pizza"", ""Ice cream""]",3,Ice cream,public,"[""DAY6_A1_JAKE_13000000"", ""DAY5_A1_JAKE_20000000""]",egolifeqa:asset-40fed349e6a1e041,"[""egolifeqa:asset-40fed349e6a1e041"", ""egolifeqa:asset-b9410102dc717004""]",2,2,sensor_vqa/raw/egolife/video/A1_JAKE/DAY6/DAY6_A1_JAKE_13000000.mp4,"",sensor_vqa/raw/egolife/imu/A1_JAKE/DAY6/DAY6_A1_JAKE_13000000/DAY6_A1_JAKE_13000000_left.npz,"[""sensor_vqa/raw/egolife/imu/A1_JAKE/DAY6/DAY6_A1_JAKE_13000000/DAY6_A1_JAKE_13000000_left.npz"", ""sensor_vqa/raw/egolife/imu/A1_JAKE/DAY6/DAY6_A1_JAKE_13000000/DAY6_A1_JAKE_13000000_right.npz""]",,,,,0.0,,DAY6@13001417,"[""DAY5@20002300""]","[""imu"", ""rgb""]",true,true,true,ready
2.0,egolifeqa:egolifeqa-a1-jake-430,EgoLifeQA,benchmark,EgoLife,egolifeqa-a1-jake-430,EventRecall,"Now I am lying in bed, what was I doing the last time I used my laptop in bed?","[""Watching videos"", ""Using the browser"", ""Listening to music"", ""Exporting data""]",1,Using the browser,public,"[""DAY6_A1_JAKE_13090000"", ""DAY6_A1_JAKE_12270000""]",egolifeqa:asset-a35e3340fc055053,"[""egolifeqa:asset-a35e3340fc055053"", ""egolifeqa:asset-0fb5d340ef85a52a""]",2,2,sensor_vqa/raw/egolife/video/A1_JAKE/DAY6/DAY6_A1_JAKE_13090000.mp4,"",sensor_vqa/raw/egolife/imu/A1_JAKE/DAY6/DAY6_A1_JAKE_13090000/DAY6_A1_JAKE_13090000_left.npz,"[""sensor_vqa/raw/egolife/imu/A1_JAKE/DAY6/DAY6_A1_JAKE_13090000/DAY6_A1_JAKE_13090000_left.npz"", ""sensor_vqa/raw/egolife/imu/A1_JAKE/DAY6/DAY6_A1_JAKE_13090000/DAY6_A1_JAKE_13090000_right.npz""]",,,,,0.0,,DAY6@13091804,"[""DAY6@12272218""]","[""imu"", ""rgb""]",true,true,true,ready
2.0,egolifeqa:egolifeqa-a1-jake-431,EgoLifeQA,benchmark,EgoLife,egolifeqa-a1-jake-431,EventRecall,When was the last time I scanned the QR code with the action camera?,"[""This afternoon"", ""Last night"", ""Yesterday afternoon"", ""This morning""]",3,This morning,public,"[""DAY6_A1_JAKE_15183000"", ""DAY6_A1_JAKE_10423000""]",egolifeqa:asset-8dab15643a28a226,"[""egolifeqa:asset-8dab15643a28a226"", ""egolifeqa:asset-d23712b5e4e9f250""]",2,2,sensor_vqa/raw/egolife/video/A1_JAKE/DAY6/DAY6_A1_JAKE_15183000.mp4,"",sensor_vqa/raw/egolife/imu/A1_JAKE/DAY6/DAY6_A1_JAKE_15183000/DAY6_A1_JAKE_15183000_left.npz,"[""sensor_vqa/raw/egolife/imu/A1_JAKE/DAY6/DAY6_A1_JAKE_15183000/DAY6_A1_JAKE_15183000_left.npz"", ""sensor_vqa/raw/egolife/imu/A1_JAKE/DAY6/DAY6_A1_JAKE_15183000/DAY6_A1_JAKE_15183000_right.npz""]",,,,,0.0,,DAY6@15183401,"[""DAY6@10425000""]","[""imu"", ""rgb""]",true,true,true,ready
2.0,egolifeqa:egolifeqa-a1-jake-432,EgoLifeQA,benchmark,EgoLife,egolifeqa-a1-jake-432,EventRecall,"I am now plugging in a power bank, what was the color of the power bank I used last time?","[""White"", ""Black"", ""Green"", ""Yellow""]",1,Black,public,"[""DAY6_A1_JAKE_15390000"", ""DAY6_A1_JAKE_15163000""]",egolifeqa:asset-9b904bfb920bf6cd,"[""egolifeqa:asset-9b904bfb920bf6cd"", ""egolifeqa:asset-f6af9d3153d18985""]",2,2,sensor_vqa/raw/egolife/video/A1_JAKE/DAY6/DAY6_A1_JAKE_15390000.mp4,"",sensor_vqa/raw/egolife/imu/A1_JAKE/DAY6/DAY6_A1_JAKE_15390000/DAY6_A1_JAKE_15390000_left.npz,"[""sensor_vqa/raw/egolife/imu/A1_JAKE/DAY6/DAY6_A1_JAKE_15390000/DAY6_A1_JAKE_15390000_left.npz"", ""sensor_vqa/raw/egolife/imu/A1_JAKE/DAY6/DAY6_A1_JAKE_15390000/DAY6_A1_JAKE_15390000_right.npz""]",,,,,0.0,,DAY6@15391118,"[""DAY6@15163808""]","[""imu"", ""rgb""]",true,true,true,ready
2.0,egolifeqa:egolifeqa-a1-jake-433,EgoLifeQA,benchmark,EgoLife,egolifeqa-a1-jake-433,EventRecall,"Tasha is flipping the egg tart now, who helped her the last time she made egg tarts?","[""Alice"", ""Katrina"", ""Choiszt"", ""Shure""]",2,Choiszt,public,"[""DAY6_A1_JAKE_15500000"", ""DAY5_A1_JAKE_18380000""]",egolifeqa:asset-e61856b482874250,"[""egolifeqa:asset-e61856b482874250"", ""egolifeqa:asset-a56dd8c71afbb070""]",2,2,sensor_vqa/raw/egolife/video/A1_JAKE/DAY6/DAY6_A1_JAKE_15500000.mp4,"",sensor_vqa/raw/egolife/imu/A1_JAKE/DAY6/DAY6_A1_JAKE_15500000/DAY6_A1_JAKE_15500000_left.npz,"[""sensor_vqa/raw/egolife/imu/A1_JAKE/DAY6/DAY6_A1_JAKE_15500000/DAY6_A1_JAKE_15500000_left.npz"", ""sensor_vqa/raw/egolife/imu/A1_JAKE/DAY6/DAY6_A1_JAKE_15500000/DAY6_A1_JAKE_15500000_right.npz""]",,,,,0.0,,DAY6@15500917,"[""DAY5@18381100""]","[""imu"", ""rgb""]",true,true,true,ready
2.0,egolifeqa:egolifeqa-a1-jake-434,EgoLifeQA,benchmark,EgoLife,egolifeqa-a1-jake-434,EventRecall,"Now that Lucia is busy in the kitchen, what were we preparing the last time she was busy there?","[""Baked Egg Tart"", ""Whipping cream"", ""Cutting fruit"", ""Parchment paper""]",3,Parchment paper,public,"[""DAY6_A1_JAKE_15500000"", ""DAY5_A1_JAKE_20273000""]",egolifeqa:asset-e61856b482874250,"[""egolifeqa:asset-e61856b482874250"", ""egolifeqa:asset-17a4ca14843f1f54""]",2,2,sensor_vqa/raw/egolife/video/A1_JAKE/DAY6/DAY6_A1_JAKE_15500000.mp4,"",sensor_vqa/raw/egolife/imu/A1_JAKE/DAY6/DAY6_A1_JAKE_15500000/DAY6_A1_JAKE_15500000_left.npz,"[""sensor_vqa/raw/egolife/imu/A1_JAKE/DAY6/DAY6_A1_JAKE_15500000/DAY6_A1_JAKE_15500000_left.npz"", ""sensor_vqa/raw/egolife/imu/A1_JAKE/DAY6/DAY6_A1_JAKE_15500000/DAY6_A1_JAKE_15500000_right.npz""]",,,,,0.0,,DAY6@15501601,"[""DAY5@20274916""]","[""imu"", ""rgb""]",true,true,true,ready
2.0,egolifeqa:egolifeqa-a1-jake-435,EgoLifeQA,benchmark,EgoLife,egolifeqa-a1-jake-435,TaskMaster,What might the first activity be?,"[""Guess who I am"", ""Quiz"", ""Cutting the cake"", ""Distributing souvenirs""]",1,Quiz,public,"[""DAY6_A1_JAKE_16023000"", ""DAY1_A1_JAKE_11593000""]",egolifeqa:asset-c741fbb3b50067b1,"[""egolifeqa:asset-c741fbb3b50067b1"", ""egolifeqa:asset-b74fa2c806f5a39b""]",2,2,sensor_vqa/raw/egolife/video/A1_JAKE/DAY6/DAY6_A1_JAKE_16023000.mp4,"",sensor_vqa/raw/egolife/imu/A1_JAKE/DAY6/DAY6_A1_JAKE_16023000/DAY6_A1_JAKE_16023000_left.npz,"[""sensor_vqa/raw/egolife/imu/A1_JAKE/DAY6/DAY6_A1_JAKE_16023000/DAY6_A1_JAKE_16023000_left.npz"", ""sensor_vqa/raw/egolife/imu/A1_JAKE/DAY6/DAY6_A1_JAKE_16023000/DAY6_A1_JAKE_16023000_right.npz""]",,,,,0.0,,DAY6@16024108,"[""DAY1@11593508""]","[""imu"", ""rgb""]",true,true,true,ready
2.0,egolifeqa:egolifeqa-a1-jake-436,EgoLifeQA,benchmark,EgoLife,egolifeqa-a1-jake-436,EntityLog,What task was I handling the last time I used this laptop?,"[""Export data"", ""Edit ppt"", ""Play games"", ""Watch videos""]",1,Edit ppt,public,"[""DAY6_A1_JAKE_16220000"", ""DAY6_A1_JAKE_15323000""]",egolifeqa:asset-7640620167432ba1,"[""egolifeqa:asset-7640620167432ba1"", ""egolifeqa:asset-f1ec290879065b0f""]",2,2,sensor_vqa/raw/egolife/video/A1_JAKE/DAY6/DAY6_A1_JAKE_16220000.mp4,"",sensor_vqa/raw/egolife/imu/A1_JAKE/DAY6/DAY6_A1_JAKE_16220000/DAY6_A1_JAKE_16220000_left.npz,"[""sensor_vqa/raw/egolife/imu/A1_JAKE/DAY6/DAY6_A1_JAKE_16220000/DAY6_A1_JAKE_16220000_left.npz"", ""sensor_vqa/raw/egolife/imu/A1_JAKE/DAY6/DAY6_A1_JAKE_16220000/DAY6_A1_JAKE_16220000_right.npz""]",,,,,0.0,,DAY6@16220014,"[""DAY6@15325008""]","[""imu"", ""rgb""]",true,true,true,ready
2.0,egolifeqa:egolifeqa-a1-jake-437,EgoLifeQA,benchmark,EgoLife,egolifeqa-a1-jake-437,EntityLog,Who was the last person to use the keyboard in the second-floor living room?,"[""Shure"", ""Nicous"", ""Alice"", ""Lucia""]",1,Nicous,public,"[""DAY6_A1_JAKE_16360000"", ""DAY6_A1_JAKE_12563000""]",egolifeqa:asset-2aeec20f72b2c92d,"[""egolifeqa:asset-2aeec20f72b2c92d"", ""egolifeqa:asset-2fc9114db8968d8c""]",2,2,sensor_vqa/raw/egolife/video/A1_JAKE/DAY6/DAY6_A1_JAKE_16360000.mp4,"",sensor_vqa/raw/egolife/imu/A1_JAKE/DAY6/DAY6_A1_JAKE_16360000/DAY6_A1_JAKE_16360000_left.npz,"[""sensor_vqa/raw/egolife/imu/A1_JAKE/DAY6/DAY6_A1_JAKE_16360000/DAY6_A1_JAKE_16360000_left.npz"", ""sensor_vqa/raw/egolife/imu/A1_JAKE/DAY6/DAY6_A1_JAKE_16360000/DAY6_A1_JAKE_16360000_right.npz""]",,,,,0.0,,DAY6@16361102,"[""DAY6@12565000""]","[""imu"", ""rgb""]",true,true,true,ready
2.0,egolifeqa:egolifeqa-a1-jake-438,EgoLifeQA,benchmark,EgoLife,egolifeqa-a1-jake-438,EntityLog,When was the last time the microwave in the kitchen was used?,"[""The night before yesterday"", ""The afternoon before yesterday"", ""Three days ago at night"", ""Three days ago at noon""]",3,Three days ago at noon,public,"[""DAY6_A1_JAKE_16383000"", ""DAY3_A1_JAKE_12180000""]",egolifeqa:asset-278e557e929950ec,"[""egolifeqa:asset-278e557e929950ec"", ""egolifeqa:asset-7fee85a0ab2454c8""]",2,2,sensor_vqa/raw/egolife/video/A1_JAKE/DAY6/DAY6_A1_JAKE_16383000.mp4,"",sensor_vqa/raw/egolife/imu/A1_JAKE/DAY6/DAY6_A1_JAKE_16383000/DAY6_A1_JAKE_16383000_left.npz,"[""sensor_vqa/raw/egolife/imu/A1_JAKE/DAY6/DAY6_A1_JAKE_16383000/DAY6_A1_JAKE_16383000_left.npz"", ""sensor_vqa/raw/egolife/imu/A1_JAKE/DAY6/DAY6_A1_JAKE_16383000/DAY6_A1_JAKE_16383000_right.npz""]",,,,,0.0,,DAY6@16384716,"[""DAY3@12182902""]","[""imu"", ""rgb""]",true,true,true,ready
2.0,egolifeqa:egolifeqa-a1-jake-439,EgoLifeQA,benchmark,EgoLife,egolifeqa-a1-jake-439,TaskMaster,What might Lucia auction?,"[""Cardboard puppy"", ""Pizza"", ""Dessert"", ""Postcard""]",0,Cardboard puppy,public,"[""DAY6_A1_JAKE_16423000"", ""DAY1_A1_JAKE_11393000""]",egolifeqa:asset-4e08fbe729da9b71,"[""egolifeqa:asset-4e08fbe729da9b71"", ""egolifeqa:asset-2cffc382d4d80fc8""]",2,2,sensor_vqa/raw/egolife/video/A1_JAKE/DAY6/DAY6_A1_JAKE_16423000.mp4,"",sensor_vqa/raw/egolife/imu/A1_JAKE/DAY6/DAY6_A1_JAKE_16423000/DAY6_A1_JAKE_16423000_left.npz,"[""sensor_vqa/raw/egolife/imu/A1_JAKE/DAY6/DAY6_A1_JAKE_16423000/DAY6_A1_JAKE_16423000_left.npz"", ""sensor_vqa/raw/egolife/imu/A1_JAKE/DAY6/DAY6_A1_JAKE_16423000/DAY6_A1_JAKE_16423000_right.npz""]",,,,,0.0,,DAY6@16424504,"[""DAY1@11395708""]","[""imu"", ""rgb""]",true,true,true,ready
2.0,egolifeqa:egolifeqa-a1-jake-440,EgoLifeQA,benchmark,EgoLife,egolifeqa-a1-jake-440,EntityLog,Who made the Cardboard Puppy?,"[""Me"", ""Tasha"", ""Shure"", ""Lucia""]",3,Lucia,public,"[""DAY6_A1_JAKE_16430000"", ""DAY4_A1_JAKE_18100000""]",egolifeqa:asset-372c0267a65f7191,"[""egolifeqa:asset-372c0267a65f7191"", ""egolifeqa:asset-a7713a6392957e9f""]",2,2,sensor_vqa/raw/egolife/video/A1_JAKE/DAY6/DAY6_A1_JAKE_16430000.mp4,"",sensor_vqa/raw/egolife/imu/A1_JAKE/DAY6/DAY6_A1_JAKE_16430000/DAY6_A1_JAKE_16430000_left.npz,"[""sensor_vqa/raw/egolife/imu/A1_JAKE/DAY6/DAY6_A1_JAKE_16430000/DAY6_A1_JAKE_16430000_left.npz"", ""sensor_vqa/raw/egolife/imu/A1_JAKE/DAY6/DAY6_A1_JAKE_16430000/DAY6_A1_JAKE_16430000_right.npz""]",,,,,0.0,,DAY6@16430403,"[""DAY4@18101315""]","[""imu"", ""rgb""]",true,true,true,ready
2.0,egolifeqa:egolifeqa-a1-jake-441,EgoLifeQA,benchmark,EgoLife,egolifeqa-a1-jake-441,EventRecall,What activity was taking place in the room the last time I saw this whiteboard and projection screen?,"[""Playing piano"", ""Decorating the room"", ""Eating pizza"", ""Discussion""]",3,Discussion,public,"[""DAY6_A1_JAKE_17013000"", ""DAY6_A1_JAKE_15443000""]",egolifeqa:asset-2e49593d1160d479,"[""egolifeqa:asset-2e49593d1160d479"", ""egolifeqa:asset-f1c480d97468b390""]",2,2,sensor_vqa/raw/egolife/video/A1_JAKE/DAY6/DAY6_A1_JAKE_17013000.mp4,"",sensor_vqa/raw/egolife/imu/A1_JAKE/DAY6/DAY6_A1_JAKE_17013000/DAY6_A1_JAKE_17013000_left.npz,"[""sensor_vqa/raw/egolife/imu/A1_JAKE/DAY6/DAY6_A1_JAKE_17013000/DAY6_A1_JAKE_17013000_left.npz"", ""sensor_vqa/raw/egolife/imu/A1_JAKE/DAY6/DAY6_A1_JAKE_17013000/DAY6_A1_JAKE_17013000_right.npz""]",,,,,0.0,,DAY6@17013612,"[""DAY6@15443408""]","[""imu"", ""rgb""]",true,true,true,ready
2.0,egolifeqa:egolifeqa-a1-jake-442,EgoLifeQA,benchmark,EgoLife,egolifeqa-a1-jake-442,EventRecall,"Shure is now asking everyone if they have anything else to auction, what did he auction last time?","[""Pizza"", ""Cardboard Box Puppy"", ""Milk"", ""Power Bank""]",1,Cardboard Box Puppy,public,"[""DAY6_A1_JAKE_17073000"", ""DAY6_A1_JAKE_16430000""]",egolifeqa:asset-98e9fc09f08fec52,"[""egolifeqa:asset-98e9fc09f08fec52"", ""egolifeqa:asset-372c0267a65f7191""]",2,2,sensor_vqa/raw/egolife/video/A1_JAKE/DAY6/DAY6_A1_JAKE_17073000.mp4,"",sensor_vqa/raw/egolife/imu/A1_JAKE/DAY6/DAY6_A1_JAKE_17073000/DAY6_A1_JAKE_17073000_left.npz,"[""sensor_vqa/raw/egolife/imu/A1_JAKE/DAY6/DAY6_A1_JAKE_17073000/DAY6_A1_JAKE_17073000_left.npz"", ""sensor_vqa/raw/egolife/imu/A1_JAKE/DAY6/DAY6_A1_JAKE_17073000/DAY6_A1_JAKE_17073000_right.npz""]",,,,,0.0,,DAY6@17074717,"[""DAY6@16431400""]","[""imu"", ""rgb""]",true,true,true,ready
2.0,egolifeqa:egolifeqa-a1-jake-443,EgoLifeQA,benchmark,EgoLife,egolifeqa-a1-jake-443,EntityLog,Who was the last person to use the computer on the table?,"[""Tasha"", ""Katrina"", ""Alice"", ""I""]",3,I,public,"[""DAY6_A1_JAKE_17083000"", ""DAY6_A1_JAKE_15333000""]",egolifeqa:asset-fa73208589332f1a,"[""egolifeqa:asset-fa73208589332f1a"", ""egolifeqa:asset-8abd60077ef4219f""]",2,2,sensor_vqa/raw/egolife/video/A1_JAKE/DAY6/DAY6_A1_JAKE_17083000.mp4,"",sensor_vqa/raw/egolife/imu/A1_JAKE/DAY6/DAY6_A1_JAKE_17083000/DAY6_A1_JAKE_17083000_left.npz,"[""sensor_vqa/raw/egolife/imu/A1_JAKE/DAY6/DAY6_A1_JAKE_17083000/DAY6_A1_JAKE_17083000_left.npz"", ""sensor_vqa/raw/egolife/imu/A1_JAKE/DAY6/DAY6_A1_JAKE_17083000/DAY6_A1_JAKE_17083000_right.npz""]",,,,,0.0,,DAY6@17083000,"[""DAY6@15334600""]","[""imu"", ""rgb""]",true,true,true,ready
2.0,egolifeqa:egolifeqa-a1-jake-444,EgoLifeQA,benchmark,EgoLife,egolifeqa-a1-jake-444,EntityLog,When was the last time the red refrigerator was opened?,"[""About four hours ago"", ""About eight hours ago"", ""About six hours ago"", ""About one hour ago""]",0,About four hours ago,public,"[""DAY6_A1_JAKE_17103000"", ""DAY6_A1_JAKE_13000000""]",egolifeqa:asset-2d1ef88bf52a5b9e,"[""egolifeqa:asset-2d1ef88bf52a5b9e"", ""egolifeqa:asset-40fed349e6a1e041""]",2,2,sensor_vqa/raw/egolife/video/A1_JAKE/DAY6/DAY6_A1_JAKE_17103000.mp4,"",sensor_vqa/raw/egolife/imu/A1_JAKE/DAY6/DAY6_A1_JAKE_17103000/DAY6_A1_JAKE_17103000_left.npz,"[""sensor_vqa/raw/egolife/imu/A1_JAKE/DAY6/DAY6_A1_JAKE_17103000/DAY6_A1_JAKE_17103000_left.npz"", ""sensor_vqa/raw/egolife/imu/A1_JAKE/DAY6/DAY6_A1_JAKE_17103000/DAY6_A1_JAKE_17103000_right.npz""]",,,,,0.0,,DAY6@17103117,"[""DAY6@13001500""]","[""imu"", ""rgb""]",true,true,true,ready
2.0,egolifeqa:egolifeqa-a1-jake-445,EgoLifeQA,benchmark,EgoLife,egolifeqa-a1-jake-445,EventRecall,When was the last time Alice made this puppy?,"[""The day before yesterday"", ""Today"", ""Two days ago"", ""Yesterday""]",0,The day before yesterday,public,"[""DAY6_A1_JAKE_17170000"", ""DAY4_A1_JAKE_17470000""]",egolifeqa:asset-0a194c71645baf28,"[""egolifeqa:asset-0a194c71645baf28"", ""egolifeqa:asset-427cc912fa0909e0""]",2,2,sensor_vqa/raw/egolife/video/A1_JAKE/DAY6/DAY6_A1_JAKE_17170000.mp4,"",sensor_vqa/raw/egolife/imu/A1_JAKE/DAY6/DAY6_A1_JAKE_17170000/DAY6_A1_JAKE_17170000_left.npz,"[""sensor_vqa/raw/egolife/imu/A1_JAKE/DAY6/DAY6_A1_JAKE_17170000/DAY6_A1_JAKE_17170000_left.npz"", ""sensor_vqa/raw/egolife/imu/A1_JAKE/DAY6/DAY6_A1_JAKE_17170000/DAY6_A1_JAKE_17170000_right.npz""]",,,,,0.0,,DAY6@17170912,"[""DAY4@17470815""]","[""imu"", ""rgb""]",true,true,true,ready
2.0,egolifeqa:egolifeqa-a1-jake-446,EgoLifeQA,benchmark,EgoLife,egolifeqa-a1-jake-446,EntityLog,What was displayed on the computer screen in front of me the last time I ate fruit?,"[""Video"", ""Movie"", ""Dance Video"", ""PPT""]",0,Video,public,"[""DAY6_A1_JAKE_17203000"", ""DAY6_A1_JAKE_17063000""]",egolifeqa:asset-204ebedff40d9772,"[""egolifeqa:asset-204ebedff40d9772"", ""egolifeqa:asset-bf9f286f0d1591be""]",2,2,sensor_vqa/raw/egolife/video/A1_JAKE/DAY6/DAY6_A1_JAKE_17203000.mp4,"",sensor_vqa/raw/egolife/imu/A1_JAKE/DAY6/DAY6_A1_JAKE_17203000/DAY6_A1_JAKE_17203000_left.npz,"[""sensor_vqa/raw/egolife/imu/A1_JAKE/DAY6/DAY6_A1_JAKE_17203000/DAY6_A1_JAKE_17203000_left.npz"", ""sensor_vqa/raw/egolife/imu/A1_JAKE/DAY6/DAY6_A1_JAKE_17203000/DAY6_A1_JAKE_17203000_right.npz""]",,,,,0.0,,DAY6@17205713,"[""DAY6@17065815""]","[""imu"", ""rgb""]",true,true,true,ready
2.0,egolifeqa:egolifeqa-a1-jake-447,EgoLifeQA,benchmark,EgoLife,egolifeqa-a1-jake-447,EntityLog,Whose keyboard is in the room?,"[""Nicous"", ""Choiszt"", ""Alice"", ""Me""]",1,Choiszt,public,"[""DAY6_A1_JAKE_19233000"", ""DAY6_A1_JAKE_12010000""]",egolifeqa:asset-ade232bbd6f36fe5,"[""egolifeqa:asset-ade232bbd6f36fe5"", ""egolifeqa:asset-b5dfe7e5f42daff5""]",2,2,sensor_vqa/raw/egolife/video/A1_JAKE/DAY6/DAY6_A1_JAKE_19233000.mp4,"",sensor_vqa/raw/egolife/imu/A1_JAKE/DAY6/DAY6_A1_JAKE_19233000/DAY6_A1_JAKE_19233000_left.npz,"[""sensor_vqa/raw/egolife/imu/A1_JAKE/DAY6/DAY6_A1_JAKE_19233000/DAY6_A1_JAKE_19233000_left.npz"", ""sensor_vqa/raw/egolife/imu/A1_JAKE/DAY6/DAY6_A1_JAKE_19233000/DAY6_A1_JAKE_19233000_right.npz""]",,,,,0.0,,DAY6@19234602,"[""DAY6@12012400""]","[""imu"", ""rgb""]",true,true,true,ready
2.0,egolifeqa:egolifeqa-a1-jake-448,EgoLifeQA,benchmark,EgoLife,egolifeqa-a1-jake-448,RelationMap,"Shure is playing guitar, who else can play guitar?","[""Lucia and Alice"", ""Me and Tasha"", ""Nicous and Choiszt"", ""Alice and Nicous""]",2,Nicous and Choiszt,public,"[""DAY6_A1_JAKE_19493000"", ""DAY6_A1_JAKE_12060000""]",egolifeqa:asset-fad39d236fa1ef79,"[""egolifeqa:asset-fad39d236fa1ef79"", ""egolifeqa:asset-6fb29f3d2aff1b9d""]",2,2,sensor_vqa/raw/egolife/video/A1_JAKE/DAY6/DAY6_A1_JAKE_19493000.mp4,"",sensor_vqa/raw/egolife/imu/A1_JAKE/DAY6/DAY6_A1_JAKE_19493000/DAY6_A1_JAKE_19493000_left.npz,"[""sensor_vqa/raw/egolife/imu/A1_JAKE/DAY6/DAY6_A1_JAKE_19493000/DAY6_A1_JAKE_19493000_left.npz"", ""sensor_vqa/raw/egolife/imu/A1_JAKE/DAY6/DAY6_A1_JAKE_19493000/DAY6_A1_JAKE_19493000_right.npz""]",,,,,0.0,,DAY6@19494312,"[""DAY6@12062602""]","[""imu"", ""rgb""]",true,true,true,ready
2.0,egolifeqa:egolifeqa-a1-jake-449,EgoLifeQA,benchmark,EgoLife,egolifeqa-a1-jake-449,EventRecall,"We are listening to Shure play and sing now, when was the last time we heard him play and sing?","[""Three days ago"", ""Yesterday"", ""The day before yesterday"", ""Today""]",2,The day before yesterday,public,"[""DAY6_A1_JAKE_19493000"", ""DAY4_A1_JAKE_20583000""]",egolifeqa:asset-fad39d236fa1ef79,"[""egolifeqa:asset-fad39d236fa1ef79"", ""egolifeqa:asset-436901482e9e575f""]",2,2,sensor_vqa/raw/egolife/video/A1_JAKE/DAY6/DAY6_A1_JAKE_19493000.mp4,"",sensor_vqa/raw/egolife/imu/A1_JAKE/DAY6/DAY6_A1_JAKE_19493000/DAY6_A1_JAKE_19493000_left.npz,"[""sensor_vqa/raw/egolife/imu/A1_JAKE/DAY6/DAY6_A1_JAKE_19493000/DAY6_A1_JAKE_19493000_left.npz"", ""sensor_vqa/raw/egolife/imu/A1_JAKE/DAY6/DAY6_A1_JAKE_19493000/DAY6_A1_JAKE_19493000_right.npz""]",,,,,0.0,,DAY6@19494719,"[""DAY4@20585004""]","[""imu"", ""rgb""]",true,true,true,ready
2.0,egolifeqa:egolifeqa-a1-jake-450,EgoLifeQA,benchmark,EgoLife,egolifeqa-a1-jake-450,EventRecall,Why did Katrina ask us to help her punch holes?,"[""Because she was quite busy"", ""Because she was lazy"", ""Because she had something to do"", ""Because she couldn't press it down""]",3,Because she couldn't press it down,public,"[""DAY6_A1_JAKE_20000000"", ""DAY6_A1_JAKE_15260000""]",egolifeqa:asset-f8f89e9b8aed6cfd,"[""egolifeqa:asset-f8f89e9b8aed6cfd"", ""egolifeqa:asset-84f2be6aed952fc9""]",2,2,sensor_vqa/raw/egolife/video/A1_JAKE/DAY6/DAY6_A1_JAKE_20000000.mp4,"",sensor_vqa/raw/egolife/imu/A1_JAKE/DAY6/DAY6_A1_JAKE_20000000/DAY6_A1_JAKE_20000000_left.npz,"[""sensor_vqa/raw/egolife/imu/A1_JAKE/DAY6/DAY6_A1_JAKE_20000000/DAY6_A1_JAKE_20000000_left.npz"", ""sensor_vqa/raw/egolife/imu/A1_JAKE/DAY6/DAY6_A1_JAKE_20000000/DAY6_A1_JAKE_20000000_right.npz""]",,,,,0.0,,DAY6@20000508,"[""DAY6@15260815""]","[""imu"", ""rgb""]",true,true,true,ready
2.0,egolifeqa:egolifeqa-a1-jake-451,EgoLifeQA,benchmark,EgoLife,egolifeqa-a1-jake-451,EventRecall,Why doesn't Tasha pin the pictures in the room on the wall?,"[""Because it's inconvenient"", ""Because it's not allowed"", ""Because it doesn't look good"", ""Because Tasha doesn't like it""]",1,Because it's not allowed,public,"[""DAY6_A1_JAKE_20000000"", ""DAY6_A1_JAKE_12133000""]",egolifeqa:asset-f8f89e9b8aed6cfd,"[""egolifeqa:asset-f8f89e9b8aed6cfd"", ""egolifeqa:asset-01eaad7fbfdf2532""]",2,2,sensor_vqa/raw/egolife/video/A1_JAKE/DAY6/DAY6_A1_JAKE_20000000.mp4,"",sensor_vqa/raw/egolife/imu/A1_JAKE/DAY6/DAY6_A1_JAKE_20000000/DAY6_A1_JAKE_20000000_left.npz,"[""sensor_vqa/raw/egolife/imu/A1_JAKE/DAY6/DAY6_A1_JAKE_20000000/DAY6_A1_JAKE_20000000_left.npz"", ""sensor_vqa/raw/egolife/imu/A1_JAKE/DAY6/DAY6_A1_JAKE_20000000/DAY6_A1_JAKE_20000000_right.npz""]",,,,,0.0,,DAY6@20000510,"[""DAY6@12134510""]","[""imu"", ""rgb""]",true,true,true,ready
2.0,egolifeqa:egolifeqa-a1-jake-452,EgoLifeQA,benchmark,EgoLife,egolifeqa-a1-jake-452,EventRecall,What did Tasha ask me to help her with?,"[""Fold the quilt"", ""Pick up the package"", ""Collect the clothes"", ""Wash the dishes""]",0,Fold the quilt,public,"[""DAY6_A1_JAKE_20000000"", ""DAY6_A1_JAKE_12130000""]",egolifeqa:asset-f8f89e9b8aed6cfd,"[""egolifeqa:asset-f8f89e9b8aed6cfd"", ""egolifeqa:asset-ff53355b1d5e03e9""]",2,2,sensor_vqa/raw/egolife/video/A1_JAKE/DAY6/DAY6_A1_JAKE_20000000.mp4,"",sensor_vqa/raw/egolife/imu/A1_JAKE/DAY6/DAY6_A1_JAKE_20000000/DAY6_A1_JAKE_20000000_left.npz,"[""sensor_vqa/raw/egolife/imu/A1_JAKE/DAY6/DAY6_A1_JAKE_20000000/DAY6_A1_JAKE_20000000_left.npz"", ""sensor_vqa/raw/egolife/imu/A1_JAKE/DAY6/DAY6_A1_JAKE_20000000/DAY6_A1_JAKE_20000000_right.npz""]",,,,,0.0,,DAY6@20000511,"[""DAY6@12130405""]","[""imu"", ""rgb""]",true,true,true,ready
2.0,egolifeqa:egolifeqa-a1-jake-453,EgoLifeQA,benchmark,EgoLife,egolifeqa-a1-jake-453,EventRecall,Why did I ask Tasha to go upstairs with me?,"[""Because I had something I wanted Tasha to help with"", ""Because I wanted Tasha to plug in the cord and then clean up"", ""Because I wanted Tasha to help me look for something"", ""Because I felt lonely being alone""]",1,Because I wanted Tasha to plug in the cord and then clean up,public,"[""DAY6_A1_JAKE_20000000"", ""DAY6_A1_JAKE_12113000"", ""DAY6_A1_JAKE_12113000""]",egolifeqa:asset-f8f89e9b8aed6cfd,"[""egolifeqa:asset-f8f89e9b8aed6cfd"", ""egolifeqa:asset-3b5fda1b1a5870f7""]",2,3,sensor_vqa/raw/egolife/video/A1_JAKE/DAY6/DAY6_A1_JAKE_20000000.mp4,"",sensor_vqa/raw/egolife/imu/A1_JAKE/DAY6/DAY6_A1_JAKE_20000000/DAY6_A1_JAKE_20000000_left.npz,"[""sensor_vqa/raw/egolife/imu/A1_JAKE/DAY6/DAY6_A1_JAKE_20000000/DAY6_A1_JAKE_20000000_left.npz"", ""sensor_vqa/raw/egolife/imu/A1_JAKE/DAY6/DAY6_A1_JAKE_20000000/DAY6_A1_JAKE_20000000_right.npz""]",,,,,0.0,,DAY6@20000512,"[""DAY6@12113804"", ""DAY6@12114006""]","[""imu"", ""rgb""]",true,true,true,ready
2.0,egolifeqa:egolifeqa-a1-jake-454,EgoLifeQA,benchmark,EgoLife,egolifeqa-a1-jake-454,EventRecall,Why didn't Lucia auction the jellyfish lamp?,"[""Because he wanted to save it for later"", ""Because there were no bulbs and the legs weren't stable"", ""Because it couldn't be found"", ""Because he wanted to auction the cardboard puppy""]",1,Because there were no bulbs and the legs weren't stable,public,"[""DAY6_A1_JAKE_20000000"", ""DAY6_A1_JAKE_16430000""]",egolifeqa:asset-f8f89e9b8aed6cfd,"[""egolifeqa:asset-f8f89e9b8aed6cfd"", ""egolifeqa:asset-372c0267a65f7191""]",2,2,sensor_vqa/raw/egolife/video/A1_JAKE/DAY6/DAY6_A1_JAKE_20000000.mp4,"",sensor_vqa/raw/egolife/imu/A1_JAKE/DAY6/DAY6_A1_JAKE_20000000/DAY6_A1_JAKE_20000000_left.npz,"[""sensor_vqa/raw/egolife/imu/A1_JAKE/DAY6/DAY6_A1_JAKE_20000000/DAY6_A1_JAKE_20000000_left.npz"", ""sensor_vqa/raw/egolife/imu/A1_JAKE/DAY6/DAY6_A1_JAKE_20000000/DAY6_A1_JAKE_20000000_right.npz""]",,,,,0.0,,DAY6@20000513,"[""DAY6@16432217""]","[""imu"", ""rgb""]",true,true,true,ready
2.0,egolifeqa:egolifeqa-a1-jake-455,EgoLifeQA,benchmark,EgoLife,egolifeqa-a1-jake-455,EventRecall,"When we were playing below, who didn't participate because they were sick?","[""Tasha"", ""Jack"", ""Lucia"", ""Alice""]",0,Tasha,public,"[""DAY6_A1_JAKE_20000000"", ""DAY6_A1_JAKE_19233000""]",egolifeqa:asset-f8f89e9b8aed6cfd,"[""egolifeqa:asset-f8f89e9b8aed6cfd"", ""egolifeqa:asset-ade232bbd6f36fe5""]",2,2,sensor_vqa/raw/egolife/video/A1_JAKE/DAY6/DAY6_A1_JAKE_20000000.mp4,"",sensor_vqa/raw/egolife/imu/A1_JAKE/DAY6/DAY6_A1_JAKE_20000000/DAY6_A1_JAKE_20000000_left.npz,"[""sensor_vqa/raw/egolife/imu/A1_JAKE/DAY6/DAY6_A1_JAKE_20000000/DAY6_A1_JAKE_20000000_left.npz"", ""sensor_vqa/raw/egolife/imu/A1_JAKE/DAY6/DAY6_A1_JAKE_20000000/DAY6_A1_JAKE_20000000_right.npz""]",,,,,0.0,,DAY6@20000514,"[""DAY6@19235210""]","[""imu"", ""rgb""]",true,true,true,ready
2.0,egolifeqa:egolifeqa-a1-jake-456,EgoLifeQA,benchmark,EgoLife,egolifeqa-a1-jake-456,EventRecall,Why did I go upstairs with Tasha to unplug the multi-socket?,"[""To plug in the speakers in the courtyard"", ""To charge the computer"", ""To charge the phone"", ""To save power""]",0,To plug in the speakers in the courtyard,public,"[""DAY6_A1_JAKE_20070000"", ""DAY6_A1_JAKE_19303000""]",egolifeqa:asset-170ab2f98630e355,"[""egolifeqa:asset-170ab2f98630e355"", ""egolifeqa:asset-f88acce02d187e9b""]",2,2,sensor_vqa/raw/egolife/video/A1_JAKE/DAY6/DAY6_A1_JAKE_20070000.mp4,"",sensor_vqa/raw/egolife/imu/A1_JAKE/DAY6/DAY6_A1_JAKE_20070000/DAY6_A1_JAKE_20070000_left.npz,"[""sensor_vqa/raw/egolife/imu/A1_JAKE/DAY6/DAY6_A1_JAKE_20070000/DAY6_A1_JAKE_20070000_left.npz"", ""sensor_vqa/raw/egolife/imu/A1_JAKE/DAY6/DAY6_A1_JAKE_20070000/DAY6_A1_JAKE_20070000_right.npz""]",,,,,0.0,,DAY6@20070150,"[""DAY6@19305719""]","[""imu"", ""rgb""]",true,true,true,ready
2.0,egolifeqa:egolifeqa-a1-jake-457,EgoLifeQA,benchmark,EgoLife,egolifeqa-a1-jake-457,EventRecall,When was the last time we discussed claw machines?,"[""Yesterday"", ""Two days ago"", ""Three days ago"", ""Half a day ago""]",2,Three days ago,public,"[""DAY6_A1_JAKE_21010000"", ""DAY3_A1_JAKE_15503000""]",egolifeqa:asset-8602348f4449d389,"[""egolifeqa:asset-8602348f4449d389"", ""egolifeqa:asset-700490e24478aafe""]",2,2,sensor_vqa/raw/egolife/video/A1_JAKE/DAY6/DAY6_A1_JAKE_21010000.mp4,"",sensor_vqa/raw/egolife/imu/A1_JAKE/DAY6/DAY6_A1_JAKE_21010000/DAY6_A1_JAKE_21010000_left.npz,"[""sensor_vqa/raw/egolife/imu/A1_JAKE/DAY6/DAY6_A1_JAKE_21010000/DAY6_A1_JAKE_21010000_left.npz"", ""sensor_vqa/raw/egolife/imu/A1_JAKE/DAY6/DAY6_A1_JAKE_21010000/DAY6_A1_JAKE_21010000_right.npz""]",,,,,0.0,,DAY6@21011902,"[""DAY3@15504410""]","[""imu"", ""rgb""]",true,true,true,ready
2.0,egolifeqa:egolifeqa-a1-jake-458,EgoLifeQA,benchmark,EgoLife,egolifeqa-a1-jake-458,RelationMap,Who accompanied Tasha to pick up the package?,"[""Me and Nicous"", ""Me and Katrina"", ""Me and Shure"", ""Me and Alice""]",0,Me and Nicous,public,"[""DAY6_A1_JAKE_21043000"", ""DAY6_A1_JAKE_11130000""]",egolifeqa:asset-b6e1c84a642a2e03,"[""egolifeqa:asset-b6e1c84a642a2e03"", ""egolifeqa:asset-1657163351716bdc""]",2,2,sensor_vqa/raw/egolife/video/A1_JAKE/DAY6/DAY6_A1_JAKE_21043000.mp4,"",sensor_vqa/raw/egolife/imu/A1_JAKE/DAY6/DAY6_A1_JAKE_21043000/DAY6_A1_JAKE_21043000_left.npz,"[""sensor_vqa/raw/egolife/imu/A1_JAKE/DAY6/DAY6_A1_JAKE_21043000/DAY6_A1_JAKE_21043000_left.npz"", ""sensor_vqa/raw/egolife/imu/A1_JAKE/DAY6/DAY6_A1_JAKE_21043000/DAY6_A1_JAKE_21043000_right.npz""]",,,,,0.0,,DAY6@21044818,"[""DAY6@11132518""]","[""imu"", ""rgb""]",true,true,true,ready
2.0,egolifeqa:egolifeqa-a1-jake-459,EgoLifeQA,benchmark,EgoLife,egolifeqa-a1-jake-459,RelationMap,Who was listening nearby when Choiszt was playing the piano?,"[""Nicous and Violet and Shure"", ""Nicous and Shure and Tasha"", ""Me and Shure and Alice"", ""Nicous and Shure and Alice""]",0,Nicous and Violet and Shure,public,"[""DAY6_A1_JAKE_21043000"", ""DAY6_A1_JAKE_12060000""]",egolifeqa:asset-b6e1c84a642a2e03,"[""egolifeqa:asset-b6e1c84a642a2e03"", ""egolifeqa:asset-6fb29f3d2aff1b9d""]",2,2,sensor_vqa/raw/egolife/video/A1_JAKE/DAY6/DAY6_A1_JAKE_21043000.mp4,"",sensor_vqa/raw/egolife/imu/A1_JAKE/DAY6/DAY6_A1_JAKE_21043000/DAY6_A1_JAKE_21043000_left.npz,"[""sensor_vqa/raw/egolife/imu/A1_JAKE/DAY6/DAY6_A1_JAKE_21043000/DAY6_A1_JAKE_21043000_left.npz"", ""sensor_vqa/raw/egolife/imu/A1_JAKE/DAY6/DAY6_A1_JAKE_21043000/DAY6_A1_JAKE_21043000_right.npz""]",,,,,0.0,,DAY6@21044820,"[""DAY6@12062113""]","[""imu"", ""rgb""]",true,true,true,ready
2.0,egolifeqa:egolifeqa-a1-jake-460,EgoLifeQA,benchmark,EgoLife,egolifeqa-a1-jake-460,RelationMap,Who was listening nearby when Choiszt was playing the piano?,"[""Nicous and Violet and Shure"", ""Nicous and Shure and Alice"", ""Me and Shure and Alice"", ""Nicous and Shure and Tasha""]",0,Nicous and Violet and Shure,public,"[""DAY6_A1_JAKE_21043000"", ""DAY6_A1_JAKE_12060000""]",egolifeqa:asset-b6e1c84a642a2e03,"[""egolifeqa:asset-b6e1c84a642a2e03"", ""egolifeqa:asset-6fb29f3d2aff1b9d""]",2,2,sensor_vqa/raw/egolife/video/A1_JAKE/DAY6/DAY6_A1_JAKE_21043000.mp4,"",sensor_vqa/raw/egolife/imu/A1_JAKE/DAY6/DAY6_A1_JAKE_21043000/DAY6_A1_JAKE_21043000_left.npz,"[""sensor_vqa/raw/egolife/imu/A1_JAKE/DAY6/DAY6_A1_JAKE_21043000/DAY6_A1_JAKE_21043000_left.npz"", ""sensor_vqa/raw/egolife/imu/A1_JAKE/DAY6/DAY6_A1_JAKE_21043000/DAY6_A1_JAKE_21043000_right.npz""]",,,,,0.0,,DAY6@21044820,"[""DAY6@12062113""]","[""imu"", ""rgb""]",true,true,true,ready
2.0,egolifeqa:egolifeqa-a1-jake-461,EgoLifeQA,benchmark,EgoLife,egolifeqa-a1-jake-461,RelationMap,Who did I ask to go upstairs with me?,"[""Shure"", ""Katrina"", ""Tasha"", ""Alice""]",2,Tasha,public,"[""DAY6_A1_JAKE_21043000"", ""DAY6_A1_JAKE_12113000""]",egolifeqa:asset-b6e1c84a642a2e03,"[""egolifeqa:asset-b6e1c84a642a2e03"", ""egolifeqa:asset-3b5fda1b1a5870f7""]",2,2,sensor_vqa/raw/egolife/video/A1_JAKE/DAY6/DAY6_A1_JAKE_21043000.mp4,"",sensor_vqa/raw/egolife/imu/A1_JAKE/DAY6/DAY6_A1_JAKE_21043000/DAY6_A1_JAKE_21043000_left.npz,"[""sensor_vqa/raw/egolife/imu/A1_JAKE/DAY6/DAY6_A1_JAKE_21043000/DAY6_A1_JAKE_21043000_left.npz"", ""sensor_vqa/raw/egolife/imu/A1_JAKE/DAY6/DAY6_A1_JAKE_21043000/DAY6_A1_JAKE_21043000_right.npz""]",,,,,0.0,,DAY6@21044821,"[""DAY6@12113609""]","[""imu"", ""rgb""]",true,true,true,ready
2.0,egolifeqa:egolifeqa-a1-jake-462,EgoLifeQA,benchmark,EgoLife,egolifeqa-a1-jake-462,RelationMap,Who did I ask Violet to call down?,"[""Nicous and Tasha"", ""Nicous and Katrina"", ""Nicous and Alice"", ""Nicous and Choiszt""]",3,Nicous and Choiszt,public,"[""DAY6_A1_JAKE_21043000"", ""DAY6_A1_JAKE_13163000""]",egolifeqa:asset-b6e1c84a642a2e03,"[""egolifeqa:asset-b6e1c84a642a2e03"", ""egolifeqa:asset-40e587bde93a5a6a""]",2,2,sensor_vqa/raw/egolife/video/A1_JAKE/DAY6/DAY6_A1_JAKE_21043000.mp4,"",sensor_vqa/raw/egolife/imu/A1_JAKE/DAY6/DAY6_A1_JAKE_21043000/DAY6_A1_JAKE_21043000_left.npz,"[""sensor_vqa/raw/egolife/imu/A1_JAKE/DAY6/DAY6_A1_JAKE_21043000/DAY6_A1_JAKE_21043000_left.npz"", ""sensor_vqa/raw/egolife/imu/A1_JAKE/DAY6/DAY6_A1_JAKE_21043000/DAY6_A1_JAKE_21043000_right.npz""]",,,,,0.0,,DAY6@21044822,"[""DAY6@13164115""]","[""imu"", ""rgb""]",true,true,true,ready
2.0,egolifeqa:egolifeqa-a1-jake-463,EgoLifeQA,benchmark,EgoLife,egolifeqa-a1-jake-463,RelationMap,Who gave the gloves to her when Tasha said she needed them?,"[""Alice"", ""Shure"", ""Me"", ""Lucia""]",3,Lucia,public,"[""DAY6_A1_JAKE_21043000"", ""DAY6_A1_JAKE_16000000""]",egolifeqa:asset-b6e1c84a642a2e03,"[""egolifeqa:asset-b6e1c84a642a2e03"", ""egolifeqa:asset-3b54f59db58af653""]",2,2,sensor_vqa/raw/egolife/video/A1_JAKE/DAY6/DAY6_A1_JAKE_21043000.mp4,"",sensor_vqa/raw/egolife/imu/A1_JAKE/DAY6/DAY6_A1_JAKE_21043000/DAY6_A1_JAKE_21043000_left.npz,"[""sensor_vqa/raw/egolife/imu/A1_JAKE/DAY6/DAY6_A1_JAKE_21043000/DAY6_A1_JAKE_21043000_left.npz"", ""sensor_vqa/raw/egolife/imu/A1_JAKE/DAY6/DAY6_A1_JAKE_21043000/DAY6_A1_JAKE_21043000_right.npz""]",,,,,0.0,,DAY6@21044823,"[""DAY6@16001609""]","[""imu"", ""rgb""]",true,true,true,ready
2.0,egolifeqa:egolifeqa-a1-jake-464,EgoLifeQA,benchmark,EgoLife,egolifeqa-a1-jake-464,RelationMap,"When I asked how many minutes until the desserts could be taken up, who answered me?","[""Alice"", ""Lucia"", ""Shure"", ""Tasha""]",3,Tasha,public,"[""DAY6_A1_JAKE_21043000"", ""DAY6_A1_JAKE_16000000""]",egolifeqa:asset-b6e1c84a642a2e03,"[""egolifeqa:asset-b6e1c84a642a2e03"", ""egolifeqa:asset-3b54f59db58af653""]",2,2,sensor_vqa/raw/egolife/video/A1_JAKE/DAY6/DAY6_A1_JAKE_21043000.mp4,"",sensor_vqa/raw/egolife/imu/A1_JAKE/DAY6/DAY6_A1_JAKE_21043000/DAY6_A1_JAKE_21043000_left.npz,"[""sensor_vqa/raw/egolife/imu/A1_JAKE/DAY6/DAY6_A1_JAKE_21043000/DAY6_A1_JAKE_21043000_left.npz"", ""sensor_vqa/raw/egolife/imu/A1_JAKE/DAY6/DAY6_A1_JAKE_21043000/DAY6_A1_JAKE_21043000_right.npz""]",,,,,0.0,,DAY6@21044824,"[""DAY6@16002408""]","[""imu"", ""rgb""]",true,true,true,ready
2.0,egolifeqa:egolifeqa-a1-jake-465,EgoLifeQA,benchmark,EgoLife,egolifeqa-a1-jake-465,EventRecall,Who introduced the product 'Cardboard Puppy' to everyone?,"[""Me"", ""Shure"", ""Katrina"", ""Lucia""]",3,Lucia,public,"[""DAY6_A1_JAKE_21043000"", ""DAY6_A1_JAKE_16423000""]",egolifeqa:asset-b6e1c84a642a2e03,"[""egolifeqa:asset-b6e1c84a642a2e03"", ""egolifeqa:asset-4e08fbe729da9b71""]",2,2,sensor_vqa/raw/egolife/video/A1_JAKE/DAY6/DAY6_A1_JAKE_21043000.mp4,"",sensor_vqa/raw/egolife/imu/A1_JAKE/DAY6/DAY6_A1_JAKE_21043000/DAY6_A1_JAKE_21043000_left.npz,"[""sensor_vqa/raw/egolife/imu/A1_JAKE/DAY6/DAY6_A1_JAKE_21043000/DAY6_A1_JAKE_21043000_left.npz"", ""sensor_vqa/raw/egolife/imu/A1_JAKE/DAY6/DAY6_A1_JAKE_21043000/DAY6_A1_JAKE_21043000_right.npz""]",,,,,0.0,,DAY6@21044825,"[""DAY6@16425118""]","[""imu"", ""rgb""]",true,true,true,ready
2.0,egolifeqa:egolifeqa-a1-jake-466,EgoLifeQA,benchmark,EgoLife,egolifeqa-a1-jake-466,RelationMap,"When we were downstairs, who was upstairs?","[""Tasha"", ""Lucia"", ""Jack"", ""Shure""]",2,Jack,public,"[""DAY6_A1_JAKE_21043000"", ""DAY6_A1_JAKE_19233000""]",egolifeqa:asset-b6e1c84a642a2e03,"[""egolifeqa:asset-b6e1c84a642a2e03"", ""egolifeqa:asset-ade232bbd6f36fe5""]",2,2,sensor_vqa/raw/egolife/video/A1_JAKE/DAY6/DAY6_A1_JAKE_21043000.mp4,"",sensor_vqa/raw/egolife/imu/A1_JAKE/DAY6/DAY6_A1_JAKE_21043000/DAY6_A1_JAKE_21043000_left.npz,"[""sensor_vqa/raw/egolife/imu/A1_JAKE/DAY6/DAY6_A1_JAKE_21043000/DAY6_A1_JAKE_21043000_left.npz"", ""sensor_vqa/raw/egolife/imu/A1_JAKE/DAY6/DAY6_A1_JAKE_21043000/DAY6_A1_JAKE_21043000_right.npz""]",,,,,0.0,,DAY6@21044826,"[""DAY6@19234016""]","[""imu"", ""rgb""]",true,true,true,ready
2.0,egolifeqa:egolifeqa-a1-jake-467,EgoLifeQA,benchmark,EgoLife,egolifeqa-a1-jake-467,RelationMap,Who didn't participate while we were playing below?,"[""Alice"", ""Shure"", ""Lucia"", ""Tasha""]",3,Tasha,public,"[""DAY6_A1_JAKE_21043000"", ""DAY6_A1_JAKE_19233000""]",egolifeqa:asset-b6e1c84a642a2e03,"[""egolifeqa:asset-b6e1c84a642a2e03"", ""egolifeqa:asset-ade232bbd6f36fe5""]",2,2,sensor_vqa/raw/egolife/video/A1_JAKE/DAY6/DAY6_A1_JAKE_21043000.mp4,"",sensor_vqa/raw/egolife/imu/A1_JAKE/DAY6/DAY6_A1_JAKE_21043000/DAY6_A1_JAKE_21043000_left.npz,"[""sensor_vqa/raw/egolife/imu/A1_JAKE/DAY6/DAY6_A1_JAKE_21043000/DAY6_A1_JAKE_21043000_left.npz"", ""sensor_vqa/raw/egolife/imu/A1_JAKE/DAY6/DAY6_A1_JAKE_21043000/DAY6_A1_JAKE_21043000_right.npz""]",,,,,0.0,,DAY6@21044827,"[""DAY6@19235210""]","[""imu"", ""rgb""]",true,true,true,ready
2.0,egolifeqa:egolifeqa-a1-jake-468,EgoLifeQA,benchmark,EgoLife,egolifeqa-a1-jake-468,HabitInsight,What doesn't Alice like to eat?,"[""Noodles"", ""Burger"", ""Steamed Bun"", ""Dumpling""]",2,Steamed Bun,public,"[""DAY6_A1_JAKE_22040000"", ""DAY5_A1_JAKE_12283000""]",egolifeqa:asset-00f77b83469bd796,"[""egolifeqa:asset-00f77b83469bd796"", ""egolifeqa:asset-abb11ab19fc5e9e4""]",2,2,sensor_vqa/raw/egolife/video/A1_JAKE/DAY6/DAY6_A1_JAKE_22040000.mp4,"",sensor_vqa/raw/egolife/imu/A1_JAKE/DAY6/DAY6_A1_JAKE_22040000/DAY6_A1_JAKE_22040000_left.npz,"[""sensor_vqa/raw/egolife/imu/A1_JAKE/DAY6/DAY6_A1_JAKE_22040000/DAY6_A1_JAKE_22040000_left.npz"", ""sensor_vqa/raw/egolife/imu/A1_JAKE/DAY6/DAY6_A1_JAKE_22040000/DAY6_A1_JAKE_22040000_right.npz""]",,,,,0.0,,DAY6@22042506,"[""DAY5@12284507""]","[""imu"", ""rgb""]",true,true,true,ready
2.0,egolifeqa:egolifeqa-a1-jake-469,EgoLifeQA,benchmark,EgoLife,egolifeqa-a1-jake-469,HabitInsight,What does Tasha like to eat?,"[""Steamed buns"", ""Hamburger"", ""Dumplings"", ""Noodles""]",0,Steamed buns,public,"[""DAY6_A1_JAKE_22040000"", ""DAY5_A1_JAKE_12283000""]",egolifeqa:asset-00f77b83469bd796,"[""egolifeqa:asset-00f77b83469bd796"", ""egolifeqa:asset-abb11ab19fc5e9e4""]",2,2,sensor_vqa/raw/egolife/video/A1_JAKE/DAY6/DAY6_A1_JAKE_22040000.mp4,"",sensor_vqa/raw/egolife/imu/A1_JAKE/DAY6/DAY6_A1_JAKE_22040000/DAY6_A1_JAKE_22040000_left.npz,"[""sensor_vqa/raw/egolife/imu/A1_JAKE/DAY6/DAY6_A1_JAKE_22040000/DAY6_A1_JAKE_22040000_left.npz"", ""sensor_vqa/raw/egolife/imu/A1_JAKE/DAY6/DAY6_A1_JAKE_22040000/DAY6_A1_JAKE_22040000_right.npz""]",,,,,0.0,,DAY6@22042507,"[""DAY5@12284809""]","[""imu"", ""rgb""]",true,true,true,ready
2.0,egolifeqa:egolifeqa-a1-jake-470,EgoLifeQA,benchmark,EgoLife,egolifeqa-a1-jake-470,HabitInsight,What does Katrina like to eat?,"[""Steak"", ""Pizza"", ""Tremella soup"", ""Hamburger""]",2,Tremella soup,public,"[""DAY6_A1_JAKE_22040000"", ""DAY6_A1_JAKE_10193000""]",egolifeqa:asset-00f77b83469bd796,"[""egolifeqa:asset-00f77b83469bd796"", ""egolifeqa:asset-31293e9da44e5c51""]",2,2,sensor_vqa/raw/egolife/video/A1_JAKE/DAY6/DAY6_A1_JAKE_22040000.mp4,"",sensor_vqa/raw/egolife/imu/A1_JAKE/DAY6/DAY6_A1_JAKE_22040000/DAY6_A1_JAKE_22040000_left.npz,"[""sensor_vqa/raw/egolife/imu/A1_JAKE/DAY6/DAY6_A1_JAKE_22040000/DAY6_A1_JAKE_22040000_left.npz"", ""sensor_vqa/raw/egolife/imu/A1_JAKE/DAY6/DAY6_A1_JAKE_22040000/DAY6_A1_JAKE_22040000_right.npz""]",,,,,0.0,,DAY6@22042508,"[""DAY6@10193707""]","[""imu"", ""rgb""]",true,true,true,ready
2.0,egolifeqa:egolifeqa-a1-jake-471,EgoLifeQA,benchmark,EgoLife,egolifeqa-a1-jake-471,HabitInsight,What flavor of porridge does Alice like?,"[""Salty"", ""Thinner"", ""Thicker"", ""Sweet""]",0,Salty,public,"[""DAY6_A1_JAKE_22040000"", ""DAY6_A1_JAKE_10190000""]",egolifeqa:asset-00f77b83469bd796,"[""egolifeqa:asset-00f77b83469bd796"", ""egolifeqa:asset-3b8f7fca5b69e542""]",2,2,sensor_vqa/raw/egolife/video/A1_JAKE/DAY6/DAY6_A1_JAKE_22040000.mp4,"",sensor_vqa/raw/egolife/imu/A1_JAKE/DAY6/DAY6_A1_JAKE_22040000/DAY6_A1_JAKE_22040000_left.npz,"[""sensor_vqa/raw/egolife/imu/A1_JAKE/DAY6/DAY6_A1_JAKE_22040000/DAY6_A1_JAKE_22040000_left.npz"", ""sensor_vqa/raw/egolife/imu/A1_JAKE/DAY6/DAY6_A1_JAKE_22040000/DAY6_A1_JAKE_22040000_right.npz""]",,,,,0.0,,DAY6@22042509,"[""DAY6@10192213""]","[""imu"", ""rgb""]",true,true,true,ready
2.0,egolifeqa:egolifeqa-a1-jake-472,EgoLifeQA,benchmark,EgoLife,egolifeqa-a1-jake-472,EventRecall,How did Choiszt plan to punch holes when he helped with flower pressing?,"[""Clamp with pliers"", ""Cut with scissors"", ""Poke with a pen"", ""Nail with a nail""]",1,Cut with scissors,public,"[""DAY6_A1_JAKE_22100000"", ""DAY6_A1_JAKE_15293000""]",egolifeqa:asset-0e46a3e00a169e4e,"[""egolifeqa:asset-0e46a3e00a169e4e"", ""egolifeqa:asset-fb56c5567cb68924""]",2,2,sensor_vqa/raw/egolife/video/A1_JAKE/DAY6/DAY6_A1_JAKE_22100000.mp4,"",sensor_vqa/raw/egolife/imu/A1_JAKE/DAY6/DAY6_A1_JAKE_22100000/DAY6_A1_JAKE_22100000_left.npz,"[""sensor_vqa/raw/egolife/imu/A1_JAKE/DAY6/DAY6_A1_JAKE_22100000/DAY6_A1_JAKE_22100000_left.npz"", ""sensor_vqa/raw/egolife/imu/A1_JAKE/DAY6/DAY6_A1_JAKE_22100000/DAY6_A1_JAKE_22100000_right.npz""]",,,,,0.0,,DAY6@22101419,"[""DAY6@15294213""]","[""imu"", ""rgb""]",true,true,true,ready
2.0,egolifeqa:egolifeqa-a1-jake-473,EgoLifeQA,benchmark,EgoLife,egolifeqa-a1-jake-473,EventRecall,Why do we conduct the QA activity first during the party?,"[""Because Lucia is not ready"", ""Because this is according to the plan"", ""Because everyone wants to conduct the QA activity first"", ""Because I want to conduct the QA activity first""]",0,Because Lucia is not ready,public,"[""DAY6_A1_JAKE_22100000"", ""DAY6_A1_JAKE_16090000""]",egolifeqa:asset-0e46a3e00a169e4e,"[""egolifeqa:asset-0e46a3e00a169e4e"", ""egolifeqa:asset-8cda52bdd8365f33""]",2,2,sensor_vqa/raw/egolife/video/A1_JAKE/DAY6/DAY6_A1_JAKE_22100000.mp4,"",sensor_vqa/raw/egolife/imu/A1_JAKE/DAY6/DAY6_A1_JAKE_22100000/DAY6_A1_JAKE_22100000_left.npz,"[""sensor_vqa/raw/egolife/imu/A1_JAKE/DAY6/DAY6_A1_JAKE_22100000/DAY6_A1_JAKE_22100000_left.npz"", ""sensor_vqa/raw/egolife/imu/A1_JAKE/DAY6/DAY6_A1_JAKE_22100000/DAY6_A1_JAKE_22100000_right.npz""]",,,,,0.0,,DAY6@22101420,"[""DAY6@16091800""]","[""imu"", ""rgb""]",true,true,true,ready
2.0,egolifeqa:egolifeqa-a1-jake-474,EgoLifeQA,benchmark,EgoLife,egolifeqa-a1-jake-474,EventRecall,What did we plan to do first while Lucia was getting ready to attend the party?,"[""We can have a discussion first"", ""We can watch a movie again"", ""We can eat something first"", ""We can play a game first""]",1,We can watch a movie again,public,"[""DAY6_A1_JAKE_22100000"", ""DAY6_A1_JAKE_16093000""]",egolifeqa:asset-0e46a3e00a169e4e,"[""egolifeqa:asset-0e46a3e00a169e4e"", ""egolifeqa:asset-181020a6da6ab5e7""]",2,2,sensor_vqa/raw/egolife/video/A1_JAKE/DAY6/DAY6_A1_JAKE_22100000.mp4,"",sensor_vqa/raw/egolife/imu/A1_JAKE/DAY6/DAY6_A1_JAKE_22100000/DAY6_A1_JAKE_22100000_left.npz,"[""sensor_vqa/raw/egolife/imu/A1_JAKE/DAY6/DAY6_A1_JAKE_22100000/DAY6_A1_JAKE_22100000_left.npz"", ""sensor_vqa/raw/egolife/imu/A1_JAKE/DAY6/DAY6_A1_JAKE_22100000/DAY6_A1_JAKE_22100000_right.npz""]",,,,,0.0,,DAY6@22101421,"[""DAY6@16094515""]","[""imu"", ""rgb""]",true,true,true,ready
2.0,egolifeqa:egolifeqa-a1-jake-475,EgoLifeQA,benchmark,EgoLife,egolifeqa-a1-jake-475,EntityLog,How many ego coins did Lucia's cardboard puppy finally sell for?,"[""2"", ""4"", ""3"", ""1""]",0,2,public,"[""DAY6_A1_JAKE_22100000"", ""DAY6_A1_JAKE_16443000""]",egolifeqa:asset-0e46a3e00a169e4e,"[""egolifeqa:asset-0e46a3e00a169e4e"", ""egolifeqa:asset-69e21f3b88630901""]",2,2,sensor_vqa/raw/egolife/video/A1_JAKE/DAY6/DAY6_A1_JAKE_22100000.mp4,"",sensor_vqa/raw/egolife/imu/A1_JAKE/DAY6/DAY6_A1_JAKE_22100000/DAY6_A1_JAKE_22100000_left.npz,"[""sensor_vqa/raw/egolife/imu/A1_JAKE/DAY6/DAY6_A1_JAKE_22100000/DAY6_A1_JAKE_22100000_left.npz"", ""sensor_vqa/raw/egolife/imu/A1_JAKE/DAY6/DAY6_A1_JAKE_22100000/DAY6_A1_JAKE_22100000_right.npz""]",,,,,0.0,,DAY6@22101424,"[""DAY6@16443307""]","[""imu"", ""rgb""]",true,true,true,ready
2.0,egolifeqa:egolifeqa-a1-jake-476,EgoLifeQA,benchmark,EgoLife,egolifeqa-a1-jake-476,EntityLog,What is the purpose of ego coins?,"[""Exchange for cash"", ""Auction"", ""Collection"", ""Commemoration""]",1,Auction,public,"[""DAY6_A1_JAKE_22163000"", ""DAY6_A1_JAKE_16080000""]",egolifeqa:asset-054cead063a62458,"[""egolifeqa:asset-054cead063a62458"", ""egolifeqa:asset-e21f77cb1fe7569a""]",2,2,sensor_vqa/raw/egolife/video/A1_JAKE/DAY6/DAY6_A1_JAKE_22163000.mp4,"",sensor_vqa/raw/egolife/imu/A1_JAKE/DAY6/DAY6_A1_JAKE_22163000/DAY6_A1_JAKE_22163000_left.npz,"[""sensor_vqa/raw/egolife/imu/A1_JAKE/DAY6/DAY6_A1_JAKE_22163000/DAY6_A1_JAKE_22163000_left.npz"", ""sensor_vqa/raw/egolife/imu/A1_JAKE/DAY6/DAY6_A1_JAKE_22163000/DAY6_A1_JAKE_22163000_right.npz""]",,,,,0.0,,DAY6@22164902,"[""DAY6@16080304""]","[""imu"", ""rgb""]",true,true,true,ready
2.0,egolifeqa:egolifeqa-a1-jake-477,EgoLifeQA,benchmark,EgoLife,egolifeqa-a1-jake-477,EntityLog,How much is an ego coin worth in RMB?,"[""3 yuan"", ""4 yuan"", ""5 yuan"", ""6 yuan""]",0,3 yuan,public,"[""DAY6_A1_JAKE_22163000"", ""DAY6_A1_JAKE_16150000""]",egolifeqa:asset-054cead063a62458,"[""egolifeqa:asset-054cead063a62458"", ""egolifeqa:asset-1b3c72a43471b411""]",2,2,sensor_vqa/raw/egolife/video/A1_JAKE/DAY6/DAY6_A1_JAKE_22163000.mp4,"",sensor_vqa/raw/egolife/imu/A1_JAKE/DAY6/DAY6_A1_JAKE_22163000/DAY6_A1_JAKE_22163000_left.npz,"[""sensor_vqa/raw/egolife/imu/A1_JAKE/DAY6/DAY6_A1_JAKE_22163000/DAY6_A1_JAKE_22163000_left.npz"", ""sensor_vqa/raw/egolife/imu/A1_JAKE/DAY6/DAY6_A1_JAKE_22163000/DAY6_A1_JAKE_22163000_right.npz""]",,,,,0.0,,DAY6@22164902,"[""DAY6@16152100""]","[""imu"", ""rgb""]",true,true,true,ready
2.0,egolifeqa:egolifeqa-a1-jake-478,EgoLifeQA,benchmark,EgoLife,egolifeqa-a1-jake-478,EventRecall,What was the reward for the QA quiz?,"[""Reward an ego coin"", ""Gift a power bank"", ""Reward Beverage"", ""Reward points""]",0,Reward an ego coin,public,"[""DAY6_A1_JAKE_22163000"", ""DAY6_A1_JAKE_16150000""]",egolifeqa:asset-054cead063a62458,"[""egolifeqa:asset-054cead063a62458"", ""egolifeqa:asset-1b3c72a43471b411""]",2,2,sensor_vqa/raw/egolife/video/A1_JAKE/DAY6/DAY6_A1_JAKE_22163000.mp4,"",sensor_vqa/raw/egolife/imu/A1_JAKE/DAY6/DAY6_A1_JAKE_22163000/DAY6_A1_JAKE_22163000_left.npz,"[""sensor_vqa/raw/egolife/imu/A1_JAKE/DAY6/DAY6_A1_JAKE_22163000/DAY6_A1_JAKE_22163000_left.npz"", ""sensor_vqa/raw/egolife/imu/A1_JAKE/DAY6/DAY6_A1_JAKE_22163000/DAY6_A1_JAKE_22163000_right.npz""]",,,,,0.0,,DAY6@22164902,"[""DAY6@16150401""]","[""imu"", ""rgb""]",true,true,true,ready
2.0,egolifeqa:egolifeqa-a1-jake-479,EgoLifeQA,benchmark,EgoLife,egolifeqa-a1-jake-479,EntityLog,What is the purpose of the glasses we wear?,"[""Allows us to see clearly"", ""Stylish and fashionable"", ""Provide AI assistance"", ""Collect first-person perspective data""]",3,Collect first-person perspective data,public,"[""DAY6_A1_JAKE_22163000"", ""DAY6_A1_JAKE_16020000"", ""DAY6_A1_JAKE_16020000""]",egolifeqa:asset-054cead063a62458,"[""egolifeqa:asset-054cead063a62458"", ""egolifeqa:asset-5c248f81813a4860""]",2,3,sensor_vqa/raw/egolife/video/A1_JAKE/DAY6/DAY6_A1_JAKE_22163000.mp4,"",sensor_vqa/raw/egolife/imu/A1_JAKE/DAY6/DAY6_A1_JAKE_22163000/DAY6_A1_JAKE_22163000_left.npz,"[""sensor_vqa/raw/egolife/imu/A1_JAKE/DAY6/DAY6_A1_JAKE_22163000/DAY6_A1_JAKE_22163000_left.npz"", ""sensor_vqa/raw/egolife/imu/A1_JAKE/DAY6/DAY6_A1_JAKE_22163000/DAY6_A1_JAKE_22163000_right.npz""]",,,,,0.0,,DAY6@22164902,"[""DAY6@16020003"", ""DAY6@16020217""]","[""imu"", ""rgb""]",true,true,true,ready
2.0,egolifeqa:egolifeqa-a1-jake-480,EgoLifeQA,benchmark,EgoLife,egolifeqa-a1-jake-480,TaskMaster,What does Nicous plan to perform?,"[""He plays the piano and Shure sings"", ""He and Shure play the piano together"", ""He and Shure sing together"", ""He sings and Shure plays the piano""]",0,He plays the piano and Shure sings,public,"[""DAY6_A1_JAKE_22163000"", ""DAY6_A1_JAKE_12243000""]",egolifeqa:asset-054cead063a62458,"[""egolifeqa:asset-054cead063a62458"", ""egolifeqa:asset-cdf6678a82f233fe""]",2,2,sensor_vqa/raw/egolife/video/A1_JAKE/DAY6/DAY6_A1_JAKE_22163000.mp4,"",sensor_vqa/raw/egolife/imu/A1_JAKE/DAY6/DAY6_A1_JAKE_22163000/DAY6_A1_JAKE_22163000_left.npz,"[""sensor_vqa/raw/egolife/imu/A1_JAKE/DAY6/DAY6_A1_JAKE_22163000/DAY6_A1_JAKE_22163000_left.npz"", ""sensor_vqa/raw/egolife/imu/A1_JAKE/DAY6/DAY6_A1_JAKE_22163000/DAY6_A1_JAKE_22163000_right.npz""]",,,,,0.0,,DAY6@22164902,"[""DAY6@12244717""]","[""imu"", ""rgb""]",true,true,true,ready
2.0,egolifeqa:egolifeqa-a1-jake-481,EgoLifeQA,benchmark,EgoLife,egolifeqa-a1-jake-481,TaskMaster,What song does Jack plan to sing?,"[""Hate Dream of the Red Chamber"", ""Love Me or Him"", ""Su San Says"", ""Ordinary Friends""]",3,Ordinary Friends,public,"[""DAY6_A1_JAKE_22163000"", ""DAY6_A1_JAKE_15253000""]",egolifeqa:asset-054cead063a62458,"[""egolifeqa:asset-054cead063a62458"", ""egolifeqa:asset-95da316fa2ebd65c""]",2,2,sensor_vqa/raw/egolife/video/A1_JAKE/DAY6/DAY6_A1_JAKE_22163000.mp4,"",sensor_vqa/raw/egolife/imu/A1_JAKE/DAY6/DAY6_A1_JAKE_22163000/DAY6_A1_JAKE_22163000_left.npz,"[""sensor_vqa/raw/egolife/imu/A1_JAKE/DAY6/DAY6_A1_JAKE_22163000/DAY6_A1_JAKE_22163000_left.npz"", ""sensor_vqa/raw/egolife/imu/A1_JAKE/DAY6/DAY6_A1_JAKE_22163000/DAY6_A1_JAKE_22163000_right.npz""]",,,,,0.0,,DAY6@22164902,"[""DAY6@15255211""]","[""imu"", ""rgb""]",true,true,true,ready
2.0,egolifeqa:egolifeqa-a1-jake-482,EgoLifeQA,benchmark,EgoLife,egolifeqa-a1-jake-482,EventRecall,How many times has Shure played the guitar in total?,"[""4 times"", ""2 times"", ""1 time"", ""3 times""]",3,3 times,public,"[""DAY7_A1_JAKE_11583000"", ""DAY4_A1_JAKE_17043000""]",egolifeqa:asset-2566d1d9cdd95477,"[""egolifeqa:asset-2566d1d9cdd95477"", ""egolifeqa:asset-e04aca0c8f7bac21""]",2,2,sensor_vqa/raw/egolife/video/A1_JAKE/DAY7/DAY7_A1_JAKE_11583000.mp4,"",sensor_vqa/raw/egolife/imu/A1_JAKE/DAY7/DAY7_A1_JAKE_11583000/DAY7_A1_JAKE_11583000_left.npz,"[""sensor_vqa/raw/egolife/imu/A1_JAKE/DAY7/DAY7_A1_JAKE_11583000/DAY7_A1_JAKE_11583000_left.npz"", ""sensor_vqa/raw/egolife/imu/A1_JAKE/DAY7/DAY7_A1_JAKE_11583000/DAY7_A1_JAKE_11583000_right.npz""]",,,,,0.0,,DAY7@11584212,"[""DAY4@17044917DAY4_20593813DAY6_19483807""]","[""imu"", ""rgb""]",true,true,true,ready
2.0,egolifeqa:egolifeqa-a1-jake-483,EgoLifeQA,benchmark,EgoLife,egolifeqa-a1-jake-483,EventRecall,What were we eating the last time I clinked glasses with Lucia?,"[""Hotpot"", ""Burger"", ""Braised Pork"", ""Pizza""]",0,Hotpot,public,"[""DAY7_A1_JAKE_12070000"", ""DAY2_A1_JAKE_18360000""]",egolifeqa:asset-d7de8f5a58678abb,"[""egolifeqa:asset-d7de8f5a58678abb"", ""egolifeqa:asset-7d5e05d92c81e479""]",2,2,sensor_vqa/raw/egolife/video/A1_JAKE/DAY7/DAY7_A1_JAKE_12070000.mp4,"",sensor_vqa/raw/egolife/imu/A1_JAKE/DAY7/DAY7_A1_JAKE_12070000/DAY7_A1_JAKE_12070000_left.npz,"[""sensor_vqa/raw/egolife/imu/A1_JAKE/DAY7/DAY7_A1_JAKE_12070000/DAY7_A1_JAKE_12070000_left.npz"", ""sensor_vqa/raw/egolife/imu/A1_JAKE/DAY7/DAY7_A1_JAKE_12070000/DAY7_A1_JAKE_12070000_right.npz""]",,,,,0.0,,DAY7@12072007,"[""DAY2@18361512""]","[""imu"", ""rgb""]",true,true,true,ready
2.0,egolifeqa:egolifeqa-a1-jake-484,EgoLifeQA,benchmark,EgoLife,egolifeqa-a1-jake-484,HabitInsight,Where did we eat most often in the past seven days? How many times?,"[""Ate in the yard 5 times"", ""Ate on the second floor 5 times"", ""Ate in the yard 7 times"", ""Ate on the second floor 7 times""]",3,Ate on the second floor 7 times,public,"[""DAY7_A1_JAKE_12080000"", ""DAY1_A1_JAKE_20460000"", ""DAY1_A1_JAKE_13270000"", ""DAY1_A1_JAKE_18360000"", ""DAY1_A1_JAKE_12073000"", ""DAY1_A1_JAKE_13243000"", ""DAY1_A1_JAKE_18430000"", ""DAY1_A1_JAKE_12100000""]",egolifeqa:asset-9180451de2026f24,"[""egolifeqa:asset-9180451de2026f24"", ""egolifeqa:asset-a82b89d9041c6bce"", ""egolifeqa:asset-a553e301d7a085e5"", ""egolifeqa:asset-06614db3925e0103"", ""egolifeqa:asset-08b41463b92ba8ae"", ""egolifeqa:asset-7ccfc05effee78d6"", ""egolifeqa:asset-37e5e02bf1366c9d"", ""egolifeqa:asset-d80d004a9bacf284""]",8,8,sensor_vqa/raw/egolife/video/A1_JAKE/DAY7/DAY7_A1_JAKE_12080000.mp4,"",sensor_vqa/raw/egolife/imu/A1_JAKE/DAY7/DAY7_A1_JAKE_12080000/DAY7_A1_JAKE_12080000_left.npz,"[""sensor_vqa/raw/egolife/imu/A1_JAKE/DAY7/DAY7_A1_JAKE_12080000/DAY7_A1_JAKE_12080000_left.npz"", ""sensor_vqa/raw/egolife/imu/A1_JAKE/DAY7/DAY7_A1_JAKE_12080000/DAY7_A1_JAKE_12080000_right.npz""]",,,,,0.0,,DAY7@12081517,"[""DAY1@20461818"", ""DAY1@13271217"", ""DAY1@18361603"", ""DAY1@12074405"", ""DAY1@13243917"", ""DAY1@18454219"", ""DAY1@12100105""]","[""imu"", ""rgb""]",true,true,true,ready
2.0,egolifeqa:egolifeqa-a1-jake-485,EgoLifeQA,benchmark,EgoLife,egolifeqa-a1-jake-485,HabitInsight,Who fidgets with items the most during discussions?,"[""Me"", ""Lucia"", ""Tasha"", ""Alice""]",0,Me,public,"[""DAY7_A1_JAKE_12140000"", ""DAY6_A1_JAKE_17073000"", ""DAY6_A1_JAKE_17073000""]",egolifeqa:asset-234fb320cb61b6cf,"[""egolifeqa:asset-234fb320cb61b6cf"", ""egolifeqa:asset-98e9fc09f08fec52""]",2,3,sensor_vqa/raw/egolife/video/A1_JAKE/DAY7/DAY7_A1_JAKE_12140000.mp4,"",sensor_vqa/raw/egolife/imu/A1_JAKE/DAY7/DAY7_A1_JAKE_12140000/DAY7_A1_JAKE_12140000_left.npz,"[""sensor_vqa/raw/egolife/imu/A1_JAKE/DAY7/DAY7_A1_JAKE_12140000/DAY7_A1_JAKE_12140000_left.npz"", ""sensor_vqa/raw/egolife/imu/A1_JAKE/DAY7/DAY7_A1_JAKE_12140000/DAY7_A1_JAKE_12140000_right.npz""]",,,,,0.0,,DAY7@12141402,"[""DAY6@17073200"", ""DAY6@17074101""]","[""imu"", ""rgb""]",true,true,true,ready
2.0,egolifeqa:egolifeqa-a1-jake-486,EgoLifeQA,benchmark,EgoLife,egolifeqa-a1-jake-486,HabitInsight,Who fidgets with items the most during discussions?,"[""Lucia"", ""Me"", ""Tasha"", ""Alice""]",1,Me,public,"[""DAY7_A1_JAKE_12140000"", ""DAY6_A1_JAKE_17073000"", ""DAY6_A1_JAKE_17073000""]",egolifeqa:asset-234fb320cb61b6cf,"[""egolifeqa:asset-234fb320cb61b6cf"", ""egolifeqa:asset-98e9fc09f08fec52""]",2,3,sensor_vqa/raw/egolife/video/A1_JAKE/DAY7/DAY7_A1_JAKE_12140000.mp4,"",sensor_vqa/raw/egolife/imu/A1_JAKE/DAY7/DAY7_A1_JAKE_12140000/DAY7_A1_JAKE_12140000_left.npz,"[""sensor_vqa/raw/egolife/imu/A1_JAKE/DAY7/DAY7_A1_JAKE_12140000/DAY7_A1_JAKE_12140000_left.npz"", ""sensor_vqa/raw/egolife/imu/A1_JAKE/DAY7/DAY7_A1_JAKE_12140000/DAY7_A1_JAKE_12140000_right.npz""]",,,,,0.0,,DAY7@12141402,"[""DAY6@17073200"", ""DAY6@17074101""]","[""imu"", ""rgb""]",true,true,true,ready
2.0,egolifeqa:egolifeqa-a1-jake-487,EgoLifeQA,benchmark,EgoLife,egolifeqa-a1-jake-487,EventRecall,"After Lucia accidentally stained her clothes, whose clothes also got stained?","[""Alice"", ""Katrina"", ""Tasha"", ""Shure""]",0,Alice,public,"[""DAY7_A1_JAKE_12243000"", ""DAY7_A1_JAKE_12130000""]",egolifeqa:asset-7c461581df62241e,"[""egolifeqa:asset-7c461581df62241e"", ""egolifeqa:asset-6d56c4d59020f2d1""]",2,2,sensor_vqa/raw/egolife/video/A1_JAKE/DAY7/DAY7_A1_JAKE_12243000.mp4,"",sensor_vqa/raw/egolife/imu/A1_JAKE/DAY7/DAY7_A1_JAKE_12243000/DAY7_A1_JAKE_12243000_left.npz,"[""sensor_vqa/raw/egolife/imu/A1_JAKE/DAY7/DAY7_A1_JAKE_12243000/DAY7_A1_JAKE_12243000_left.npz"", ""sensor_vqa/raw/egolife/imu/A1_JAKE/DAY7/DAY7_A1_JAKE_12243000/DAY7_A1_JAKE_12243000_right.npz""]",,,,,0.0,,DAY7@12245713,"[""DAY7@12131108""]","[""imu"", ""rgb""]",true,true,true,ready
2.0,egolifeqa:egolifeqa-a1-jake-488,EgoLifeQA,benchmark,EgoLife,egolifeqa-a1-jake-488,EventRecall,"During lunch today, who took a bottle of soda and asked if anyone wanted some?","[""Alice"", ""Katrina"", ""Lucia"", ""Tasha""]",2,Lucia,public,"[""DAY7_A1_JAKE_12350000"", ""DAY7_A1_JAKE_12040000""]",egolifeqa:asset-5b9ffd24c70e377c,"[""egolifeqa:asset-5b9ffd24c70e377c"", ""egolifeqa:asset-b11d41d98990894d""]",2,2,sensor_vqa/raw/egolife/video/A1_JAKE/DAY7/DAY7_A1_JAKE_12350000.mp4,"",sensor_vqa/raw/egolife/imu/A1_JAKE/DAY7/DAY7_A1_JAKE_12350000/DAY7_A1_JAKE_12350000_left.npz,"[""sensor_vqa/raw/egolife/imu/A1_JAKE/DAY7/DAY7_A1_JAKE_12350000/DAY7_A1_JAKE_12350000_left.npz"", ""sensor_vqa/raw/egolife/imu/A1_JAKE/DAY7/DAY7_A1_JAKE_12350000/DAY7_A1_JAKE_12350000_right.npz""]",,,,,0.0,,DAY7@12352501,"[""DAY7@12042710""]","[""imu"", ""rgb""]",true,true,true,ready
2.0,egolifeqa:egolifeqa-a1-jake-489,EgoLifeQA,benchmark,EgoLife,egolifeqa-a1-jake-489,EntityLog,When was the last time watermelons were mentioned?,"[""Yesterday afternoon"", ""Yesterday morning"", ""This morning"", ""The day before yesterday""]",3,The day before yesterday,public,"[""DAY7_A1_JAKE_13523000"", ""DAY5_A1_JAKE_16103000""]",egolifeqa:asset-d7ce16b3ba6cbc20,"[""egolifeqa:asset-d7ce16b3ba6cbc20"", ""egolifeqa:asset-184b91e935183580""]",2,2,sensor_vqa/raw/egolife/video/A1_JAKE/DAY7/DAY7_A1_JAKE_13523000.mp4,"",sensor_vqa/raw/egolife/imu/A1_JAKE/DAY7/DAY7_A1_JAKE_13523000/DAY7_A1_JAKE_13523000_left.npz,"[""sensor_vqa/raw/egolife/imu/A1_JAKE/DAY7/DAY7_A1_JAKE_13523000/DAY7_A1_JAKE_13523000_left.npz"", ""sensor_vqa/raw/egolife/imu/A1_JAKE/DAY7/DAY7_A1_JAKE_13523000/DAY7_A1_JAKE_13523000_right.npz""]",,,,,0.0,,DAY7@13524918,"[""DAY5@16104304""]","[""imu"", ""rgb""]",true,true,true,ready
2.0,egolifeqa:egolifeqa-a1-jake-490,EgoLifeQA,benchmark,EgoLife,egolifeqa-a1-jake-490,RelationMap,"On the first day, when I was lifting the garbage bag, who helped me put the trash from the plate into the garbage bag?","[""Lucia"", ""Katrina"", ""Tasha"", ""Alice""]",3,Alice,public,"[""DAY7_A1_JAKE_13533000"", ""DAY1_A1_JAKE_19203000""]",egolifeqa:asset-448060ed447f04c0,"[""egolifeqa:asset-448060ed447f04c0"", ""egolifeqa:asset-d2c5d05bd613fe5e""]",2,2,sensor_vqa/raw/egolife/video/A1_JAKE/DAY7/DAY7_A1_JAKE_13533000.mp4,"",sensor_vqa/raw/egolife/imu/A1_JAKE/DAY7/DAY7_A1_JAKE_13533000/DAY7_A1_JAKE_13533000_left.npz,"[""sensor_vqa/raw/egolife/imu/A1_JAKE/DAY7/DAY7_A1_JAKE_13533000/DAY7_A1_JAKE_13533000_left.npz"", ""sensor_vqa/raw/egolife/imu/A1_JAKE/DAY7/DAY7_A1_JAKE_13533000/DAY7_A1_JAKE_13533000_right.npz""]",,,,,0.0,,DAY7@13533615,"[""DAY1@19205606""]","[""imu"", ""rgb""]",true,true,true,ready
2.0,egolifeqa:egolifeqa-a1-jake-491,EgoLifeQA,benchmark,EgoLife,egolifeqa-a1-jake-491,EventRecall,"Lucia originally wanted to create several wallets, why did she give up later?","[""Too troublesome"", ""Too expensive"", ""Too risky"", ""Too difficult to operate""]",1,Too expensive,public,"[""DAY7_A1_JAKE_14360000"", ""DAY7_A1_JAKE_13093000""]",egolifeqa:asset-97eb0364b2bd8357,"[""egolifeqa:asset-97eb0364b2bd8357"", ""egolifeqa:asset-cf4de6d565fc5dca""]",2,2,sensor_vqa/raw/egolife/video/A1_JAKE/DAY7/DAY7_A1_JAKE_14360000.mp4,"",sensor_vqa/raw/egolife/imu/A1_JAKE/DAY7/DAY7_A1_JAKE_14360000/DAY7_A1_JAKE_14360000_left.npz,"[""sensor_vqa/raw/egolife/imu/A1_JAKE/DAY7/DAY7_A1_JAKE_14360000/DAY7_A1_JAKE_14360000_left.npz"", ""sensor_vqa/raw/egolife/imu/A1_JAKE/DAY7/DAY7_A1_JAKE_14360000/DAY7_A1_JAKE_14360000_right.npz""]",,,,,0.0,,DAY7@14360018,"[""DAY7@13095602""]","[""imu"", ""rgb""]",true,true,true,ready
2.0,egolifeqa:egolifeqa-a1-jake-492,EgoLifeQA,benchmark,EgoLife,egolifeqa-a1-jake-492,EventRecall,"Now I am washing cups in the kitchen, when was the last time I washed dishes in the kitchen?","[""Last night"", ""The night before yesterday"", ""The afternoon before yesterday"", ""Yesterday at noon""]",3,Yesterday at noon,public,"[""DAY7_A1_JAKE_15050000"", ""DAY6_A1_JAKE_12233000""]",egolifeqa:asset-fd6817fd30a3a89b,"[""egolifeqa:asset-fd6817fd30a3a89b"", ""egolifeqa:asset-04636332d10ecb3d""]",2,2,sensor_vqa/raw/egolife/video/A1_JAKE/DAY7/DAY7_A1_JAKE_15050000.mp4,"",sensor_vqa/raw/egolife/imu/A1_JAKE/DAY7/DAY7_A1_JAKE_15050000/DAY7_A1_JAKE_15050000_left.npz,"[""sensor_vqa/raw/egolife/imu/A1_JAKE/DAY7/DAY7_A1_JAKE_15050000/DAY7_A1_JAKE_15050000_left.npz"", ""sensor_vqa/raw/egolife/imu/A1_JAKE/DAY7/DAY7_A1_JAKE_15050000/DAY7_A1_JAKE_15050000_right.npz""]",,,,,0.0,,DAY7@15051116,"[""DAY6@12234508""]","[""imu"", ""rgb""]",true,true,true,ready
2.0,egolifeqa:egolifeqa-a1-jake-493,EgoLifeQA,benchmark,EgoLife,egolifeqa-a1-jake-493,EventRecall,When was the last time I used my phone to scan the living room with 3D app?,"[""Six days ago"", ""Four days ago"", ""Five days ago"", ""Two days ago""]",2,Five days ago,public,"[""DAY7_A1_JAKE_15130000"", ""DAY2_A1_JAKE_21500000""]",egolifeqa:asset-0810457e1a28d9d3,"[""egolifeqa:asset-0810457e1a28d9d3"", ""egolifeqa:asset-4733b0758e194a58""]",2,2,sensor_vqa/raw/egolife/video/A1_JAKE/DAY7/DAY7_A1_JAKE_15130000.mp4,"",sensor_vqa/raw/egolife/imu/A1_JAKE/DAY7/DAY7_A1_JAKE_15130000/DAY7_A1_JAKE_15130000_left.npz,"[""sensor_vqa/raw/egolife/imu/A1_JAKE/DAY7/DAY7_A1_JAKE_15130000/DAY7_A1_JAKE_15130000_left.npz"", ""sensor_vqa/raw/egolife/imu/A1_JAKE/DAY7/DAY7_A1_JAKE_15130000/DAY7_A1_JAKE_15130000_right.npz""]",,,,,0.0,,DAY7@15132705,"[""DAY2@21501300""]","[""imu"", ""rgb""]",true,true,true,ready
2.0,egolifeqa:egolifeqa-a1-jake-494,EgoLifeQA,benchmark,EgoLife,egolifeqa-a1-jake-494,EventRecall,When was the last time we scratched lottery tickets?,"[""This afternoon"", ""Last night"", ""Yesterday afternoon"", ""The night before yesterday""]",3,The night before yesterday,public,"[""DAY7_A1_JAKE_17350308"", ""DAY5_A1_JAKE_19170000""]",egolifeqa:asset-da74d78241beaa04,"[""egolifeqa:asset-da74d78241beaa04"", ""egolifeqa:asset-c94c823f294587a7""]",2,2,sensor_vqa/raw/egolife/video/A1_JAKE/DAY7/DAY7_A1_JAKE_17350308.mp4,"",sensor_vqa/raw/egolife/imu/A1_JAKE/DAY7/DAY7_A1_JAKE_17350308/DAY7_A1_JAKE_17350308_left.npz,"[""sensor_vqa/raw/egolife/imu/A1_JAKE/DAY7/DAY7_A1_JAKE_17350308/DAY7_A1_JAKE_17350308_left.npz"", ""sensor_vqa/raw/egolife/imu/A1_JAKE/DAY7/DAY7_A1_JAKE_17350308/DAY7_A1_JAKE_17350308_right.npz""]",,,,,0.0,,DAY7@17350904,"[""DAY5@19171600""]","[""imu"", ""rgb""]",true,true,true,ready
2.0,egolifeqa:egolifeqa-a1-jake-495,EgoLifeQA,benchmark,EgoLife,egolifeqa-a1-jake-495,EventRecall,Why do I label the SD cards?,"[""Only for sorting by date"", ""Sort memory cards used by different action cameras"", ""Label the size of different memory cards"", ""Classify different memory cards by date and different machines""]",3,Classify different memory cards by date and different machines,public,"[""DAY7_A1_JAKE_17393000"", ""DAY2_A1_JAKE_13010000"", ""DAY2_A1_JAKE_13080000""]",egolifeqa:asset-e360ea1c9efd95da,"[""egolifeqa:asset-e360ea1c9efd95da"", ""egolifeqa:asset-18b446f3fcee0de8"", ""egolifeqa:asset-10837169df52cb2b""]",3,3,sensor_vqa/raw/egolife/video/A1_JAKE/DAY7/DAY7_A1_JAKE_17393000.mp4,"",sensor_vqa/raw/egolife/imu/A1_JAKE/DAY7/DAY7_A1_JAKE_17393000/DAY7_A1_JAKE_17393000_left.npz,"[""sensor_vqa/raw/egolife/imu/A1_JAKE/DAY7/DAY7_A1_JAKE_17393000/DAY7_A1_JAKE_17393000_left.npz"", ""sensor_vqa/raw/egolife/imu/A1_JAKE/DAY7/DAY7_A1_JAKE_17393000/DAY7_A1_JAKE_17393000_right.npz""]",,,,,0.0,,DAY7@17395355,"[""DAY2@13011707"", ""DAY2@13082007""]","[""imu"", ""rgb""]",true,true,true,ready
2.0,egolifeqa:egolifeqa-a1-jake-496,EgoLifeQA,benchmark,EgoLife,egolifeqa-a1-jake-496,EventRecall,What song did Shure suggest we sing together?,"[""Boundless Oceans, Vast Skies"", ""Unforgettable Tonight"", ""Seven Mile Fragrance"", ""Sunny Day""]",1,Unforgettable Tonight,public,"[""DAY7_A1_JAKE_18043000"", ""DAY6_A1_JAKE_20010000""]",egolifeqa:asset-f92f8075e7243fb1,"[""egolifeqa:asset-f92f8075e7243fb1"", ""egolifeqa:asset-0eb39a0b8e4c4307""]",2,2,sensor_vqa/raw/egolife/video/A1_JAKE/DAY7/DAY7_A1_JAKE_18043000.mp4,"",sensor_vqa/raw/egolife/imu/A1_JAKE/DAY7/DAY7_A1_JAKE_18043000/DAY7_A1_JAKE_18043000_left.npz,"[""sensor_vqa/raw/egolife/imu/A1_JAKE/DAY7/DAY7_A1_JAKE_18043000/DAY7_A1_JAKE_18043000_left.npz"", ""sensor_vqa/raw/egolife/imu/A1_JAKE/DAY7/DAY7_A1_JAKE_18043000/DAY7_A1_JAKE_18043000_right.npz""]",,,,,0.0,,DAY7@18045007,"[""DAY6@20012017""]","[""imu"", ""rgb""]",true,true,true,ready
2.0,egolifeqa:egolifeqa-a1-jake-497,EgoLifeQA,benchmark,EgoLife,egolifeqa-a1-jake-497,EventRecall,When was the last time I paid via phone?,"[""This afternoon"", ""Yesterday afternoon"", ""Last night"", ""The night before yesterday""]",3,The night before yesterday,public,"[""DAY7_A1_JAKE_18060000"", ""DAY5_A1_JAKE_19210000""]",egolifeqa:asset-e22a9a84a9c14b2a,"[""egolifeqa:asset-e22a9a84a9c14b2a"", ""egolifeqa:asset-c1501fa0ddd25982""]",2,2,sensor_vqa/raw/egolife/video/A1_JAKE/DAY7/DAY7_A1_JAKE_18060000.mp4,"",sensor_vqa/raw/egolife/imu/A1_JAKE/DAY7/DAY7_A1_JAKE_18060000/DAY7_A1_JAKE_18060000_left.npz,"[""sensor_vqa/raw/egolife/imu/A1_JAKE/DAY7/DAY7_A1_JAKE_18060000/DAY7_A1_JAKE_18060000_left.npz"", ""sensor_vqa/raw/egolife/imu/A1_JAKE/DAY7/DAY7_A1_JAKE_18060000/DAY7_A1_JAKE_18060000_right.npz""]",,,,,0.0,,DAY7@18060700,"[""DAY5@19210108""]","[""imu"", ""rgb""]",true,true,true,ready
2.0,egolifeqa:egolifeqa-a1-jake-498,EgoLifeQA,benchmark,EgoLife,egolifeqa-a1-jake-498,EventRecall,Who spilled oil on their clothes during lunch?,"[""Lucia, Shure, and Tasha"", ""Lucia, Alice, and Tasha"", ""Me, Lucia, and Tasha"", ""Me, Shure, and Tasha""]",1,"Lucia, Alice, and Tasha",public,"[""DAY7_A1_JAKE_20153000"", ""DAY7_A1_JAKE_12130000"", ""DAY7_A1_JAKE_12130000"", ""DAY7_A1_JAKE_12130000""]",egolifeqa:asset-a20f4bafc063297a,"[""egolifeqa:asset-a20f4bafc063297a"", ""egolifeqa:asset-6d56c4d59020f2d1""]",2,4,sensor_vqa/raw/egolife/video/A1_JAKE/DAY7/DAY7_A1_JAKE_20153000.mp4,"",sensor_vqa/raw/egolife/imu/A1_JAKE/DAY7/DAY7_A1_JAKE_20153000/DAY7_A1_JAKE_20153000_left.npz,"[""sensor_vqa/raw/egolife/imu/A1_JAKE/DAY7/DAY7_A1_JAKE_20153000/DAY7_A1_JAKE_20153000_left.npz"", ""sensor_vqa/raw/egolife/imu/A1_JAKE/DAY7/DAY7_A1_JAKE_20153000/DAY7_A1_JAKE_20153000_right.npz""]",,,,,0.0,,DAY7@20153617,"[""DAY7@12130306"", ""DAY7@12131016"", ""DAY7@12131512""]","[""imu"", ""rgb""]",true,true,true,ready
2.0,egolifeqa:egolifeqa-a1-jake-499,EgoLifeQA,benchmark,EgoLife,egolifeqa-a1-jake-499,EventRecall,Who discovered that our auctioned CP dog was not taken away yesterday?,"[""Me"", ""Alice"", ""Shure"", ""Lucia""]",1,Alice,public,"[""DAY7_A1_JAKE_20153000"", ""DAY7_A1_JAKE_13083000""]",egolifeqa:asset-a20f4bafc063297a,"[""egolifeqa:asset-a20f4bafc063297a"", ""egolifeqa:asset-247072b5cc270269""]",2,2,sensor_vqa/raw/egolife/video/A1_JAKE/DAY7/DAY7_A1_JAKE_20153000.mp4,"",sensor_vqa/raw/egolife/imu/A1_JAKE/DAY7/DAY7_A1_JAKE_20153000/DAY7_A1_JAKE_20153000_left.npz,"[""sensor_vqa/raw/egolife/imu/A1_JAKE/DAY7/DAY7_A1_JAKE_20153000/DAY7_A1_JAKE_20153000_left.npz"", ""sensor_vqa/raw/egolife/imu/A1_JAKE/DAY7/DAY7_A1_JAKE_20153000/DAY7_A1_JAKE_20153000_right.npz""]",,,,,0.0,,DAY7@20153617,"[""DAY7@13085618""]","[""imu"", ""rgb""]",true,true,true,ready
2.0,egolifeqa:egolifeqa-a1-jake-500,EgoLifeQA,benchmark,EgoLife,egolifeqa-a1-jake-500,EventRecall,Who suggested listening to JJ Lin's songs?,"[""Alice"", ""Tasha"", ""Lucia"", ""Me""]",0,Alice,public,"[""DAY7_A1_JAKE_20153000"", ""DAY7_A1_JAKE_13113000""]",egolifeqa:asset-a20f4bafc063297a,"[""egolifeqa:asset-a20f4bafc063297a"", ""egolifeqa:asset-4538c7c4439c41f3""]",2,2,sensor_vqa/raw/egolife/video/A1_JAKE/DAY7/DAY7_A1_JAKE_20153000.mp4,"",sensor_vqa/raw/egolife/imu/A1_JAKE/DAY7/DAY7_A1_JAKE_20153000/DAY7_A1_JAKE_20153000_left.npz,"[""sensor_vqa/raw/egolife/imu/A1_JAKE/DAY7/DAY7_A1_JAKE_20153000/DAY7_A1_JAKE_20153000_left.npz"", ""sensor_vqa/raw/egolife/imu/A1_JAKE/DAY7/DAY7_A1_JAKE_20153000/DAY7_A1_JAKE_20153000_right.npz""]",,,,,0.0,,DAY7@20153617,"[""DAY7@13113102""]","[""imu"", ""rgb""]",true,true,true,ready
